ISO-10303-21;
HEADER;
/* Generated by software containing ST-Developer
 * from STEP Tools, Inc. (www.steptools.com) 
 */

FILE_DESCRIPTION(
/* description */ (''),
/* implementation_level */ '2;1');

FILE_NAME(
/* name */ 
'C:\\Users\\garin\\OneDrive\\\X2\0414043E043A0443043C0435043D0442044B\X0\\\
maze\\\X2\043A04400435043F04510436\X0\_\X2\0434043B044F\X0\_\X2\043C043E0442043E04400430\X0\.
step',
/* time_stamp */ '2026-01-06T16:21:58+03:00',
/* author */ ('garin'),
/* organization */ (''),
/* preprocessor_version */ 'ST-DEVELOPER v19',
/* originating_system */ 'Autodesk Inventor 2023',
/* authorisation */ '');

FILE_SCHEMA (('AUTOMOTIVE_DESIGN { 1 0 10303 214 3 1 1 }'));
ENDSEC;

DATA;
#10=MECHANICAL_DESIGN_GEOMETRIC_PRESENTATION_REPRESENTATION('',(#66,#67,
#68,#69,#70,#71,#72,#73,#74,#75,#76,#77,#78,#79,#80,#81,#82,#83,#84,#85,
#86,#87,#88,#89,#90),#2300);
#11=GEOMETRICALLY_BOUNDED_WIREFRAME_SHAPE_REPRESENTATION('',(#12,#13,#14),
#2299);
#12=GEOMETRIC_CURVE_SET('\X2\042D0441043A04380437\X0\1',(#22,#556,#557,
#558,#23,#24,#25,#26,#27,#18,#19,#561,#20,#28,#21,#29,#564,#30,#565,#31,
#32,#33,#566,#567,#2203,#2204,#2205,#2206,#2207));
#13=GEOMETRIC_CURVE_SET('\X2\042D0441043A04380437\X0\2',(#34,#35,#36,#37,
#38,#39,#40,#41,#42,#43,#44,#45,#46,#47,#48,#49,#568,#569,#570,#571,#572,
#573,#50,#51,#52,#53,#54,#55,#56,#574,#575,#576,#57,#577,#58,#578,#59,#579,
#60,#61,#580,#62,#63,#64,#581,#65,#2286,#2287,#2288,#2289,#2290,#2291,#2292,
#2293,#2294,#2295));
#14=GEOMETRIC_CURVE_SET('\X2\042D0441043A04380437\X0\4',(#2296));
#15=SHAPE_REPRESENTATION_RELATIONSHIP('SRR','None',#2307,#17);
#16=SHAPE_REPRESENTATION_RELATIONSHIP('SRR','None',#2307,#11);
#17=ADVANCED_BREP_SHAPE_REPRESENTATION('',(#91),#2299);
#18=TRIMMED_CURVE('',#559,(#2175,PARAMETER_VALUE(2.32916508752607)),(#2176,
PARAMETER_VALUE(2.64756228954876)),.T.,.PARAMETER.);
#19=TRIMMED_CURVE('',#560,(#2178,PARAMETER_VALUE(5.47075774111586)),(#2179,
PARAMETER_VALUE(6.29556651911508)),.T.,.PARAMETER.);
#20=TRIMMED_CURVE('',#562,(#2182,PARAMETER_VALUE(3.63562301763083)),(#2183,
PARAMETER_VALUE(3.95402021965352)),.T.,.PARAMETER.);
#21=TRIMMED_CURVE('',#563,(#2187,PARAMETER_VALUE(6.2708040952441)),(#2188,
PARAMETER_VALUE(7.09561287324331)),.T.,.PARAMETER.);
#22=POLYLINE('',(#2159,#2160));
#23=POLYLINE('',(#2164,#2165));
#24=POLYLINE('',(#2166,#2167));
#25=POLYLINE('',(#2168,#2169));
#26=POLYLINE('',(#2170,#2171));
#27=POLYLINE('',(#2172,#2173));
#28=POLYLINE('',(#2184,#2185));
#29=POLYLINE('',(#2189,#2190));
#30=POLYLINE('',(#2192,#2193));
#31=POLYLINE('',(#2195,#2196));
#32=POLYLINE('',(#2197,#2198));
#33=POLYLINE('',(#2199,#2200));
#34=POLYLINE('',(#2208,#2209));
#35=POLYLINE('',(#2210,#2211));
#36=POLYLINE('',(#2212,#2213));
#37=POLYLINE('',(#2214,#2215));
#38=POLYLINE('',(#2216,#2217));
#39=POLYLINE('',(#2218,#2219));
#40=POLYLINE('',(#2220,#2221));
#41=POLYLINE('',(#2222,#2223));
#42=POLYLINE('',(#2224,#2225));
#43=POLYLINE('',(#2226,#2227));
#44=POLYLINE('',(#2228,#2229));
#45=POLYLINE('',(#2230,#2231));
#46=POLYLINE('',(#2232,#2233));
#47=POLYLINE('',(#2234,#2235));
#48=POLYLINE('',(#2236,#2237));
#49=POLYLINE('',(#2238,#2239));
#50=POLYLINE('',(#2246,#2247));
#51=POLYLINE('',(#2248,#2249));
#52=POLYLINE('',(#2250,#2251));
#53=POLYLINE('',(#2252,#2253));
#54=POLYLINE('',(#2254,#2255));
#55=POLYLINE('',(#2256,#2257));
#56=POLYLINE('',(#2258,#2259));
#57=POLYLINE('',(#2263,#2264));
#58=POLYLINE('',(#2266,#2267));
#59=POLYLINE('',(#2269,#2270));
#60=POLYLINE('',(#2272,#2273));
#61=POLYLINE('',(#2274,#2275));
#62=POLYLINE('',(#2277,#2278));
#63=POLYLINE('',(#2279,#2280));
#64=POLYLINE('',(#2281,#2282));
#65=POLYLINE('',(#2284,#2285));
#66=STYLED_ITEM('',(#2316),#91);
#67=STYLED_ITEM('',(#2317),#22);
#68=STYLED_ITEM('',(#2317),#26);
#69=STYLED_ITEM('',(#2318),#34);
#70=STYLED_ITEM('',(#2318),#35);
#71=STYLED_ITEM('',(#2317),#36);
#72=STYLED_ITEM('',(#2317),#37);
#73=STYLED_ITEM('',(#2317),#38);
#74=STYLED_ITEM('',(#2318),#39);
#75=STYLED_ITEM('',(#2317),#40);
#76=STYLED_ITEM('',(#2317),#41);
#77=STYLED_ITEM('',(#2317),#42);
#78=STYLED_ITEM('',(#2318),#43);
#79=STYLED_ITEM('',(#2317),#44);
#80=STYLED_ITEM('',(#2317),#45);
#81=STYLED_ITEM('',(#2317),#46);
#82=STYLED_ITEM('',(#2317),#47);
#83=STYLED_ITEM('',(#2317),#48);
#84=STYLED_ITEM('',(#2317),#49);
#85=STYLED_ITEM('',(#2317),#50);
#86=STYLED_ITEM('',(#2317),#51);
#87=STYLED_ITEM('',(#2317),#52);
#88=STYLED_ITEM('',(#2317),#53);
#89=STYLED_ITEM('',(#2317),#54);
#90=STYLED_ITEM('',(#2317),#56);
#91=MANIFOLD_SOLID_BREP('\X2\04220432043504400434043E0435\X0\ \X2\04420435043B043E\X0\1',
#1204);
#92=FACE_BOUND('',#412,.T.);
#93=FACE_BOUND('',#413,.T.);
#94=FACE_BOUND('',#414,.T.);
#95=FACE_BOUND('',#415,.T.);
#96=FACE_BOUND('',#416,.T.);
#97=FACE_BOUND('',#417,.T.);
#98=FACE_BOUND('',#428,.T.);
#99=FACE_BOUND('',#429,.T.);
#100=FACE_BOUND('',#430,.T.);
#101=FACE_BOUND('',#433,.T.);
#102=FACE_BOUND('',#434,.T.);
#103=FACE_BOUND('',#435,.T.);
#104=FACE_BOUND('',#472,.T.);
#105=FACE_BOUND('',#473,.T.);
#106=FACE_BOUND('',#474,.T.);
#107=FACE_BOUND('',#475,.T.);
#108=FACE_BOUND('',#476,.T.);
#109=FACE_BOUND('',#477,.T.);
#110=FACE_BOUND('',#478,.T.);
#111=FACE_BOUND('',#479,.T.);
#112=FACE_BOUND('',#480,.T.);
#113=CONICAL_SURFACE('',#1266,2.5,0.785398163397448);
#114=CONICAL_SURFACE('',#1284,2.5,0.785398163397448);
#115=CONICAL_SURFACE('',#1288,2.5,0.785398163397448);
#116=CONICAL_SURFACE('',#1292,2.5,0.785398163397448);
#117=B_SPLINE_CURVE_WITH_KNOTS('',3,(#1848,#1849,#1850,#1851,#1852,#1853,
#1854,#1855,#1856,#1857,#1858,#1859,#1860,#1861),.UNSPECIFIED.,.F.,.F.,
(4,2,2,2,2,2,4),(-0.188256353818472,-0.160059049992851,-0.128220334326045,
-0.0857076890800303,-0.0438859218918169,0.,0.000618916045426717),
 .UNSPECIFIED.);
#118=B_SPLINE_CURVE_WITH_KNOTS('',3,(#1898,#1899,#1900,#1901,#1902,#1903,
#1904,#1905,#1906,#1907,#1908,#1909),.UNSPECIFIED.,.F.,.F.,(4,2,2,2,2,4),
(0.20731818174558,0.28208120170589,0.3568442216662,0.395399472756583,0.414677098301775,
0.433954723846966),.UNSPECIFIED.);
#119=B_SPLINE_CURVE_WITH_KNOTS('',3,(#1990,#1991,#1992,#1993,#1994,#1995,
#1996,#1997,#1998,#1999),.UNSPECIFIED.,.F.,.F.,(4,2,2,2,4),(0.163456300381244,
0.210178514146925,0.256900727912606,0.294496003944834,0.332091279977063),
 .UNSPECIFIED.);
#120=B_SPLINE_CURVE_WITH_KNOTS('',3,(#2115,#2116,#2117,#2118,#2119,#2120,
#2121,#2122,#2123,#2124,#2125,#2126),.UNSPECIFIED.,.F.,.F.,(4,2,2,2,2,4),
(0.433954723846966,0.453232349392158,0.47250997493735,0.511065226027733,
0.585828245988043,0.660591265948353),.UNSPECIFIED.);
#121=TOROIDAL_SURFACE('',#1246,13.6,1.);
#122=TOROIDAL_SURFACE('',#1259,13.6,1.);
#123=PLANE('',#1236);
#124=PLANE('',#1265);
#125=PLANE('',#1269);
#126=PLANE('',#1299);
#127=PLANE('',#1303);
#128=PLANE('',#1307);
#129=PLANE('',#1311);
#130=PLANE('',#1315);
#131=PLANE('',#1319);
#132=PLANE('',#1320);
#133=PLANE('',#1321);
#134=PLANE('',#1325);
#135=PLANE('',#1329);
#136=PLANE('',#1333);
#137=PLANE('',#1334);
#138=PLANE('',#1338);
#139=PLANE('',#1342);
#140=PLANE('',#1346);
#141=PLANE('',#1352);
#142=PLANE('',#1356);
#143=PLANE('',#1362);
#144=PLANE('',#1363);
#145=PLANE('',#1364);
#146=LINE('',#1811,#221);
#147=LINE('',#1812,#222);
#148=LINE('',#1823,#223);
#149=LINE('',#1831,#224);
#150=LINE('',#1833,#225);
#151=LINE('',#1835,#226);
#152=LINE('',#1843,#227);
#153=LINE('',#1864,#228);
#154=LINE('',#1867,#229);
#155=LINE('',#1870,#230);
#156=LINE('',#1873,#231);
#157=LINE('',#1881,#232);
#158=LINE('',#1884,#233);
#159=LINE('',#1887,#234);
#160=LINE('',#1890,#235);
#161=LINE('',#1910,#236);
#162=LINE('',#1912,#237);
#163=LINE('',#1914,#238);
#164=LINE('',#1916,#239);
#165=LINE('',#1918,#240);
#166=LINE('',#1920,#241);
#167=LINE('',#1921,#242);
#168=LINE('',#1922,#243);
#169=LINE('',#1927,#244);
#170=LINE('',#1932,#245);
#171=LINE('',#1940,#246);
#172=LINE('',#1942,#247);
#173=LINE('',#1944,#248);
#174=LINE('',#1964,#249);
#175=LINE('',#1968,#250);
#176=LINE('',#1972,#251);
#177=LINE('',#1976,#252);
#178=LINE('',#1980,#253);
#179=LINE('',#1984,#254);
#180=LINE('',#1988,#255);
#181=LINE('',#2003,#256);
#182=LINE('',#2009,#257);
#183=LINE('',#2015,#258);
#184=LINE('',#2022,#259);
#185=LINE('',#2029,#260);
#186=LINE('',#2036,#261);
#187=LINE('',#2042,#262);
#188=LINE('',#2044,#263);
#189=LINE('',#2046,#264);
#190=LINE('',#2047,#265);
#191=LINE('',#2051,#266);
#192=LINE('',#2053,#267);
#193=LINE('',#2055,#268);
#194=LINE('',#2056,#269);
#195=LINE('',#2063,#270);
#196=LINE('',#2065,#271);
#197=LINE('',#2067,#272);
#198=LINE('',#2068,#273);
#199=LINE('',#2073,#274);
#200=LINE('',#2077,#275);
#201=LINE('',#2079,#276);
#202=LINE('',#2080,#277);
#203=LINE('',#2088,#278);
#204=LINE('',#2090,#279);
#205=LINE('',#2092,#280);
#206=LINE('',#2093,#281);
#207=LINE('',#2098,#282);
#208=LINE('',#2102,#283);
#209=LINE('',#2104,#284);
#210=LINE('',#2105,#285);
#211=LINE('',#2132,#286);
#212=LINE('',#2139,#287);
#213=LINE('',#2143,#288);
#214=LINE('',#2144,#289);
#215=LINE('',#2146,#290);
#216=LINE('',#2148,#291);
#217=LINE('',#2149,#292);
#218=LINE('',#2151,#293);
#219=LINE('',#2154,#294);
#220=LINE('',#2156,#295);
#221=VECTOR('',#1406,10.);
#222=VECTOR('',#1407,10.);
#223=VECTOR('',#1420,10.);
#224=VECTOR('',#1427,10.);
#225=VECTOR('',#1428,10.);
#226=VECTOR('',#1429,10.);
#227=VECTOR('',#1436,10.);
#228=VECTOR('',#1445,10.);
#229=VECTOR('',#1448,10.);
#230=VECTOR('',#1451,10.);
#231=VECTOR('',#1454,10.);
#232=VECTOR('',#1463,10.);
#233=VECTOR('',#1466,10.);
#234=VECTOR('',#1469,10.);
#235=VECTOR('',#1472,10.);
#236=VECTOR('',#1485,10.);
#237=VECTOR('',#1488,10.);
#238=VECTOR('',#1489,10.);
#239=VECTOR('',#1490,10.);
#240=VECTOR('',#1491,10.);
#241=VECTOR('',#1492,10.);
#242=VECTOR('',#1493,10.);
#243=VECTOR('',#1494,10.);
#244=VECTOR('',#1499,2.5);
#245=VECTOR('',#1504,10.);
#246=VECTOR('',#1511,10.);
#247=VECTOR('',#1512,10.);
#248=VECTOR('',#1513,10.);
#249=VECTOR('',#1536,1.5);
#250=VECTOR('',#1541,2.5);
#251=VECTOR('',#1546,1.5);
#252=VECTOR('',#1551,2.5);
#253=VECTOR('',#1556,1.5);
#254=VECTOR('',#1561,2.5);
#255=VECTOR('',#1566,1.5);
#256=VECTOR('',#1573,4.);
#257=VECTOR('',#1582,4.);
#258=VECTOR('',#1589,2.1);
#259=VECTOR('',#1598,2.1);
#260=VECTOR('',#1607,2.1);
#261=VECTOR('',#1616,2.1);
#262=VECTOR('',#1623,10.);
#263=VECTOR('',#1624,10.);
#264=VECTOR('',#1625,10.);
#265=VECTOR('',#1626,10.);
#266=VECTOR('',#1629,10.);
#267=VECTOR('',#1630,10.);
#268=VECTOR('',#1631,10.);
#269=VECTOR('',#1632,10.);
#270=VECTOR('',#1641,10.);
#271=VECTOR('',#1642,10.);
#272=VECTOR('',#1643,10.);
#273=VECTOR('',#1644,10.);
#274=VECTOR('',#1649,10.);
#275=VECTOR('',#1654,10.);
#276=VECTOR('',#1655,10.);
#277=VECTOR('',#1656,10.);
#278=VECTOR('',#1667,10.);
#279=VECTOR('',#1668,10.);
#280=VECTOR('',#1669,10.);
#281=VECTOR('',#1670,10.);
#282=VECTOR('',#1675,10.);
#283=VECTOR('',#1680,10.);
#284=VECTOR('',#1681,10.);
#285=VECTOR('',#1682,10.);
#286=VECTOR('',#1707,2.1);
#287=VECTOR('',#1716,2.09999999999999);
#288=VECTOR('',#1723,10.);
#289=VECTOR('',#1724,10.);
#290=VECTOR('',#1727,10.);
#291=VECTOR('',#1730,10.);
#292=VECTOR('',#1731,10.);
#293=VECTOR('',#1734,10.);
#294=VECTOR('',#1739,10.);
#295=VECTOR('',#1742,10.);
#296=CYLINDRICAL_SURFACE('',#1231,1.);
#297=CYLINDRICAL_SURFACE('',#1248,1.);
#298=CYLINDRICAL_SURFACE('',#1250,1.);
#299=CYLINDRICAL_SURFACE('',#1252,12.6);
#300=CYLINDRICAL_SURFACE('',#1254,1.);
#301=CYLINDRICAL_SURFACE('',#1257,1.);
#302=CYLINDRICAL_SURFACE('',#1264,1.);
#303=CYLINDRICAL_SURFACE('',#1282,1.5);
#304=CYLINDRICAL_SURFACE('',#1286,1.5);
#305=CYLINDRICAL_SURFACE('',#1290,1.5);
#306=CYLINDRICAL_SURFACE('',#1294,1.5);
#307=CYLINDRICAL_SURFACE('',#1296,12.6);
#308=CYLINDRICAL_SURFACE('',#1297,4.);
#309=CYLINDRICAL_SURFACE('',#1301,4.);
#310=CYLINDRICAL_SURFACE('',#1304,2.1);
#311=CYLINDRICAL_SURFACE('',#1308,2.1);
#312=CYLINDRICAL_SURFACE('',#1312,2.1);
#313=CYLINDRICAL_SURFACE('',#1316,2.1);
#314=CYLINDRICAL_SURFACE('',#1322,2.75);
#315=CYLINDRICAL_SURFACE('',#1326,2.75);
#316=CYLINDRICAL_SURFACE('',#1330,2.75);
#317=CYLINDRICAL_SURFACE('',#1335,2.75);
#318=CYLINDRICAL_SURFACE('',#1339,2.75);
#319=CYLINDRICAL_SURFACE('',#1343,2.75);
#320=CYLINDRICAL_SURFACE('',#1347,1.);
#321=CYLINDRICAL_SURFACE('',#1348,12.6);
#322=CYLINDRICAL_SURFACE('',#1349,2.1);
#323=CYLINDRICAL_SURFACE('',#1353,2.09999999999999);
#324=CYLINDRICAL_SURFACE('',#1357,1.);
#325=CYLINDRICAL_SURFACE('',#1358,47.2677589211682);
#326=CYLINDRICAL_SURFACE('',#1359,1.);
#327=CYLINDRICAL_SURFACE('',#1360,47.2677589211682);
#328=CYLINDRICAL_SURFACE('',#1361,20.257064894964);
#329=CYLINDRICAL_SURFACE('',#1365,20.257064894964);
#330=FACE_OUTER_BOUND('',#396,.T.);
#331=FACE_OUTER_BOUND('',#397,.T.);
#332=FACE_OUTER_BOUND('',#398,.T.);
#333=FACE_OUTER_BOUND('',#399,.T.);
#334=FACE_OUTER_BOUND('',#400,.T.);
#335=FACE_OUTER_BOUND('',#401,.T.);
#336=FACE_OUTER_BOUND('',#402,.T.);
#337=FACE_OUTER_BOUND('',#403,.T.);
#338=FACE_OUTER_BOUND('',#404,.T.);
#339=FACE_OUTER_BOUND('',#405,.T.);
#340=FACE_OUTER_BOUND('',#406,.T.);
#341=FACE_OUTER_BOUND('',#407,.T.);
#342=FACE_OUTER_BOUND('',#408,.T.);
#343=FACE_OUTER_BOUND('',#409,.T.);
#344=FACE_OUTER_BOUND('',#410,.T.);
#345=FACE_OUTER_BOUND('',#411,.T.);
#346=FACE_OUTER_BOUND('',#418,.T.);
#347=FACE_OUTER_BOUND('',#419,.T.);
#348=FACE_OUTER_BOUND('',#420,.T.);
#349=FACE_OUTER_BOUND('',#421,.T.);
#350=FACE_OUTER_BOUND('',#422,.T.);
#351=FACE_OUTER_BOUND('',#423,.T.);
#352=FACE_OUTER_BOUND('',#424,.T.);
#353=FACE_OUTER_BOUND('',#425,.T.);
#354=FACE_OUTER_BOUND('',#426,.T.);
#355=FACE_OUTER_BOUND('',#427,.T.);
#356=FACE_OUTER_BOUND('',#431,.T.);
#357=FACE_OUTER_BOUND('',#432,.T.);
#358=FACE_OUTER_BOUND('',#436,.T.);
#359=FACE_OUTER_BOUND('',#437,.T.);
#360=FACE_OUTER_BOUND('',#438,.T.);
#361=FACE_OUTER_BOUND('',#439,.T.);
#362=FACE_OUTER_BOUND('',#440,.T.);
#363=FACE_OUTER_BOUND('',#441,.T.);
#364=FACE_OUTER_BOUND('',#442,.T.);
#365=FACE_OUTER_BOUND('',#443,.T.);
#366=FACE_OUTER_BOUND('',#444,.T.);
#367=FACE_OUTER_BOUND('',#445,.T.);
#368=FACE_OUTER_BOUND('',#446,.T.);
#369=FACE_OUTER_BOUND('',#447,.T.);
#370=FACE_OUTER_BOUND('',#448,.T.);
#371=FACE_OUTER_BOUND('',#449,.T.);
#372=FACE_OUTER_BOUND('',#450,.T.);
#373=FACE_OUTER_BOUND('',#451,.T.);
#374=FACE_OUTER_BOUND('',#452,.T.);
#375=FACE_OUTER_BOUND('',#453,.T.);
#376=FACE_OUTER_BOUND('',#454,.T.);
#377=FACE_OUTER_BOUND('',#455,.T.);
#378=FACE_OUTER_BOUND('',#456,.T.);
#379=FACE_OUTER_BOUND('',#457,.T.);
#380=FACE_OUTER_BOUND('',#458,.T.);
#381=FACE_OUTER_BOUND('',#459,.T.);
#382=FACE_OUTER_BOUND('',#460,.T.);
#383=FACE_OUTER_BOUND('',#461,.T.);
#384=FACE_OUTER_BOUND('',#462,.T.);
#385=FACE_OUTER_BOUND('',#463,.T.);
#386=FACE_OUTER_BOUND('',#464,.T.);
#387=FACE_OUTER_BOUND('',#465,.T.);
#388=FACE_OUTER_BOUND('',#466,.T.);
#389=FACE_OUTER_BOUND('',#467,.T.);
#390=FACE_OUTER_BOUND('',#468,.T.);
#391=FACE_OUTER_BOUND('',#469,.T.);
#392=FACE_OUTER_BOUND('',#470,.T.);
#393=FACE_OUTER_BOUND('',#471,.T.);
#394=FACE_OUTER_BOUND('',#481,.T.);
#395=FACE_OUTER_BOUND('',#482,.T.);
#396=EDGE_LOOP('',(#831,#832,#833));
#397=EDGE_LOOP('',(#834,#835,#836,#837));
#398=EDGE_LOOP('',(#838,#839,#840));
#399=EDGE_LOOP('',(#841,#842,#843,#844,#845,#846,#847,#848,#849,#850,#851,
#852,#853,#854,#855));
#400=EDGE_LOOP('',(#856,#857,#858,#859));
#401=EDGE_LOOP('',(#860,#861,#862,#863));
#402=EDGE_LOOP('',(#864,#865,#866,#867,#868));
#403=EDGE_LOOP('',(#869,#870,#871,#872));
#404=EDGE_LOOP('',(#873,#874,#875,#876));
#405=EDGE_LOOP('',(#877,#878,#879,#880));
#406=EDGE_LOOP('',(#881,#882,#883,#884));
#407=EDGE_LOOP('',(#885,#886,#887));
#408=EDGE_LOOP('',(#888,#889,#890,#891));
#409=EDGE_LOOP('',(#892,#893,#894,#895,#896,#897,#898,#899,#900,#901,#902,
#903,#904,#905));
#410=EDGE_LOOP('',(#906,#907,#908,#909));
#411=EDGE_LOOP('',(#910,#911,#912,#913,#914,#915,#916,#917,#918,#919,#920,
#921));
#412=EDGE_LOOP('',(#922));
#413=EDGE_LOOP('',(#923));
#414=EDGE_LOOP('',(#924));
#415=EDGE_LOOP('',(#925));
#416=EDGE_LOOP('',(#926));
#417=EDGE_LOOP('',(#927));
#418=EDGE_LOOP('',(#928,#929,#930,#931));
#419=EDGE_LOOP('',(#932,#933,#934,#935));
#420=EDGE_LOOP('',(#936,#937,#938,#939));
#421=EDGE_LOOP('',(#940,#941,#942,#943));
#422=EDGE_LOOP('',(#944,#945,#946,#947));
#423=EDGE_LOOP('',(#948,#949,#950,#951));
#424=EDGE_LOOP('',(#952,#953,#954,#955));
#425=EDGE_LOOP('',(#956,#957,#958));
#426=EDGE_LOOP('',(#959,#960,#961,#962));
#427=EDGE_LOOP('',(#963,#964,#965,#966));
#428=EDGE_LOOP('',(#967));
#429=EDGE_LOOP('',(#968));
#430=EDGE_LOOP('',(#969));
#431=EDGE_LOOP('',(#970,#971,#972,#973));
#432=EDGE_LOOP('',(#974,#975,#976,#977));
#433=EDGE_LOOP('',(#978));
#434=EDGE_LOOP('',(#979));
#435=EDGE_LOOP('',(#980));
#436=EDGE_LOOP('',(#981,#982,#983,#984));
#437=EDGE_LOOP('',(#985));
#438=EDGE_LOOP('',(#986,#987,#988,#989));
#439=EDGE_LOOP('',(#990));
#440=EDGE_LOOP('',(#991,#992,#993,#994));
#441=EDGE_LOOP('',(#995));
#442=EDGE_LOOP('',(#996,#997,#998,#999));
#443=EDGE_LOOP('',(#1000));
#444=EDGE_LOOP('',(#1001,#1002,#1003,#1004));
#445=EDGE_LOOP('',(#1005,#1006,#1007,#1008));
#446=EDGE_LOOP('',(#1009,#1010,#1011,#1012));
#447=EDGE_LOOP('',(#1013,#1014,#1015,#1016));
#448=EDGE_LOOP('',(#1017,#1018,#1019,#1020));
#449=EDGE_LOOP('',(#1021,#1022,#1023,#1024));
#450=EDGE_LOOP('',(#1025,#1026,#1027,#1028));
#451=EDGE_LOOP('',(#1029,#1030,#1031,#1032));
#452=EDGE_LOOP('',(#1033,#1034,#1035,#1036));
#453=EDGE_LOOP('',(#1037,#1038,#1039,#1040));
#454=EDGE_LOOP('',(#1041,#1042,#1043,#1044));
#455=EDGE_LOOP('',(#1045,#1046,#1047,#1048));
#456=EDGE_LOOP('',(#1049,#1050,#1051,#1052));
#457=EDGE_LOOP('',(#1053,#1054,#1055,#1056));
#458=EDGE_LOOP('',(#1057,#1058,#1059,#1060));
#459=EDGE_LOOP('',(#1061,#1062,#1063,#1064));
#460=EDGE_LOOP('',(#1065,#1066,#1067,#1068));
#461=EDGE_LOOP('',(#1069,#1070,#1071,#1072));
#462=EDGE_LOOP('',(#1073));
#463=EDGE_LOOP('',(#1074,#1075,#1076,#1077));
#464=EDGE_LOOP('',(#1078));
#465=EDGE_LOOP('',(#1079,#1080,#1081,#1082));
#466=EDGE_LOOP('',(#1083,#1084,#1085,#1086));
#467=EDGE_LOOP('',(#1087,#1088,#1089,#1090));
#468=EDGE_LOOP('',(#1091,#1092,#1093,#1094));
#469=EDGE_LOOP('',(#1095,#1096,#1097,#1098,#1099,#1100));
#470=EDGE_LOOP('',(#1101,#1102,#1103,#1104));
#471=EDGE_LOOP('',(#1105,#1106,#1107,#1108));
#472=EDGE_LOOP('',(#1109));
#473=EDGE_LOOP('',(#1110));
#474=EDGE_LOOP('',(#1111));
#475=EDGE_LOOP('',(#1112));
#476=EDGE_LOOP('',(#1113,#1114,#1115,#1116));
#477=EDGE_LOOP('',(#1117,#1118,#1119,#1120));
#478=EDGE_LOOP('',(#1121,#1122,#1123,#1124));
#479=EDGE_LOOP('',(#1125));
#480=EDGE_LOOP('',(#1126));
#481=EDGE_LOOP('',(#1127,#1128,#1129,#1130));
#482=EDGE_LOOP('',(#1131,#1132,#1133,#1134));
#483=CIRCLE('',#1228,1.);
#484=CIRCLE('',#1229,1.);
#485=CIRCLE('',#1230,1.);
#486=CIRCLE('',#1232,1.);
#487=CIRCLE('',#1234,1.);
#488=CIRCLE('',#1235,1.);
#489=CIRCLE('',#1237,13.6);
#490=CIRCLE('',#1238,1.);
#491=CIRCLE('',#1239,20.257064894964);
#492=CIRCLE('',#1240,47.2677589211682);
#493=CIRCLE('',#1241,1.);
#494=CIRCLE('',#1242,1.);
#495=CIRCLE('',#1243,47.2677589211682);
#496=CIRCLE('',#1244,20.257064894964);
#497=CIRCLE('',#1245,13.6);
#498=CIRCLE('',#1247,12.6);
#499=CIRCLE('',#1249,1.);
#500=CIRCLE('',#1251,1.);
#501=CIRCLE('',#1253,12.6);
#502=CIRCLE('',#1255,0.999999999999999);
#503=CIRCLE('',#1256,1.);
#504=CIRCLE('',#1258,1.);
#505=CIRCLE('',#1260,1.);
#506=CIRCLE('',#1261,12.6);
#507=CIRCLE('',#1263,1.);
#508=CIRCLE('',#1267,1.5);
#509=CIRCLE('',#1268,3.5);
#510=CIRCLE('',#1270,20.257064894964);
#511=CIRCLE('',#1271,47.2677589211682);
#512=CIRCLE('',#1272,1.);
#513=CIRCLE('',#1273,1.);
#514=CIRCLE('',#1274,47.2677589211682);
#515=CIRCLE('',#1275,20.257064894964);
#516=CIRCLE('',#1276,12.6);
#517=CIRCLE('',#1277,3.5);
#518=CIRCLE('',#1278,3.5);
#519=CIRCLE('',#1279,4.);
#520=CIRCLE('',#1280,4.);
#521=CIRCLE('',#1281,3.5);
#522=CIRCLE('',#1283,1.5);
#523=CIRCLE('',#1285,1.5);
#524=CIRCLE('',#1287,1.5);
#525=CIRCLE('',#1289,1.5);
#526=CIRCLE('',#1291,1.5);
#527=CIRCLE('',#1293,1.5);
#528=CIRCLE('',#1295,1.5);
#529=CIRCLE('',#1298,4.);
#530=CIRCLE('',#1300,12.6);
#531=CIRCLE('',#1302,4.);
#532=CIRCLE('',#1305,2.1);
#533=CIRCLE('',#1306,2.1);
#534=CIRCLE('',#1309,2.1);
#535=CIRCLE('',#1310,2.1);
#536=CIRCLE('',#1313,2.1);
#537=CIRCLE('',#1314,2.1);
#538=CIRCLE('',#1317,2.1);
#539=CIRCLE('',#1318,2.1);
#540=CIRCLE('',#1323,2.75);
#541=CIRCLE('',#1324,2.75);
#542=CIRCLE('',#1327,2.75);
#543=CIRCLE('',#1328,2.75);
#544=CIRCLE('',#1331,2.75);
#545=CIRCLE('',#1332,2.75);
#546=CIRCLE('',#1336,2.75);
#547=CIRCLE('',#1337,2.75);
#548=CIRCLE('',#1340,2.75);
#549=CIRCLE('',#1341,2.75);
#550=CIRCLE('',#1344,2.75);
#551=CIRCLE('',#1345,2.75);
#552=CIRCLE('',#1350,2.1);
#553=CIRCLE('',#1351,2.1);
#554=CIRCLE('',#1354,2.09999999999999);
#555=CIRCLE('',#1355,2.09999999999999);
#556=CIRCLE('',#1366,1.5);
#557=CIRCLE('',#1367,1.5);
#558=CIRCLE('',#1368,4.);
#559=CIRCLE('',#1369,20.257064894964);
#560=CIRCLE('',#1370,47.2677589211682);
#561=CIRCLE('',#1371,1.5);
#562=CIRCLE('',#1372,20.257064894964);
#563=CIRCLE('',#1373,47.2677589211682);
#564=CIRCLE('',#1374,4.);
#565=CIRCLE('',#1375,1.5);
#566=CIRCLE('',#1376,12.6);
#567=CIRCLE('',#1377,12.6);
#568=CIRCLE('',#1378,2.1);
#569=CIRCLE('',#1379,2.1);
#570=CIRCLE('',#1380,2.09999999999999);
#571=CIRCLE('',#1381,2.1);
#572=CIRCLE('',#1382,2.1);
#573=CIRCLE('',#1383,2.1);
#574=CIRCLE('',#1384,2.75);
#575=CIRCLE('',#1385,1.49999999999999);
#576=CIRCLE('',#1386,1.5);
#577=CIRCLE('',#1387,2.75);
#578=CIRCLE('',#1388,2.75);
#579=CIRCLE('',#1389,2.75);
#580=CIRCLE('',#1390,2.75);
#581=CIRCLE('',#1391,2.75);
#582=VERTEX_POINT('',#1801);
#583=VERTEX_POINT('',#1802);
#584=VERTEX_POINT('',#1804);
#585=VERTEX_POINT('',#1808);
#586=VERTEX_POINT('',#1809);
#587=VERTEX_POINT('',#1814);
#588=VERTEX_POINT('',#1818);
#589=VERTEX_POINT('',#1820);
#590=VERTEX_POINT('',#1822);
#591=VERTEX_POINT('',#1824);
#592=VERTEX_POINT('',#1826);
#593=VERTEX_POINT('',#1828);
#594=VERTEX_POINT('',#1830);
#595=VERTEX_POINT('',#1832);
#596=VERTEX_POINT('',#1834);
#597=VERTEX_POINT('',#1836);
#598=VERTEX_POINT('',#1838);
#599=VERTEX_POINT('',#1840);
#600=VERTEX_POINT('',#1842);
#601=VERTEX_POINT('',#1846);
#602=VERTEX_POINT('',#1863);
#603=VERTEX_POINT('',#1865);
#604=VERTEX_POINT('',#1869);
#605=VERTEX_POINT('',#1871);
#606=VERTEX_POINT('',#1877);
#607=VERTEX_POINT('',#1878);
#608=VERTEX_POINT('',#1880);
#609=VERTEX_POINT('',#1882);
#610=VERTEX_POINT('',#1886);
#611=VERTEX_POINT('',#1888);
#612=VERTEX_POINT('',#1897);
#613=VERTEX_POINT('',#1913);
#614=VERTEX_POINT('',#1915);
#615=VERTEX_POINT('',#1917);
#616=VERTEX_POINT('',#1919);
#617=VERTEX_POINT('',#1924);
#618=VERTEX_POINT('',#1926);
#619=VERTEX_POINT('',#1930);
#620=VERTEX_POINT('',#1931);
#621=VERTEX_POINT('',#1933);
#622=VERTEX_POINT('',#1935);
#623=VERTEX_POINT('',#1937);
#624=VERTEX_POINT('',#1939);
#625=VERTEX_POINT('',#1941);
#626=VERTEX_POINT('',#1943);
#627=VERTEX_POINT('',#1945);
#628=VERTEX_POINT('',#1947);
#629=VERTEX_POINT('',#1951);
#630=VERTEX_POINT('',#1953);
#631=VERTEX_POINT('',#1955);
#632=VERTEX_POINT('',#1957);
#633=VERTEX_POINT('',#1959);
#634=VERTEX_POINT('',#1962);
#635=VERTEX_POINT('',#1966);
#636=VERTEX_POINT('',#1970);
#637=VERTEX_POINT('',#1974);
#638=VERTEX_POINT('',#1978);
#639=VERTEX_POINT('',#1982);
#640=VERTEX_POINT('',#1986);
#641=VERTEX_POINT('',#2001);
#642=VERTEX_POINT('',#2007);
#643=VERTEX_POINT('',#2012);
#644=VERTEX_POINT('',#2014);
#645=VERTEX_POINT('',#2019);
#646=VERTEX_POINT('',#2021);
#647=VERTEX_POINT('',#2026);
#648=VERTEX_POINT('',#2028);
#649=VERTEX_POINT('',#2033);
#650=VERTEX_POINT('',#2035);
#651=VERTEX_POINT('',#2040);
#652=VERTEX_POINT('',#2041);
#653=VERTEX_POINT('',#2043);
#654=VERTEX_POINT('',#2045);
#655=VERTEX_POINT('',#2049);
#656=VERTEX_POINT('',#2050);
#657=VERTEX_POINT('',#2052);
#658=VERTEX_POINT('',#2054);
#659=VERTEX_POINT('',#2061);
#660=VERTEX_POINT('',#2062);
#661=VERTEX_POINT('',#2064);
#662=VERTEX_POINT('',#2066);
#663=VERTEX_POINT('',#2070);
#664=VERTEX_POINT('',#2072);
#665=VERTEX_POINT('',#2076);
#666=VERTEX_POINT('',#2078);
#667=VERTEX_POINT('',#2086);
#668=VERTEX_POINT('',#2087);
#669=VERTEX_POINT('',#2089);
#670=VERTEX_POINT('',#2091);
#671=VERTEX_POINT('',#2095);
#672=VERTEX_POINT('',#2097);
#673=VERTEX_POINT('',#2101);
#674=VERTEX_POINT('',#2103);
#675=VERTEX_POINT('',#2129);
#676=VERTEX_POINT('',#2131);
#677=VERTEX_POINT('',#2136);
#678=VERTEX_POINT('',#2138);
#679=EDGE_CURVE('',#582,#583,#483,.T.);
#680=EDGE_CURVE('',#583,#584,#484,.T.);
#681=EDGE_CURVE('',#584,#582,#485,.T.);
#682=EDGE_CURVE('',#585,#586,#486,.T.);
#683=EDGE_CURVE('',#586,#583,#146,.T.);
#684=EDGE_CURVE('',#582,#585,#147,.T.);
#685=EDGE_CURVE('',#585,#587,#487,.T.);
#686=EDGE_CURVE('',#587,#586,#488,.T.);
#687=EDGE_CURVE('',#588,#582,#489,.T.);
#688=EDGE_CURVE('',#589,#588,#490,.T.);
#689=EDGE_CURVE('',#589,#590,#148,.T.);
#690=EDGE_CURVE('',#590,#591,#491,.T.);
#691=EDGE_CURVE('',#591,#592,#492,.T.);
#692=EDGE_CURVE('',#593,#592,#493,.T.);
#693=EDGE_CURVE('',#593,#594,#149,.T.);
#694=EDGE_CURVE('',#594,#595,#150,.T.);
#695=EDGE_CURVE('',#595,#596,#151,.T.);
#696=EDGE_CURVE('',#597,#596,#494,.T.);
#697=EDGE_CURVE('',#597,#598,#495,.T.);
#698=EDGE_CURVE('',#598,#599,#496,.T.);
#699=EDGE_CURVE('',#600,#599,#152,.T.);
#700=EDGE_CURVE('',#585,#600,#497,.T.);
#701=EDGE_CURVE('',#584,#601,#498,.T.);
#702=EDGE_CURVE('',#588,#601,#117,.T.);
#703=EDGE_CURVE('',#583,#602,#153,.T.);
#704=EDGE_CURVE('',#602,#603,#499,.F.);
#705=EDGE_CURVE('',#603,#584,#154,.T.);
#706=EDGE_CURVE('',#601,#604,#155,.T.);
#707=EDGE_CURVE('',#604,#605,#500,.F.);
#708=EDGE_CURVE('',#605,#589,#156,.T.);
#709=EDGE_CURVE('',#603,#604,#501,.T.);
#710=EDGE_CURVE('',#606,#607,#502,.T.);
#711=EDGE_CURVE('',#607,#608,#157,.T.);
#712=EDGE_CURVE('',#608,#609,#503,.F.);
#713=EDGE_CURVE('',#609,#606,#158,.T.);
#714=EDGE_CURVE('',#587,#610,#159,.T.);
#715=EDGE_CURVE('',#610,#611,#504,.F.);
#716=EDGE_CURVE('',#611,#586,#160,.T.);
#717=EDGE_CURVE('',#600,#606,#505,.T.);
#718=EDGE_CURVE('',#606,#587,#506,.T.);
#719=EDGE_CURVE('',#600,#607,#507,.T.);
#720=EDGE_CURVE('',#599,#612,#118,.T.);
#721=EDGE_CURVE('',#612,#607,#161,.T.);
#722=EDGE_CURVE('',#608,#611,#162,.T.);
#723=EDGE_CURVE('',#613,#612,#163,.T.);
#724=EDGE_CURVE('',#614,#613,#164,.T.);
#725=EDGE_CURVE('',#615,#614,#165,.T.);
#726=EDGE_CURVE('',#615,#616,#166,.T.);
#727=EDGE_CURVE('',#616,#590,#167,.T.);
#728=EDGE_CURVE('',#602,#605,#168,.T.);
#729=EDGE_CURVE('',#617,#617,#508,.T.);
#730=EDGE_CURVE('',#617,#618,#169,.T.);
#731=EDGE_CURVE('',#618,#618,#509,.T.);
#732=EDGE_CURVE('',#619,#620,#170,.T.);
#733=EDGE_CURVE('',#621,#619,#510,.T.);
#734=EDGE_CURVE('',#622,#621,#511,.T.);
#735=EDGE_CURVE('',#623,#622,#512,.T.);
#736=EDGE_CURVE('',#624,#623,#171,.T.);
#737=EDGE_CURVE('',#625,#624,#172,.T.);
#738=EDGE_CURVE('',#626,#625,#173,.T.);
#739=EDGE_CURVE('',#627,#626,#513,.T.);
#740=EDGE_CURVE('',#628,#627,#514,.T.);
#741=EDGE_CURVE('',#616,#628,#515,.T.);
#742=EDGE_CURVE('',#620,#615,#516,.T.);
#743=EDGE_CURVE('',#629,#629,#517,.T.);
#744=EDGE_CURVE('',#630,#630,#518,.T.);
#745=EDGE_CURVE('',#631,#631,#519,.T.);
#746=EDGE_CURVE('',#632,#632,#520,.T.);
#747=EDGE_CURVE('',#633,#633,#521,.T.);
#748=EDGE_CURVE('',#634,#634,#522,.T.);
#749=EDGE_CURVE('',#634,#617,#174,.T.);
#750=EDGE_CURVE('',#635,#635,#523,.T.);
#751=EDGE_CURVE('',#635,#629,#175,.T.);
#752=EDGE_CURVE('',#636,#636,#524,.T.);
#753=EDGE_CURVE('',#636,#635,#176,.T.);
#754=EDGE_CURVE('',#637,#637,#525,.T.);
#755=EDGE_CURVE('',#637,#633,#177,.T.);
#756=EDGE_CURVE('',#638,#638,#526,.T.);
#757=EDGE_CURVE('',#638,#637,#178,.T.);
#758=EDGE_CURVE('',#639,#639,#527,.T.);
#759=EDGE_CURVE('',#639,#630,#179,.T.);
#760=EDGE_CURVE('',#640,#640,#528,.T.);
#761=EDGE_CURVE('',#640,#639,#180,.T.);
#762=EDGE_CURVE('',#620,#614,#119,.T.);
#763=EDGE_CURVE('',#641,#641,#529,.T.);
#764=EDGE_CURVE('',#641,#631,#181,.T.);
#765=EDGE_CURVE('',#609,#610,#530,.T.);
#766=EDGE_CURVE('',#642,#642,#531,.T.);
#767=EDGE_CURVE('',#642,#632,#182,.T.);
#768=EDGE_CURVE('',#643,#643,#532,.T.);
#769=EDGE_CURVE('',#643,#644,#183,.T.);
#770=EDGE_CURVE('',#644,#644,#533,.T.);
#771=EDGE_CURVE('',#645,#645,#534,.T.);
#772=EDGE_CURVE('',#645,#646,#184,.T.);
#773=EDGE_CURVE('',#646,#646,#535,.T.);
#774=EDGE_CURVE('',#647,#647,#536,.T.);
#775=EDGE_CURVE('',#647,#648,#185,.T.);
#776=EDGE_CURVE('',#648,#648,#537,.T.);
#777=EDGE_CURVE('',#649,#649,#538,.T.);
#778=EDGE_CURVE('',#649,#650,#186,.T.);
#779=EDGE_CURVE('',#650,#650,#539,.T.);
#780=EDGE_CURVE('',#651,#652,#187,.T.);
#781=EDGE_CURVE('',#653,#651,#188,.T.);
#782=EDGE_CURVE('',#653,#654,#189,.T.);
#783=EDGE_CURVE('',#652,#654,#190,.T.);
#784=EDGE_CURVE('',#655,#656,#191,.T.);
#785=EDGE_CURVE('',#655,#657,#192,.T.);
#786=EDGE_CURVE('',#657,#658,#193,.T.);
#787=EDGE_CURVE('',#658,#656,#194,.T.);
#788=EDGE_CURVE('',#652,#655,#540,.T.);
#789=EDGE_CURVE('',#654,#657,#541,.T.);
#790=EDGE_CURVE('',#659,#660,#195,.T.);
#791=EDGE_CURVE('',#659,#661,#196,.T.);
#792=EDGE_CURVE('',#661,#662,#197,.T.);
#793=EDGE_CURVE('',#660,#662,#198,.T.);
#794=EDGE_CURVE('',#663,#659,#542,.T.);
#795=EDGE_CURVE('',#663,#664,#199,.T.);
#796=EDGE_CURVE('',#664,#661,#543,.T.);
#797=EDGE_CURVE('',#665,#663,#200,.T.);
#798=EDGE_CURVE('',#665,#666,#201,.T.);
#799=EDGE_CURVE('',#666,#664,#202,.T.);
#800=EDGE_CURVE('',#660,#665,#544,.T.);
#801=EDGE_CURVE('',#662,#666,#545,.T.);
#802=EDGE_CURVE('',#667,#668,#203,.T.);
#803=EDGE_CURVE('',#667,#669,#204,.T.);
#804=EDGE_CURVE('',#669,#670,#205,.T.);
#805=EDGE_CURVE('',#668,#670,#206,.T.);
#806=EDGE_CURVE('',#671,#667,#546,.T.);
#807=EDGE_CURVE('',#671,#672,#207,.T.);
#808=EDGE_CURVE('',#672,#669,#547,.T.);
#809=EDGE_CURVE('',#673,#671,#208,.T.);
#810=EDGE_CURVE('',#673,#674,#209,.T.);
#811=EDGE_CURVE('',#674,#672,#210,.T.);
#812=EDGE_CURVE('',#668,#673,#548,.T.);
#813=EDGE_CURVE('',#670,#674,#549,.T.);
#814=EDGE_CURVE('',#658,#653,#550,.T.);
#815=EDGE_CURVE('',#656,#651,#551,.T.);
#816=EDGE_CURVE('',#613,#619,#120,.T.);
#817=EDGE_CURVE('',#675,#675,#552,.T.);
#818=EDGE_CURVE('',#675,#676,#211,.T.);
#819=EDGE_CURVE('',#676,#676,#553,.T.);
#820=EDGE_CURVE('',#677,#677,#554,.T.);
#821=EDGE_CURVE('',#677,#678,#212,.T.);
#822=EDGE_CURVE('',#678,#678,#555,.T.);
#823=EDGE_CURVE('',#596,#623,#213,.T.);
#824=EDGE_CURVE('',#622,#597,#214,.T.);
#825=EDGE_CURVE('',#621,#598,#215,.T.);
#826=EDGE_CURVE('',#592,#627,#216,.T.);
#827=EDGE_CURVE('',#626,#593,#217,.T.);
#828=EDGE_CURVE('',#628,#591,#218,.T.);
#829=EDGE_CURVE('',#624,#595,#219,.T.);
#830=EDGE_CURVE('',#625,#594,#220,.T.);
#831=ORIENTED_EDGE('',*,*,#679,.T.);
#832=ORIENTED_EDGE('',*,*,#680,.T.);
#833=ORIENTED_EDGE('',*,*,#681,.T.);
#834=ORIENTED_EDGE('',*,*,#682,.T.);
#835=ORIENTED_EDGE('',*,*,#683,.T.);
#836=ORIENTED_EDGE('',*,*,#679,.F.);
#837=ORIENTED_EDGE('',*,*,#684,.T.);
#838=ORIENTED_EDGE('',*,*,#682,.F.);
#839=ORIENTED_EDGE('',*,*,#685,.T.);
#840=ORIENTED_EDGE('',*,*,#686,.T.);
#841=ORIENTED_EDGE('',*,*,#684,.F.);
#842=ORIENTED_EDGE('',*,*,#687,.F.);
#843=ORIENTED_EDGE('',*,*,#688,.F.);
#844=ORIENTED_EDGE('',*,*,#689,.T.);
#845=ORIENTED_EDGE('',*,*,#690,.T.);
#846=ORIENTED_EDGE('',*,*,#691,.T.);
#847=ORIENTED_EDGE('',*,*,#692,.F.);
#848=ORIENTED_EDGE('',*,*,#693,.T.);
#849=ORIENTED_EDGE('',*,*,#694,.T.);
#850=ORIENTED_EDGE('',*,*,#695,.T.);
#851=ORIENTED_EDGE('',*,*,#696,.F.);
#852=ORIENTED_EDGE('',*,*,#697,.T.);
#853=ORIENTED_EDGE('',*,*,#698,.T.);
#854=ORIENTED_EDGE('',*,*,#699,.F.);
#855=ORIENTED_EDGE('',*,*,#700,.F.);
#856=ORIENTED_EDGE('',*,*,#681,.F.);
#857=ORIENTED_EDGE('',*,*,#701,.T.);
#858=ORIENTED_EDGE('',*,*,#702,.F.);
#859=ORIENTED_EDGE('',*,*,#687,.T.);
#860=ORIENTED_EDGE('',*,*,#680,.F.);
#861=ORIENTED_EDGE('',*,*,#703,.T.);
#862=ORIENTED_EDGE('',*,*,#704,.T.);
#863=ORIENTED_EDGE('',*,*,#705,.T.);
#864=ORIENTED_EDGE('',*,*,#706,.T.);
#865=ORIENTED_EDGE('',*,*,#707,.T.);
#866=ORIENTED_EDGE('',*,*,#708,.T.);
#867=ORIENTED_EDGE('',*,*,#688,.T.);
#868=ORIENTED_EDGE('',*,*,#702,.T.);
#869=ORIENTED_EDGE('',*,*,#706,.F.);
#870=ORIENTED_EDGE('',*,*,#701,.F.);
#871=ORIENTED_EDGE('',*,*,#705,.F.);
#872=ORIENTED_EDGE('',*,*,#709,.T.);
#873=ORIENTED_EDGE('',*,*,#710,.T.);
#874=ORIENTED_EDGE('',*,*,#711,.T.);
#875=ORIENTED_EDGE('',*,*,#712,.T.);
#876=ORIENTED_EDGE('',*,*,#713,.T.);
#877=ORIENTED_EDGE('',*,*,#686,.F.);
#878=ORIENTED_EDGE('',*,*,#714,.T.);
#879=ORIENTED_EDGE('',*,*,#715,.T.);
#880=ORIENTED_EDGE('',*,*,#716,.T.);
#881=ORIENTED_EDGE('',*,*,#685,.F.);
#882=ORIENTED_EDGE('',*,*,#700,.T.);
#883=ORIENTED_EDGE('',*,*,#717,.T.);
#884=ORIENTED_EDGE('',*,*,#718,.T.);
#885=ORIENTED_EDGE('',*,*,#717,.F.);
#886=ORIENTED_EDGE('',*,*,#719,.T.);
#887=ORIENTED_EDGE('',*,*,#710,.F.);
#888=ORIENTED_EDGE('',*,*,#719,.F.);
#889=ORIENTED_EDGE('',*,*,#699,.T.);
#890=ORIENTED_EDGE('',*,*,#720,.T.);
#891=ORIENTED_EDGE('',*,*,#721,.T.);
#892=ORIENTED_EDGE('',*,*,#683,.F.);
#893=ORIENTED_EDGE('',*,*,#716,.F.);
#894=ORIENTED_EDGE('',*,*,#722,.F.);
#895=ORIENTED_EDGE('',*,*,#711,.F.);
#896=ORIENTED_EDGE('',*,*,#721,.F.);
#897=ORIENTED_EDGE('',*,*,#723,.F.);
#898=ORIENTED_EDGE('',*,*,#724,.F.);
#899=ORIENTED_EDGE('',*,*,#725,.F.);
#900=ORIENTED_EDGE('',*,*,#726,.T.);
#901=ORIENTED_EDGE('',*,*,#727,.T.);
#902=ORIENTED_EDGE('',*,*,#689,.F.);
#903=ORIENTED_EDGE('',*,*,#708,.F.);
#904=ORIENTED_EDGE('',*,*,#728,.F.);
#905=ORIENTED_EDGE('',*,*,#703,.F.);
#906=ORIENTED_EDGE('',*,*,#729,.T.);
#907=ORIENTED_EDGE('',*,*,#730,.T.);
#908=ORIENTED_EDGE('',*,*,#731,.T.);
#909=ORIENTED_EDGE('',*,*,#730,.F.);
#910=ORIENTED_EDGE('',*,*,#732,.F.);
#911=ORIENTED_EDGE('',*,*,#733,.F.);
#912=ORIENTED_EDGE('',*,*,#734,.F.);
#913=ORIENTED_EDGE('',*,*,#735,.F.);
#914=ORIENTED_EDGE('',*,*,#736,.F.);
#915=ORIENTED_EDGE('',*,*,#737,.F.);
#916=ORIENTED_EDGE('',*,*,#738,.F.);
#917=ORIENTED_EDGE('',*,*,#739,.F.);
#918=ORIENTED_EDGE('',*,*,#740,.F.);
#919=ORIENTED_EDGE('',*,*,#741,.F.);
#920=ORIENTED_EDGE('',*,*,#726,.F.);
#921=ORIENTED_EDGE('',*,*,#742,.F.);
#922=ORIENTED_EDGE('',*,*,#743,.F.);
#923=ORIENTED_EDGE('',*,*,#744,.F.);
#924=ORIENTED_EDGE('',*,*,#745,.F.);
#925=ORIENTED_EDGE('',*,*,#746,.F.);
#926=ORIENTED_EDGE('',*,*,#747,.F.);
#927=ORIENTED_EDGE('',*,*,#731,.F.);
#928=ORIENTED_EDGE('',*,*,#748,.F.);
#929=ORIENTED_EDGE('',*,*,#749,.T.);
#930=ORIENTED_EDGE('',*,*,#729,.F.);
#931=ORIENTED_EDGE('',*,*,#749,.F.);
#932=ORIENTED_EDGE('',*,*,#750,.T.);
#933=ORIENTED_EDGE('',*,*,#751,.T.);
#934=ORIENTED_EDGE('',*,*,#743,.T.);
#935=ORIENTED_EDGE('',*,*,#751,.F.);
#936=ORIENTED_EDGE('',*,*,#752,.F.);
#937=ORIENTED_EDGE('',*,*,#753,.T.);
#938=ORIENTED_EDGE('',*,*,#750,.F.);
#939=ORIENTED_EDGE('',*,*,#753,.F.);
#940=ORIENTED_EDGE('',*,*,#754,.T.);
#941=ORIENTED_EDGE('',*,*,#755,.T.);
#942=ORIENTED_EDGE('',*,*,#747,.T.);
#943=ORIENTED_EDGE('',*,*,#755,.F.);
#944=ORIENTED_EDGE('',*,*,#756,.F.);
#945=ORIENTED_EDGE('',*,*,#757,.T.);
#946=ORIENTED_EDGE('',*,*,#754,.F.);
#947=ORIENTED_EDGE('',*,*,#757,.F.);
#948=ORIENTED_EDGE('',*,*,#758,.T.);
#949=ORIENTED_EDGE('',*,*,#759,.T.);
#950=ORIENTED_EDGE('',*,*,#744,.T.);
#951=ORIENTED_EDGE('',*,*,#759,.F.);
#952=ORIENTED_EDGE('',*,*,#760,.F.);
#953=ORIENTED_EDGE('',*,*,#761,.T.);
#954=ORIENTED_EDGE('',*,*,#758,.F.);
#955=ORIENTED_EDGE('',*,*,#761,.F.);
#956=ORIENTED_EDGE('',*,*,#762,.F.);
#957=ORIENTED_EDGE('',*,*,#742,.T.);
#958=ORIENTED_EDGE('',*,*,#725,.T.);
#959=ORIENTED_EDGE('',*,*,#763,.F.);
#960=ORIENTED_EDGE('',*,*,#764,.T.);
#961=ORIENTED_EDGE('',*,*,#745,.T.);
#962=ORIENTED_EDGE('',*,*,#764,.F.);
#963=ORIENTED_EDGE('',*,*,#722,.T.);
#964=ORIENTED_EDGE('',*,*,#715,.F.);
#965=ORIENTED_EDGE('',*,*,#765,.F.);
#966=ORIENTED_EDGE('',*,*,#712,.F.);
#967=ORIENTED_EDGE('',*,*,#760,.T.);
#968=ORIENTED_EDGE('',*,*,#756,.T.);
#969=ORIENTED_EDGE('',*,*,#763,.T.);
#970=ORIENTED_EDGE('',*,*,#766,.F.);
#971=ORIENTED_EDGE('',*,*,#767,.T.);
#972=ORIENTED_EDGE('',*,*,#746,.T.);
#973=ORIENTED_EDGE('',*,*,#767,.F.);
#974=ORIENTED_EDGE('',*,*,#728,.T.);
#975=ORIENTED_EDGE('',*,*,#707,.F.);
#976=ORIENTED_EDGE('',*,*,#709,.F.);
#977=ORIENTED_EDGE('',*,*,#704,.F.);
#978=ORIENTED_EDGE('',*,*,#748,.T.);
#979=ORIENTED_EDGE('',*,*,#766,.T.);
#980=ORIENTED_EDGE('',*,*,#752,.T.);
#981=ORIENTED_EDGE('',*,*,#768,.F.);
#982=ORIENTED_EDGE('',*,*,#769,.T.);
#983=ORIENTED_EDGE('',*,*,#770,.T.);
#984=ORIENTED_EDGE('',*,*,#769,.F.);
#985=ORIENTED_EDGE('',*,*,#770,.F.);
#986=ORIENTED_EDGE('',*,*,#771,.F.);
#987=ORIENTED_EDGE('',*,*,#772,.T.);
#988=ORIENTED_EDGE('',*,*,#773,.T.);
#989=ORIENTED_EDGE('',*,*,#772,.F.);
#990=ORIENTED_EDGE('',*,*,#773,.F.);
#991=ORIENTED_EDGE('',*,*,#774,.F.);
#992=ORIENTED_EDGE('',*,*,#775,.T.);
#993=ORIENTED_EDGE('',*,*,#776,.T.);
#994=ORIENTED_EDGE('',*,*,#775,.F.);
#995=ORIENTED_EDGE('',*,*,#776,.F.);
#996=ORIENTED_EDGE('',*,*,#777,.F.);
#997=ORIENTED_EDGE('',*,*,#778,.T.);
#998=ORIENTED_EDGE('',*,*,#779,.T.);
#999=ORIENTED_EDGE('',*,*,#778,.F.);
#1000=ORIENTED_EDGE('',*,*,#779,.F.);
#1001=ORIENTED_EDGE('',*,*,#780,.F.);
#1002=ORIENTED_EDGE('',*,*,#781,.F.);
#1003=ORIENTED_EDGE('',*,*,#782,.T.);
#1004=ORIENTED_EDGE('',*,*,#783,.F.);
#1005=ORIENTED_EDGE('',*,*,#784,.F.);
#1006=ORIENTED_EDGE('',*,*,#785,.T.);
#1007=ORIENTED_EDGE('',*,*,#786,.T.);
#1008=ORIENTED_EDGE('',*,*,#787,.T.);
#1009=ORIENTED_EDGE('',*,*,#788,.F.);
#1010=ORIENTED_EDGE('',*,*,#783,.T.);
#1011=ORIENTED_EDGE('',*,*,#789,.T.);
#1012=ORIENTED_EDGE('',*,*,#785,.F.);
#1013=ORIENTED_EDGE('',*,*,#790,.F.);
#1014=ORIENTED_EDGE('',*,*,#791,.T.);
#1015=ORIENTED_EDGE('',*,*,#792,.T.);
#1016=ORIENTED_EDGE('',*,*,#793,.F.);
#1017=ORIENTED_EDGE('',*,*,#794,.F.);
#1018=ORIENTED_EDGE('',*,*,#795,.T.);
#1019=ORIENTED_EDGE('',*,*,#796,.T.);
#1020=ORIENTED_EDGE('',*,*,#791,.F.);
#1021=ORIENTED_EDGE('',*,*,#797,.F.);
#1022=ORIENTED_EDGE('',*,*,#798,.T.);
#1023=ORIENTED_EDGE('',*,*,#799,.T.);
#1024=ORIENTED_EDGE('',*,*,#795,.F.);
#1025=ORIENTED_EDGE('',*,*,#800,.F.);
#1026=ORIENTED_EDGE('',*,*,#793,.T.);
#1027=ORIENTED_EDGE('',*,*,#801,.T.);
#1028=ORIENTED_EDGE('',*,*,#798,.F.);
#1029=ORIENTED_EDGE('',*,*,#801,.F.);
#1030=ORIENTED_EDGE('',*,*,#792,.F.);
#1031=ORIENTED_EDGE('',*,*,#796,.F.);
#1032=ORIENTED_EDGE('',*,*,#799,.F.);
#1033=ORIENTED_EDGE('',*,*,#802,.F.);
#1034=ORIENTED_EDGE('',*,*,#803,.T.);
#1035=ORIENTED_EDGE('',*,*,#804,.T.);
#1036=ORIENTED_EDGE('',*,*,#805,.F.);
#1037=ORIENTED_EDGE('',*,*,#806,.F.);
#1038=ORIENTED_EDGE('',*,*,#807,.T.);
#1039=ORIENTED_EDGE('',*,*,#808,.T.);
#1040=ORIENTED_EDGE('',*,*,#803,.F.);
#1041=ORIENTED_EDGE('',*,*,#809,.F.);
#1042=ORIENTED_EDGE('',*,*,#810,.T.);
#1043=ORIENTED_EDGE('',*,*,#811,.T.);
#1044=ORIENTED_EDGE('',*,*,#807,.F.);
#1045=ORIENTED_EDGE('',*,*,#812,.F.);
#1046=ORIENTED_EDGE('',*,*,#805,.T.);
#1047=ORIENTED_EDGE('',*,*,#813,.T.);
#1048=ORIENTED_EDGE('',*,*,#810,.F.);
#1049=ORIENTED_EDGE('',*,*,#813,.F.);
#1050=ORIENTED_EDGE('',*,*,#804,.F.);
#1051=ORIENTED_EDGE('',*,*,#808,.F.);
#1052=ORIENTED_EDGE('',*,*,#811,.F.);
#1053=ORIENTED_EDGE('',*,*,#787,.F.);
#1054=ORIENTED_EDGE('',*,*,#814,.T.);
#1055=ORIENTED_EDGE('',*,*,#781,.T.);
#1056=ORIENTED_EDGE('',*,*,#815,.F.);
#1057=ORIENTED_EDGE('',*,*,#814,.F.);
#1058=ORIENTED_EDGE('',*,*,#786,.F.);
#1059=ORIENTED_EDGE('',*,*,#789,.F.);
#1060=ORIENTED_EDGE('',*,*,#782,.F.);
#1061=ORIENTED_EDGE('',*,*,#816,.T.);
#1062=ORIENTED_EDGE('',*,*,#732,.T.);
#1063=ORIENTED_EDGE('',*,*,#762,.T.);
#1064=ORIENTED_EDGE('',*,*,#724,.T.);
#1065=ORIENTED_EDGE('',*,*,#713,.F.);
#1066=ORIENTED_EDGE('',*,*,#765,.T.);
#1067=ORIENTED_EDGE('',*,*,#714,.F.);
#1068=ORIENTED_EDGE('',*,*,#718,.F.);
#1069=ORIENTED_EDGE('',*,*,#817,.F.);
#1070=ORIENTED_EDGE('',*,*,#818,.T.);
#1071=ORIENTED_EDGE('',*,*,#819,.T.);
#1072=ORIENTED_EDGE('',*,*,#818,.F.);
#1073=ORIENTED_EDGE('',*,*,#819,.F.);
#1074=ORIENTED_EDGE('',*,*,#820,.F.);
#1075=ORIENTED_EDGE('',*,*,#821,.T.);
#1076=ORIENTED_EDGE('',*,*,#822,.T.);
#1077=ORIENTED_EDGE('',*,*,#821,.F.);
#1078=ORIENTED_EDGE('',*,*,#822,.F.);
#1079=ORIENTED_EDGE('',*,*,#696,.T.);
#1080=ORIENTED_EDGE('',*,*,#823,.T.);
#1081=ORIENTED_EDGE('',*,*,#735,.T.);
#1082=ORIENTED_EDGE('',*,*,#824,.T.);
#1083=ORIENTED_EDGE('',*,*,#824,.F.);
#1084=ORIENTED_EDGE('',*,*,#734,.T.);
#1085=ORIENTED_EDGE('',*,*,#825,.T.);
#1086=ORIENTED_EDGE('',*,*,#697,.F.);
#1087=ORIENTED_EDGE('',*,*,#692,.T.);
#1088=ORIENTED_EDGE('',*,*,#826,.T.);
#1089=ORIENTED_EDGE('',*,*,#739,.T.);
#1090=ORIENTED_EDGE('',*,*,#827,.T.);
#1091=ORIENTED_EDGE('',*,*,#826,.F.);
#1092=ORIENTED_EDGE('',*,*,#691,.F.);
#1093=ORIENTED_EDGE('',*,*,#828,.F.);
#1094=ORIENTED_EDGE('',*,*,#740,.T.);
#1095=ORIENTED_EDGE('',*,*,#816,.F.);
#1096=ORIENTED_EDGE('',*,*,#723,.T.);
#1097=ORIENTED_EDGE('',*,*,#720,.F.);
#1098=ORIENTED_EDGE('',*,*,#698,.F.);
#1099=ORIENTED_EDGE('',*,*,#825,.F.);
#1100=ORIENTED_EDGE('',*,*,#733,.T.);
#1101=ORIENTED_EDGE('',*,*,#823,.F.);
#1102=ORIENTED_EDGE('',*,*,#695,.F.);
#1103=ORIENTED_EDGE('',*,*,#829,.F.);
#1104=ORIENTED_EDGE('',*,*,#736,.T.);
#1105=ORIENTED_EDGE('',*,*,#737,.T.);
#1106=ORIENTED_EDGE('',*,*,#829,.T.);
#1107=ORIENTED_EDGE('',*,*,#694,.F.);
#1108=ORIENTED_EDGE('',*,*,#830,.F.);
#1109=ORIENTED_EDGE('',*,*,#768,.T.);
#1110=ORIENTED_EDGE('',*,*,#771,.T.);
#1111=ORIENTED_EDGE('',*,*,#774,.T.);
#1112=ORIENTED_EDGE('',*,*,#777,.T.);
#1113=ORIENTED_EDGE('',*,*,#784,.T.);
#1114=ORIENTED_EDGE('',*,*,#815,.T.);
#1115=ORIENTED_EDGE('',*,*,#780,.T.);
#1116=ORIENTED_EDGE('',*,*,#788,.T.);
#1117=ORIENTED_EDGE('',*,*,#790,.T.);
#1118=ORIENTED_EDGE('',*,*,#800,.T.);
#1119=ORIENTED_EDGE('',*,*,#797,.T.);
#1120=ORIENTED_EDGE('',*,*,#794,.T.);
#1121=ORIENTED_EDGE('',*,*,#802,.T.);
#1122=ORIENTED_EDGE('',*,*,#812,.T.);
#1123=ORIENTED_EDGE('',*,*,#809,.T.);
#1124=ORIENTED_EDGE('',*,*,#806,.T.);
#1125=ORIENTED_EDGE('',*,*,#817,.T.);
#1126=ORIENTED_EDGE('',*,*,#820,.T.);
#1127=ORIENTED_EDGE('',*,*,#827,.F.);
#1128=ORIENTED_EDGE('',*,*,#738,.T.);
#1129=ORIENTED_EDGE('',*,*,#830,.T.);
#1130=ORIENTED_EDGE('',*,*,#693,.F.);
#1131=ORIENTED_EDGE('',*,*,#741,.T.);
#1132=ORIENTED_EDGE('',*,*,#828,.T.);
#1133=ORIENTED_EDGE('',*,*,#690,.F.);
#1134=ORIENTED_EDGE('',*,*,#727,.F.);
#1135=SPHERICAL_SURFACE('',#1227,1.);
#1136=SPHERICAL_SURFACE('',#1233,1.);
#1137=SPHERICAL_SURFACE('',#1262,1.);
#1138=ADVANCED_FACE('',(#330),#1135,.T.);
#1139=ADVANCED_FACE('',(#331),#296,.T.);
#1140=ADVANCED_FACE('',(#332),#1136,.T.);
#1141=ADVANCED_FACE('',(#333),#123,.T.);
#1142=ADVANCED_FACE('',(#334),#121,.T.);
#1143=ADVANCED_FACE('',(#335),#297,.T.);
#1144=ADVANCED_FACE('',(#336),#298,.T.);
#1145=ADVANCED_FACE('',(#337),#299,.F.);
#1146=ADVANCED_FACE('',(#338),#300,.T.);
#1147=ADVANCED_FACE('',(#339),#301,.T.);
#1148=ADVANCED_FACE('',(#340),#122,.T.);
#1149=ADVANCED_FACE('',(#341),#1137,.T.);
#1150=ADVANCED_FACE('',(#342),#302,.T.);
#1151=ADVANCED_FACE('',(#343),#124,.T.);
#1152=ADVANCED_FACE('',(#344),#113,.F.);
#1153=ADVANCED_FACE('',(#345,#92,#93,#94,#95,#96,#97),#125,.F.);
#1154=ADVANCED_FACE('',(#346),#303,.F.);
#1155=ADVANCED_FACE('',(#347),#114,.F.);
#1156=ADVANCED_FACE('',(#348),#304,.F.);
#1157=ADVANCED_FACE('',(#349),#115,.F.);
#1158=ADVANCED_FACE('',(#350),#305,.F.);
#1159=ADVANCED_FACE('',(#351),#116,.F.);
#1160=ADVANCED_FACE('',(#352),#306,.F.);
#1161=ADVANCED_FACE('',(#353),#307,.T.);
#1162=ADVANCED_FACE('',(#354),#308,.F.);
#1163=ADVANCED_FACE('',(#355,#98,#99,#100),#126,.T.);
#1164=ADVANCED_FACE('',(#356),#309,.F.);
#1165=ADVANCED_FACE('',(#357,#101,#102,#103),#127,.T.);
#1166=ADVANCED_FACE('',(#358),#310,.F.);
#1167=ADVANCED_FACE('',(#359),#128,.T.);
#1168=ADVANCED_FACE('',(#360),#311,.F.);
#1169=ADVANCED_FACE('',(#361),#129,.T.);
#1170=ADVANCED_FACE('',(#362),#312,.F.);
#1171=ADVANCED_FACE('',(#363),#130,.T.);
#1172=ADVANCED_FACE('',(#364),#313,.F.);
#1173=ADVANCED_FACE('',(#365),#131,.T.);
#1174=ADVANCED_FACE('',(#366),#132,.F.);
#1175=ADVANCED_FACE('',(#367),#133,.F.);
#1176=ADVANCED_FACE('',(#368),#314,.F.);
#1177=ADVANCED_FACE('',(#369),#134,.F.);
#1178=ADVANCED_FACE('',(#370),#315,.F.);
#1179=ADVANCED_FACE('',(#371),#135,.F.);
#1180=ADVANCED_FACE('',(#372),#316,.F.);
#1181=ADVANCED_FACE('',(#373),#136,.T.);
#1182=ADVANCED_FACE('',(#374),#137,.F.);
#1183=ADVANCED_FACE('',(#375),#317,.F.);
#1184=ADVANCED_FACE('',(#376),#138,.F.);
#1185=ADVANCED_FACE('',(#377),#318,.F.);
#1186=ADVANCED_FACE('',(#378),#139,.T.);
#1187=ADVANCED_FACE('',(#379),#319,.F.);
#1188=ADVANCED_FACE('',(#380),#140,.T.);
#1189=ADVANCED_FACE('',(#381),#320,.T.);
#1190=ADVANCED_FACE('',(#382),#321,.F.);
#1191=ADVANCED_FACE('',(#383),#322,.F.);
#1192=ADVANCED_FACE('',(#384),#141,.T.);
#1193=ADVANCED_FACE('',(#385),#323,.F.);
#1194=ADVANCED_FACE('',(#386),#142,.T.);
#1195=ADVANCED_FACE('',(#387),#324,.T.);
#1196=ADVANCED_FACE('',(#388),#325,.F.);
#1197=ADVANCED_FACE('',(#389),#326,.T.);
#1198=ADVANCED_FACE('',(#390),#327,.F.);
#1199=ADVANCED_FACE('',(#391),#328,.T.);
#1200=ADVANCED_FACE('',(#392),#143,.T.);
#1201=ADVANCED_FACE('',(#393,#104,#105,#106,#107,#108,#109,#110,#111,#112),
#144,.T.);
#1202=ADVANCED_FACE('',(#394),#145,.T.);
#1203=ADVANCED_FACE('',(#395),#329,.T.);
#1204=CLOSED_SHELL('',(#1138,#1139,#1140,#1141,#1142,#1143,#1144,#1145,
#1146,#1147,#1148,#1149,#1150,#1151,#1152,#1153,#1154,#1155,#1156,#1157,
#1158,#1159,#1160,#1161,#1162,#1163,#1164,#1165,#1166,#1167,#1168,#1169,
#1170,#1171,#1172,#1173,#1174,#1175,#1176,#1177,#1178,#1179,#1180,#1181,
#1182,#1183,#1184,#1185,#1186,#1187,#1188,#1189,#1190,#1191,#1192,#1193,
#1194,#1195,#1196,#1197,#1198,#1199,#1200,#1201,#1202,#1203));
#1205=DERIVED_UNIT_ELEMENT(#1208,1.);
#1206=DERIVED_UNIT_ELEMENT(#2302,-3.);
#1207=DIMENSIONAL_EXPONENTS(1.,0.,0.,0.,0.,0.,0.);
#1208=(
CONVERSION_BASED_UNIT('gram',#1210)
MASS_UNIT()
NAMED_UNIT(#1207)
);
#1209=(
MASS_UNIT()
NAMED_UNIT(*)
SI_UNIT(.KILO.,.GRAM.)
);
#1210=MASS_MEASURE_WITH_UNIT(MASS_MEASURE(0.001),#1209);
#1211=DERIVED_UNIT((#1205,#1206));
#1212=MEASURE_REPRESENTATION_ITEM('density measure',
POSITIVE_RATIO_MEASURE(1.),#1211);
#1213=PROPERTY_DEFINITION_REPRESENTATION(#1218,#1215);
#1214=PROPERTY_DEFINITION_REPRESENTATION(#1219,#1216);
#1215=REPRESENTATION('material name',(#1217),#2299);
#1216=REPRESENTATION('density',(#1212),#2299);
#1217=DESCRIPTIVE_REPRESENTATION_ITEM('\X2\04220438043F043E0432044B0435\X0\',
'\X2\04220438043F043E0432044B0435\X0\');
#1218=PROPERTY_DEFINITION('material property','material name',#2309);
#1219=PROPERTY_DEFINITION('material property','density of part',#2309);
#1220=DATE_TIME_ROLE('creation_date');
#1221=APPLIED_DATE_AND_TIME_ASSIGNMENT(#1222,#1220,(#2309));
#1222=DATE_AND_TIME(#1223,#1224);
#1223=CALENDAR_DATE(2025,13,12);
#1224=LOCAL_TIME(0,0,0.,#1225);
#1225=COORDINATED_UNIVERSAL_TIME_OFFSET(0,0,.BEHIND.);
#1226=AXIS2_PLACEMENT_3D('placement',#1799,#1392,#1393);
#1227=AXIS2_PLACEMENT_3D('',#1800,#1394,#1395);
#1228=AXIS2_PLACEMENT_3D('',#1803,#1396,#1397);
#1229=AXIS2_PLACEMENT_3D('',#1805,#1398,#1399);
#1230=AXIS2_PLACEMENT_3D('',#1806,#1400,#1401);
#1231=AXIS2_PLACEMENT_3D('',#1807,#1402,#1403);
#1232=AXIS2_PLACEMENT_3D('',#1810,#1404,#1405);
#1233=AXIS2_PLACEMENT_3D('',#1813,#1408,#1409);
#1234=AXIS2_PLACEMENT_3D('',#1815,#1410,#1411);
#1235=AXIS2_PLACEMENT_3D('',#1816,#1412,#1413);
#1236=AXIS2_PLACEMENT_3D('',#1817,#1414,#1415);
#1237=AXIS2_PLACEMENT_3D('',#1819,#1416,#1417);
#1238=AXIS2_PLACEMENT_3D('',#1821,#1418,#1419);
#1239=AXIS2_PLACEMENT_3D('',#1825,#1421,#1422);
#1240=AXIS2_PLACEMENT_3D('',#1827,#1423,#1424);
#1241=AXIS2_PLACEMENT_3D('',#1829,#1425,#1426);
#1242=AXIS2_PLACEMENT_3D('',#1837,#1430,#1431);
#1243=AXIS2_PLACEMENT_3D('',#1839,#1432,#1433);
#1244=AXIS2_PLACEMENT_3D('',#1841,#1434,#1435);
#1245=AXIS2_PLACEMENT_3D('',#1844,#1437,#1438);
#1246=AXIS2_PLACEMENT_3D('',#1845,#1439,#1440);
#1247=AXIS2_PLACEMENT_3D('',#1847,#1441,#1442);
#1248=AXIS2_PLACEMENT_3D('',#1862,#1443,#1444);
#1249=AXIS2_PLACEMENT_3D('',#1866,#1446,#1447);
#1250=AXIS2_PLACEMENT_3D('',#1868,#1449,#1450);
#1251=AXIS2_PLACEMENT_3D('',#1872,#1452,#1453);
#1252=AXIS2_PLACEMENT_3D('',#1874,#1455,#1456);
#1253=AXIS2_PLACEMENT_3D('',#1875,#1457,#1458);
#1254=AXIS2_PLACEMENT_3D('',#1876,#1459,#1460);
#1255=AXIS2_PLACEMENT_3D('',#1879,#1461,#1462);
#1256=AXIS2_PLACEMENT_3D('',#1883,#1464,#1465);
#1257=AXIS2_PLACEMENT_3D('',#1885,#1467,#1468);
#1258=AXIS2_PLACEMENT_3D('',#1889,#1470,#1471);
#1259=AXIS2_PLACEMENT_3D('',#1891,#1473,#1474);
#1260=AXIS2_PLACEMENT_3D('',#1892,#1475,#1476);
#1261=AXIS2_PLACEMENT_3D('',#1893,#1477,#1478);
#1262=AXIS2_PLACEMENT_3D('',#1894,#1479,#1480);
#1263=AXIS2_PLACEMENT_3D('',#1895,#1481,#1482);
#1264=AXIS2_PLACEMENT_3D('',#1896,#1483,#1484);
#1265=AXIS2_PLACEMENT_3D('',#1911,#1486,#1487);
#1266=AXIS2_PLACEMENT_3D('',#1923,#1495,#1496);
#1267=AXIS2_PLACEMENT_3D('',#1925,#1497,#1498);
#1268=AXIS2_PLACEMENT_3D('',#1928,#1500,#1501);
#1269=AXIS2_PLACEMENT_3D('',#1929,#1502,#1503);
#1270=AXIS2_PLACEMENT_3D('',#1934,#1505,#1506);
#1271=AXIS2_PLACEMENT_3D('',#1936,#1507,#1508);
#1272=AXIS2_PLACEMENT_3D('',#1938,#1509,#1510);
#1273=AXIS2_PLACEMENT_3D('',#1946,#1514,#1515);
#1274=AXIS2_PLACEMENT_3D('',#1948,#1516,#1517);
#1275=AXIS2_PLACEMENT_3D('',#1949,#1518,#1519);
#1276=AXIS2_PLACEMENT_3D('',#1950,#1520,#1521);
#1277=AXIS2_PLACEMENT_3D('',#1952,#1522,#1523);
#1278=AXIS2_PLACEMENT_3D('',#1954,#1524,#1525);
#1279=AXIS2_PLACEMENT_3D('',#1956,#1526,#1527);
#1280=AXIS2_PLACEMENT_3D('',#1958,#1528,#1529);
#1281=AXIS2_PLACEMENT_3D('',#1960,#1530,#1531);
#1282=AXIS2_PLACEMENT_3D('',#1961,#1532,#1533);
#1283=AXIS2_PLACEMENT_3D('',#1963,#1534,#1535);
#1284=AXIS2_PLACEMENT_3D('',#1965,#1537,#1538);
#1285=AXIS2_PLACEMENT_3D('',#1967,#1539,#1540);
#1286=AXIS2_PLACEMENT_3D('',#1969,#1542,#1543);
#1287=AXIS2_PLACEMENT_3D('',#1971,#1544,#1545);
#1288=AXIS2_PLACEMENT_3D('',#1973,#1547,#1548);
#1289=AXIS2_PLACEMENT_3D('',#1975,#1549,#1550);
#1290=AXIS2_PLACEMENT_3D('',#1977,#1552,#1553);
#1291=AXIS2_PLACEMENT_3D('',#1979,#1554,#1555);
#1292=AXIS2_PLACEMENT_3D('',#1981,#1557,#1558);
#1293=AXIS2_PLACEMENT_3D('',#1983,#1559,#1560);
#1294=AXIS2_PLACEMENT_3D('',#1985,#1562,#1563);
#1295=AXIS2_PLACEMENT_3D('',#1987,#1564,#1565);
#1296=AXIS2_PLACEMENT_3D('',#1989,#1567,#1568);
#1297=AXIS2_PLACEMENT_3D('',#2000,#1569,#1570);
#1298=AXIS2_PLACEMENT_3D('',#2002,#1571,#1572);
#1299=AXIS2_PLACEMENT_3D('',#2004,#1574,#1575);
#1300=AXIS2_PLACEMENT_3D('',#2005,#1576,#1577);
#1301=AXIS2_PLACEMENT_3D('',#2006,#1578,#1579);
#1302=AXIS2_PLACEMENT_3D('',#2008,#1580,#1581);
#1303=AXIS2_PLACEMENT_3D('',#2010,#1583,#1584);
#1304=AXIS2_PLACEMENT_3D('',#2011,#1585,#1586);
#1305=AXIS2_PLACEMENT_3D('',#2013,#1587,#1588);
#1306=AXIS2_PLACEMENT_3D('',#2016,#1590,#1591);
#1307=AXIS2_PLACEMENT_3D('',#2017,#1592,#1593);
#1308=AXIS2_PLACEMENT_3D('',#2018,#1594,#1595);
#1309=AXIS2_PLACEMENT_3D('',#2020,#1596,#1597);
#1310=AXIS2_PLACEMENT_3D('',#2023,#1599,#1600);
#1311=AXIS2_PLACEMENT_3D('',#2024,#1601,#1602);
#1312=AXIS2_PLACEMENT_3D('',#2025,#1603,#1604);
#1313=AXIS2_PLACEMENT_3D('',#2027,#1605,#1606);
#1314=AXIS2_PLACEMENT_3D('',#2030,#1608,#1609);
#1315=AXIS2_PLACEMENT_3D('',#2031,#1610,#1611);
#1316=AXIS2_PLACEMENT_3D('',#2032,#1612,#1613);
#1317=AXIS2_PLACEMENT_3D('',#2034,#1614,#1615);
#1318=AXIS2_PLACEMENT_3D('',#2037,#1617,#1618);
#1319=AXIS2_PLACEMENT_3D('',#2038,#1619,#1620);
#1320=AXIS2_PLACEMENT_3D('',#2039,#1621,#1622);
#1321=AXIS2_PLACEMENT_3D('',#2048,#1627,#1628);
#1322=AXIS2_PLACEMENT_3D('',#2057,#1633,#1634);
#1323=AXIS2_PLACEMENT_3D('',#2058,#1635,#1636);
#1324=AXIS2_PLACEMENT_3D('',#2059,#1637,#1638);
#1325=AXIS2_PLACEMENT_3D('',#2060,#1639,#1640);
#1326=AXIS2_PLACEMENT_3D('',#2069,#1645,#1646);
#1327=AXIS2_PLACEMENT_3D('',#2071,#1647,#1648);
#1328=AXIS2_PLACEMENT_3D('',#2074,#1650,#1651);
#1329=AXIS2_PLACEMENT_3D('',#2075,#1652,#1653);
#1330=AXIS2_PLACEMENT_3D('',#2081,#1657,#1658);
#1331=AXIS2_PLACEMENT_3D('',#2082,#1659,#1660);
#1332=AXIS2_PLACEMENT_3D('',#2083,#1661,#1662);
#1333=AXIS2_PLACEMENT_3D('',#2084,#1663,#1664);
#1334=AXIS2_PLACEMENT_3D('',#2085,#1665,#1666);
#1335=AXIS2_PLACEMENT_3D('',#2094,#1671,#1672);
#1336=AXIS2_PLACEMENT_3D('',#2096,#1673,#1674);
#1337=AXIS2_PLACEMENT_3D('',#2099,#1676,#1677);
#1338=AXIS2_PLACEMENT_3D('',#2100,#1678,#1679);
#1339=AXIS2_PLACEMENT_3D('',#2106,#1683,#1684);
#1340=AXIS2_PLACEMENT_3D('',#2107,#1685,#1686);
#1341=AXIS2_PLACEMENT_3D('',#2108,#1687,#1688);
#1342=AXIS2_PLACEMENT_3D('',#2109,#1689,#1690);
#1343=AXIS2_PLACEMENT_3D('',#2110,#1691,#1692);
#1344=AXIS2_PLACEMENT_3D('',#2111,#1693,#1694);
#1345=AXIS2_PLACEMENT_3D('',#2112,#1695,#1696);
#1346=AXIS2_PLACEMENT_3D('',#2113,#1697,#1698);
#1347=AXIS2_PLACEMENT_3D('',#2114,#1699,#1700);
#1348=AXIS2_PLACEMENT_3D('',#2127,#1701,#1702);
#1349=AXIS2_PLACEMENT_3D('',#2128,#1703,#1704);
#1350=AXIS2_PLACEMENT_3D('',#2130,#1705,#1706);
#1351=AXIS2_PLACEMENT_3D('',#2133,#1708,#1709);
#1352=AXIS2_PLACEMENT_3D('',#2134,#1710,#1711);
#1353=AXIS2_PLACEMENT_3D('',#2135,#1712,#1713);
#1354=AXIS2_PLACEMENT_3D('',#2137,#1714,#1715);
#1355=AXIS2_PLACEMENT_3D('',#2140,#1717,#1718);
#1356=AXIS2_PLACEMENT_3D('',#2141,#1719,#1720);
#1357=AXIS2_PLACEMENT_3D('',#2142,#1721,#1722);
#1358=AXIS2_PLACEMENT_3D('',#2145,#1725,#1726);
#1359=AXIS2_PLACEMENT_3D('',#2147,#1728,#1729);
#1360=AXIS2_PLACEMENT_3D('',#2150,#1732,#1733);
#1361=AXIS2_PLACEMENT_3D('',#2152,#1735,#1736);
#1362=AXIS2_PLACEMENT_3D('',#2153,#1737,#1738);
#1363=AXIS2_PLACEMENT_3D('',#2155,#1740,#1741);
#1364=AXIS2_PLACEMENT_3D('',#2157,#1743,#1744);
#1365=AXIS2_PLACEMENT_3D('',#2158,#1745,#1746);
#1366=AXIS2_PLACEMENT_3D('',#2161,#1747,#1748);
#1367=AXIS2_PLACEMENT_3D('',#2162,#1749,#1750);
#1368=AXIS2_PLACEMENT_3D('',#2163,#1751,#1752);
#1369=AXIS2_PLACEMENT_3D('',#2174,#1753,#1754);
#1370=AXIS2_PLACEMENT_3D('',#2177,#1755,#1756);
#1371=AXIS2_PLACEMENT_3D('',#2180,#1757,#1758);
#1372=AXIS2_PLACEMENT_3D('',#2181,#1759,#1760);
#1373=AXIS2_PLACEMENT_3D('',#2186,#1761,#1762);
#1374=AXIS2_PLACEMENT_3D('',#2191,#1763,#1764);
#1375=AXIS2_PLACEMENT_3D('',#2194,#1765,#1766);
#1376=AXIS2_PLACEMENT_3D('',#2201,#1767,#1768);
#1377=AXIS2_PLACEMENT_3D('',#2202,#1769,#1770);
#1378=AXIS2_PLACEMENT_3D('',#2240,#1771,#1772);
#1379=AXIS2_PLACEMENT_3D('',#2241,#1773,#1774);
#1380=AXIS2_PLACEMENT_3D('',#2242,#1775,#1776);
#1381=AXIS2_PLACEMENT_3D('',#2243,#1777,#1778);
#1382=AXIS2_PLACEMENT_3D('',#2244,#1779,#1780);
#1383=AXIS2_PLACEMENT_3D('',#2245,#1781,#1782);
#1384=AXIS2_PLACEMENT_3D('',#2260,#1783,#1784);
#1385=AXIS2_PLACEMENT_3D('',#2261,#1785,#1786);
#1386=AXIS2_PLACEMENT_3D('',#2262,#1787,#1788);
#1387=AXIS2_PLACEMENT_3D('',#2265,#1789,#1790);
#1388=AXIS2_PLACEMENT_3D('',#2268,#1791,#1792);
#1389=AXIS2_PLACEMENT_3D('',#2271,#1793,#1794);
#1390=AXIS2_PLACEMENT_3D('',#2276,#1795,#1796);
#1391=AXIS2_PLACEMENT_3D('',#2283,#1797,#1798);
#1392=DIRECTION('axis',(0.,0.,1.));
#1393=DIRECTION('refdir',(1.,0.,0.));
#1394=DIRECTION('center_axis',(-0.548664619008334,0.270138740915687,-0.791196686358662));
#1395=DIRECTION('ref_axis',(0.709824660226261,-0.349486978640979,-0.611561774062992));
#1396=DIRECTION('center_axis',(0.,0.,-1.));
#1397=DIRECTION('ref_axis',(1.,0.,0.));
#1398=DIRECTION('center_axis',(1.,0.,0.));
#1399=DIRECTION('ref_axis',(0.,-0.496163668735705,-0.868229010012178));
#1400=DIRECTION('center_axis',(0.,-0.861567381820817,-0.50764322765346));
#1401=DIRECTION('ref_axis',(0.,-0.50764322765346,0.861567381820817));
#1402=DIRECTION('center_axis',(0.,0.,-1.));
#1403=DIRECTION('ref_axis',(0.707106781186544,-0.707106781186551,0.));
#1404=DIRECTION('center_axis',(0.,0.,-1.));
#1405=DIRECTION('ref_axis',(1.,0.,0.));
#1406=DIRECTION('',(0.,0.,-1.));
#1407=DIRECTION('',(0.,0.,1.));
#1408=DIRECTION('center_axis',(0.548664619008338,-0.27013874091568,-0.791196686358662));
#1409=DIRECTION('ref_axis',(0.709824660226264,-0.349486978640972,0.611561774062992));
#1410=DIRECTION('center_axis',(0.,-0.861567381820817,0.507643227653461));
#1411=DIRECTION('ref_axis',(0.,-0.507643227653461,-0.861567381820816));
#1412=DIRECTION('center_axis',(1.,0.,0.));
#1413=DIRECTION('ref_axis',(0.,-0.496163668735705,0.868229010012178));
#1414=DIRECTION('center_axis',(1.,0.,0.));
#1415=DIRECTION('ref_axis',(0.,0.,-1.));
#1416=DIRECTION('center_axis',(1.,0.,0.));
#1417=DIRECTION('ref_axis',(0.,1.,0.));
#1418=DIRECTION('center_axis',(-1.,0.,0.));
#1419=DIRECTION('ref_axis',(0.,-0.496163668735705,0.868229010012178));
#1420=DIRECTION('',(0.,0.,-1.));
#1421=DIRECTION('center_axis',(1.,0.,0.));
#1422=DIRECTION('ref_axis',(0.,-0.880428903864175,-0.474178178789922));
#1423=DIRECTION('center_axis',(-1.,0.,0.));
#1424=DIRECTION('ref_axis',(0.,-0.999923353774632,0.0123808956094858));
#1425=DIRECTION('center_axis',(-1.,0.,0.));
#1426=DIRECTION('ref_axis',(0.,-0.704062010030387,-0.710138497781927));
#1427=DIRECTION('',(0.,1.,0.));
#1428=DIRECTION('',(0.,0.,1.));
#1429=DIRECTION('',(0.,-1.,0.));
#1430=DIRECTION('center_axis',(-1.,0.,0.));
#1431=DIRECTION('ref_axis',(0.,-0.704062010030387,0.710138497781927));
#1432=DIRECTION('center_axis',(-1.,0.,0.));
#1433=DIRECTION('ref_axis',(0.,-0.687738148081097,0.725958841583999));
#1434=DIRECTION('center_axis',(1.,0.,0.));
#1435=DIRECTION('ref_axis',(0.,-0.687738148081098,0.725958841583999));
#1436=DIRECTION('',(0.,0.,1.));
#1437=DIRECTION('center_axis',(1.,0.,0.));
#1438=DIRECTION('ref_axis',(0.,0.998795142189444,-0.0490740658471312));
#1439=DIRECTION('center_axis',(-1.,0.,0.));
#1440=DIRECTION('ref_axis',(0.,0.999319312162389,-0.036890545391613));
#1441=DIRECTION('center_axis',(-1.,0.,0.));
#1442=DIRECTION('ref_axis',(0.,1.,0.));
#1443=DIRECTION('center_axis',(1.,0.,0.));
#1444=DIRECTION('ref_axis',(0.,-0.496163668735705,-0.868229010012178));
#1445=DIRECTION('',(-1.,0.,0.));
#1446=DIRECTION('center_axis',(-1.,0.,0.));
#1447=DIRECTION('ref_axis',(0.,-0.496163668735705,-0.868229010012178));
#1448=DIRECTION('',(1.,0.,0.));
#1449=DIRECTION('center_axis',(1.,0.,0.));
#1450=DIRECTION('ref_axis',(0.,-0.496163668735705,0.868229010012178));
#1451=DIRECTION('',(-1.,0.,0.));
#1452=DIRECTION('center_axis',(-1.,0.,0.));
#1453=DIRECTION('ref_axis',(0.,-0.496163668735705,0.868229010012178));
#1454=DIRECTION('',(1.,0.,0.));
#1455=DIRECTION('center_axis',(1.,0.,0.));
#1456=DIRECTION('ref_axis',(0.,1.,-1.22464679914735E-16));
#1457=DIRECTION('center_axis',(-1.,0.,0.));
#1458=DIRECTION('ref_axis',(0.,-1.,0.));
#1459=DIRECTION('center_axis',(1.,0.,0.));
#1460=DIRECTION('ref_axis',(0.,-0.496163668735705,-0.868229010012178));
#1461=DIRECTION('center_axis',(-1.,0.,0.));
#1462=DIRECTION('ref_axis',(0.,0.507643227653461,-0.861567381820816));
#1463=DIRECTION('',(-1.,0.,0.));
#1464=DIRECTION('center_axis',(-1.,0.,0.));
#1465=DIRECTION('ref_axis',(0.,-0.496163668735705,-0.868229010012178));
#1466=DIRECTION('',(1.,0.,0.));
#1467=DIRECTION('center_axis',(1.,0.,0.));
#1468=DIRECTION('ref_axis',(0.,-0.496163668735705,0.868229010012178));
#1469=DIRECTION('',(-1.,0.,0.));
#1470=DIRECTION('center_axis',(-1.,0.,0.));
#1471=DIRECTION('ref_axis',(0.,-0.496163668735705,0.868229010012178));
#1472=DIRECTION('',(1.,0.,0.));
#1473=DIRECTION('center_axis',(-1.,0.,0.));
#1474=DIRECTION('ref_axis',(0.,1.,0.));
#1475=DIRECTION('center_axis',(-3.82612777825393E-15,0.861567381820816,
0.507643227653461));
#1476=DIRECTION('ref_axis',(1.,4.44089209850062E-15,0.));
#1477=DIRECTION('center_axis',(-1.,0.,0.));
#1478=DIRECTION('ref_axis',(0.,0.998795142189444,-0.0490740658471312));
#1479=DIRECTION('center_axis',(-0.548664619008333,0.270138740915688,-0.791196686358662));
#1480=DIRECTION('ref_axis',(0.70982466022626,-0.349486978640982,-0.611561774062991));
#1481=DIRECTION('center_axis',(0.,0.,-1.));
#1482=DIRECTION('ref_axis',(0.707106781186545,-0.70710678118655,0.));
#1483=DIRECTION('center_axis',(0.,0.,-1.));
#1484=DIRECTION('ref_axis',(0.707106781186544,-0.707106781186551,0.));
#1485=DIRECTION('',(0.,0.,-1.));
#1486=DIRECTION('center_axis',(0.,-1.,0.));
#1487=DIRECTION('ref_axis',(0.,0.,-1.));
#1488=DIRECTION('',(0.,0.,-1.));
#1489=DIRECTION('',(1.,0.,0.));
#1490=DIRECTION('',(0.,0.,1.));
#1491=DIRECTION('',(1.,0.,0.));
#1492=DIRECTION('',(0.,0.,-1.));
#1493=DIRECTION('',(1.,0.,0.));
#1494=DIRECTION('',(0.,0.,-1.));
#1495=DIRECTION('center_axis',(-1.,0.,0.));
#1496=DIRECTION('ref_axis',(0.,-1.,0.));
#1497=DIRECTION('center_axis',(1.,0.,0.));
#1498=DIRECTION('ref_axis',(0.,-1.,0.));
#1499=DIRECTION('',(-0.707106781186548,0.707106781186547,8.65956056235493E-17));
#1500=DIRECTION('center_axis',(-1.,0.,0.));
#1501=DIRECTION('ref_axis',(0.,-1.,0.));
#1502=DIRECTION('center_axis',(1.,0.,0.));
#1503=DIRECTION('ref_axis',(0.,0.,-1.));
#1504=DIRECTION('',(0.,0.,-1.));
#1505=DIRECTION('center_axis',(1.,0.,0.));
#1506=DIRECTION('ref_axis',(0.,-0.687738148081098,0.725958841583999));
#1507=DIRECTION('center_axis',(-1.,0.,0.));
#1508=DIRECTION('ref_axis',(0.,-0.687738148081097,0.725958841583999));
#1509=DIRECTION('center_axis',(1.,0.,0.));
#1510=DIRECTION('ref_axis',(0.,-0.704062010030387,0.710138497781927));
#1511=DIRECTION('',(0.,-1.,0.));
#1512=DIRECTION('',(0.,0.,1.));
#1513=DIRECTION('',(0.,1.,0.));
#1514=DIRECTION('center_axis',(1.,0.,0.));
#1515=DIRECTION('ref_axis',(0.,-0.704062010030387,-0.710138497781927));
#1516=DIRECTION('center_axis',(-1.,0.,0.));
#1517=DIRECTION('ref_axis',(0.,-0.999923353774632,0.0123808956094858));
#1518=DIRECTION('center_axis',(1.,0.,0.));
#1519=DIRECTION('ref_axis',(0.,-0.880428903864175,-0.474178178789922));
#1520=DIRECTION('center_axis',(1.,0.,0.));
#1521=DIRECTION('ref_axis',(0.,1.,0.));
#1522=DIRECTION('center_axis',(-1.,0.,0.));
#1523=DIRECTION('ref_axis',(0.,-1.,0.));
#1524=DIRECTION('center_axis',(-1.,0.,0.));
#1525=DIRECTION('ref_axis',(0.,-1.,0.));
#1526=DIRECTION('center_axis',(-1.,0.,0.));
#1527=DIRECTION('ref_axis',(0.,-1.,0.));
#1528=DIRECTION('center_axis',(-1.,0.,0.));
#1529=DIRECTION('ref_axis',(0.,-1.,0.));
#1530=DIRECTION('center_axis',(-1.,0.,0.));
#1531=DIRECTION('ref_axis',(0.,-1.,0.));
#1532=DIRECTION('center_axis',(1.,0.,0.));
#1533=DIRECTION('ref_axis',(0.,-1.,0.));
#1534=DIRECTION('center_axis',(-1.,0.,0.));
#1535=DIRECTION('ref_axis',(0.,-1.,0.));
#1536=DIRECTION('',(-1.,0.,0.));
#1537=DIRECTION('center_axis',(-1.,0.,0.));
#1538=DIRECTION('ref_axis',(0.,-1.,0.));
#1539=DIRECTION('center_axis',(1.,0.,0.));
#1540=DIRECTION('ref_axis',(0.,-1.,0.));
#1541=DIRECTION('',(-0.707106781186548,0.707106781186547,8.65956056235493E-17));
#1542=DIRECTION('center_axis',(1.,0.,0.));
#1543=DIRECTION('ref_axis',(0.,-1.,0.));
#1544=DIRECTION('center_axis',(-1.,0.,0.));
#1545=DIRECTION('ref_axis',(0.,-1.,0.));
#1546=DIRECTION('',(-1.,0.,0.));
#1547=DIRECTION('center_axis',(-1.,0.,0.));
#1548=DIRECTION('ref_axis',(0.,-1.,0.));
#1549=DIRECTION('center_axis',(1.,0.,0.));
#1550=DIRECTION('ref_axis',(0.,-1.,0.));
#1551=DIRECTION('',(-0.707106781186548,0.707106781186547,8.65956056235493E-17));
#1552=DIRECTION('center_axis',(1.,0.,0.));
#1553=DIRECTION('ref_axis',(0.,-1.,0.));
#1554=DIRECTION('center_axis',(-1.,0.,0.));
#1555=DIRECTION('ref_axis',(0.,-1.,0.));
#1556=DIRECTION('',(-1.,0.,0.));
#1557=DIRECTION('center_axis',(-1.,0.,0.));
#1558=DIRECTION('ref_axis',(0.,-1.,0.));
#1559=DIRECTION('center_axis',(1.,0.,0.));
#1560=DIRECTION('ref_axis',(0.,-1.,0.));
#1561=DIRECTION('',(-0.707106781186548,0.707106781186547,8.65956056235493E-17));
#1562=DIRECTION('center_axis',(1.,0.,0.));
#1563=DIRECTION('ref_axis',(0.,-1.,0.));
#1564=DIRECTION('center_axis',(-1.,0.,0.));
#1565=DIRECTION('ref_axis',(0.,-1.,0.));
#1566=DIRECTION('',(-1.,0.,0.));
#1567=DIRECTION('center_axis',(1.,0.,0.));
#1568=DIRECTION('ref_axis',(0.,1.,0.));
#1569=DIRECTION('center_axis',(1.,0.,0.));
#1570=DIRECTION('ref_axis',(0.,-1.,0.));
#1571=DIRECTION('center_axis',(-1.,0.,0.));
#1572=DIRECTION('ref_axis',(0.,-1.,0.));
#1573=DIRECTION('',(-1.,0.,0.));
#1574=DIRECTION('center_axis',(1.,0.,0.));
#1575=DIRECTION('ref_axis',(0.,0.,-1.));
#1576=DIRECTION('center_axis',(-1.,0.,0.));
#1577=DIRECTION('ref_axis',(0.,-1.,0.));
#1578=DIRECTION('center_axis',(1.,0.,0.));
#1579=DIRECTION('ref_axis',(0.,-1.,0.));
#1580=DIRECTION('center_axis',(-1.,0.,0.));
#1581=DIRECTION('ref_axis',(0.,-1.,0.));
#1582=DIRECTION('',(-1.,0.,0.));
#1583=DIRECTION('center_axis',(1.,0.,0.));
#1584=DIRECTION('ref_axis',(0.,0.,-1.));
#1585=DIRECTION('center_axis',(0.,-1.,0.));
#1586=DIRECTION('ref_axis',(1.,0.,0.));
#1587=DIRECTION('center_axis',(0.,-1.,0.));
#1588=DIRECTION('ref_axis',(1.,0.,0.));
#1589=DIRECTION('',(0.,-1.,0.));
#1590=DIRECTION('center_axis',(0.,-1.,0.));
#1591=DIRECTION('ref_axis',(1.,0.,0.));
#1592=DIRECTION('center_axis',(0.,1.,0.));
#1593=DIRECTION('ref_axis',(0.,0.,1.));
#1594=DIRECTION('center_axis',(0.,-1.,0.));
#1595=DIRECTION('ref_axis',(1.,0.,0.));
#1596=DIRECTION('center_axis',(0.,-1.,0.));
#1597=DIRECTION('ref_axis',(1.,0.,0.));
#1598=DIRECTION('',(0.,-1.,0.));
#1599=DIRECTION('center_axis',(0.,-1.,0.));
#1600=DIRECTION('ref_axis',(1.,0.,0.));
#1601=DIRECTION('center_axis',(0.,1.,0.));
#1602=DIRECTION('ref_axis',(0.,0.,1.));
#1603=DIRECTION('center_axis',(0.,-1.,0.));
#1604=DIRECTION('ref_axis',(1.,0.,0.));
#1605=DIRECTION('center_axis',(0.,-1.,0.));
#1606=DIRECTION('ref_axis',(1.,0.,0.));
#1607=DIRECTION('',(0.,-1.,0.));
#1608=DIRECTION('center_axis',(0.,-1.,0.));
#1609=DIRECTION('ref_axis',(1.,0.,0.));
#1610=DIRECTION('center_axis',(0.,1.,0.));
#1611=DIRECTION('ref_axis',(0.,0.,1.));
#1612=DIRECTION('center_axis',(0.,-1.,0.));
#1613=DIRECTION('ref_axis',(1.,0.,0.));
#1614=DIRECTION('center_axis',(0.,-1.,0.));
#1615=DIRECTION('ref_axis',(1.,0.,0.));
#1616=DIRECTION('',(0.,-1.,0.));
#1617=DIRECTION('center_axis',(0.,-1.,0.));
#1618=DIRECTION('ref_axis',(1.,0.,0.));
#1619=DIRECTION('center_axis',(0.,1.,0.));
#1620=DIRECTION('ref_axis',(0.,0.,1.));
#1621=DIRECTION('center_axis',(-1.,0.,0.));
#1622=DIRECTION('ref_axis',(0.,0.,-1.));
#1623=DIRECTION('',(0.,0.,-1.));
#1624=DIRECTION('',(0.,1.,0.));
#1625=DIRECTION('',(0.,0.,-1.));
#1626=DIRECTION('',(0.,-1.,0.));
#1627=DIRECTION('center_axis',(1.,0.,0.));
#1628=DIRECTION('ref_axis',(0.,0.,1.));
#1629=DIRECTION('',(0.,0.,1.));
#1630=DIRECTION('',(0.,-1.,0.));
#1631=DIRECTION('',(0.,0.,1.));
#1632=DIRECTION('',(0.,1.,0.));
#1633=DIRECTION('center_axis',(0.,-1.,0.));
#1634=DIRECTION('ref_axis',(1.,0.,0.));
#1635=DIRECTION('center_axis',(0.,-1.,0.));
#1636=DIRECTION('ref_axis',(1.,0.,0.));
#1637=DIRECTION('center_axis',(0.,-1.,0.));
#1638=DIRECTION('ref_axis',(1.,0.,0.));
#1639=DIRECTION('center_axis',(-1.,0.,0.));
#1640=DIRECTION('ref_axis',(0.,0.,-1.));
#1641=DIRECTION('',(0.,0.,-1.));
#1642=DIRECTION('',(0.,-1.,0.));
#1643=DIRECTION('',(0.,0.,-1.));
#1644=DIRECTION('',(0.,-1.,0.));
#1645=DIRECTION('center_axis',(0.,-1.,0.));
#1646=DIRECTION('ref_axis',(1.,0.,0.));
#1647=DIRECTION('center_axis',(0.,-1.,0.));
#1648=DIRECTION('ref_axis',(1.,0.,0.));
#1649=DIRECTION('',(0.,-1.,0.));
#1650=DIRECTION('center_axis',(0.,-1.,0.));
#1651=DIRECTION('ref_axis',(1.,0.,0.));
#1652=DIRECTION('center_axis',(1.,0.,0.));
#1653=DIRECTION('ref_axis',(0.,0.,1.));
#1654=DIRECTION('',(0.,0.,1.));
#1655=DIRECTION('',(0.,-1.,0.));
#1656=DIRECTION('',(0.,0.,1.));
#1657=DIRECTION('center_axis',(0.,-1.,0.));
#1658=DIRECTION('ref_axis',(1.,0.,0.));
#1659=DIRECTION('center_axis',(0.,-1.,0.));
#1660=DIRECTION('ref_axis',(1.,0.,0.));
#1661=DIRECTION('center_axis',(0.,-1.,0.));
#1662=DIRECTION('ref_axis',(1.,0.,0.));
#1663=DIRECTION('center_axis',(0.,1.,0.));
#1664=DIRECTION('ref_axis',(0.,0.,1.));
#1665=DIRECTION('center_axis',(0.999999999999986,0.,-1.6739974295632E-7));
#1666=DIRECTION('ref_axis',(1.6739974295632E-7,0.,0.999999999999986));
#1667=DIRECTION('',(1.6739974295632E-7,0.,0.999999999999986));
#1668=DIRECTION('',(0.,-1.,0.));
#1669=DIRECTION('',(1.6739974295632E-7,0.,0.999999999999986));
#1670=DIRECTION('',(0.,-1.,0.));
#1671=DIRECTION('center_axis',(0.,-1.,0.));
#1672=DIRECTION('ref_axis',(-1.67399740475481E-7,0.,-0.999999999999986));
#1673=DIRECTION('center_axis',(0.,-1.,0.));
#1674=DIRECTION('ref_axis',(1.,0.,0.));
#1675=DIRECTION('',(0.,-1.,0.));
#1676=DIRECTION('center_axis',(0.,-1.,0.));
#1677=DIRECTION('ref_axis',(1.,0.,0.));
#1678=DIRECTION('center_axis',(-0.999999999999986,0.,1.67399742734276E-7));
#1679=DIRECTION('ref_axis',(-1.67399742734276E-7,0.,-0.999999999999986));
#1680=DIRECTION('',(-1.67399742734276E-7,0.,-0.999999999999986));
#1681=DIRECTION('',(0.,-1.,0.));
#1682=DIRECTION('',(-1.67399742734276E-7,0.,-0.999999999999986));
#1683=DIRECTION('center_axis',(0.,-1.,0.));
#1684=DIRECTION('ref_axis',(1.,0.,0.));
#1685=DIRECTION('center_axis',(0.,-1.,0.));
#1686=DIRECTION('ref_axis',(1.,0.,0.));
#1687=DIRECTION('center_axis',(0.,-1.,0.));
#1688=DIRECTION('ref_axis',(1.,0.,0.));
#1689=DIRECTION('center_axis',(0.,1.,0.));
#1690=DIRECTION('ref_axis',(0.,0.,1.));
#1691=DIRECTION('center_axis',(0.,-1.,0.));
#1692=DIRECTION('ref_axis',(1.,0.,0.));
#1693=DIRECTION('center_axis',(0.,-1.,0.));
#1694=DIRECTION('ref_axis',(1.,0.,0.));
#1695=DIRECTION('center_axis',(0.,-1.,0.));
#1696=DIRECTION('ref_axis',(1.,0.,0.));
#1697=DIRECTION('center_axis',(0.,1.,0.));
#1698=DIRECTION('ref_axis',(0.,0.,1.));
#1699=DIRECTION('center_axis',(0.,0.,-1.));
#1700=DIRECTION('ref_axis',(-0.707106781186546,-0.707106781186549,0.));
#1701=DIRECTION('center_axis',(1.,0.,0.));
#1702=DIRECTION('ref_axis',(0.,1.,1.22464679914735E-16));
#1703=DIRECTION('center_axis',(0.,-1.,0.));
#1704=DIRECTION('ref_axis',(1.,0.,0.));
#1705=DIRECTION('center_axis',(0.,-1.,0.));
#1706=DIRECTION('ref_axis',(1.,0.,0.));
#1707=DIRECTION('',(0.,-1.,0.));
#1708=DIRECTION('center_axis',(0.,-1.,0.));
#1709=DIRECTION('ref_axis',(1.,0.,0.));
#1710=DIRECTION('center_axis',(0.,1.,0.));
#1711=DIRECTION('ref_axis',(0.,0.,1.));
#1712=DIRECTION('center_axis',(0.,-1.,0.));
#1713=DIRECTION('ref_axis',(1.,0.,0.));
#1714=DIRECTION('center_axis',(0.,-1.,0.));
#1715=DIRECTION('ref_axis',(1.,0.,0.));
#1716=DIRECTION('',(0.,-1.,0.));
#1717=DIRECTION('center_axis',(0.,-1.,0.));
#1718=DIRECTION('ref_axis',(1.,0.,0.));
#1719=DIRECTION('center_axis',(0.,1.,0.));
#1720=DIRECTION('ref_axis',(0.,0.,1.));
#1721=DIRECTION('center_axis',(1.,0.,0.));
#1722=DIRECTION('ref_axis',(0.,-0.704062010030387,0.710138497781927));
#1723=DIRECTION('',(-1.,0.,0.));
#1724=DIRECTION('',(1.,0.,0.));
#1725=DIRECTION('center_axis',(1.,0.,0.));
#1726=DIRECTION('ref_axis',(0.,-0.687738148081097,0.725958841583999));
#1727=DIRECTION('',(1.,0.,0.));
#1728=DIRECTION('center_axis',(1.,0.,0.));
#1729=DIRECTION('ref_axis',(0.,-0.704062010030387,-0.710138497781927));
#1730=DIRECTION('',(-1.,0.,0.));
#1731=DIRECTION('',(1.,0.,0.));
#1732=DIRECTION('center_axis',(1.,0.,0.));
#1733=DIRECTION('ref_axis',(0.,-0.999923353774632,0.0123808956094858));
#1734=DIRECTION('',(1.,0.,0.));
#1735=DIRECTION('center_axis',(1.,0.,0.));
#1736=DIRECTION('ref_axis',(0.,-0.687738148081098,0.725958841583999));
#1737=DIRECTION('center_axis',(0.,0.,1.));
#1738=DIRECTION('ref_axis',(0.,-1.,0.));
#1739=DIRECTION('',(1.,0.,0.));
#1740=DIRECTION('center_axis',(0.,1.,0.));
#1741=DIRECTION('ref_axis',(0.,0.,1.));
#1742=DIRECTION('',(1.,0.,0.));
#1743=DIRECTION('center_axis',(0.,0.,-1.));
#1744=DIRECTION('ref_axis',(0.,1.,0.));
#1745=DIRECTION('center_axis',(1.,0.,0.));
#1746=DIRECTION('ref_axis',(0.,-0.880428903864175,-0.474178178789922));
#1747=DIRECTION('center_axis',(1.,0.,0.));
#1748=DIRECTION('ref_axis',(0.,1.,0.));
#1749=DIRECTION('center_axis',(1.,0.,0.));
#1750=DIRECTION('ref_axis',(0.,1.,0.));
#1751=DIRECTION('center_axis',(1.,0.,0.));
#1752=DIRECTION('ref_axis',(0.,1.,0.));
#1753=DIRECTION('center_axis',(1.,0.,0.));
#1754=DIRECTION('ref_axis',(0.,1.,0.));
#1755=DIRECTION('center_axis',(1.,0.,0.));
#1756=DIRECTION('ref_axis',(0.,1.,0.));
#1757=DIRECTION('center_axis',(1.,0.,0.));
#1758=DIRECTION('ref_axis',(0.,1.,0.));
#1759=DIRECTION('center_axis',(1.,0.,0.));
#1760=DIRECTION('ref_axis',(0.,1.,0.));
#1761=DIRECTION('center_axis',(1.,0.,0.));
#1762=DIRECTION('ref_axis',(0.,1.,0.));
#1763=DIRECTION('center_axis',(1.,0.,0.));
#1764=DIRECTION('ref_axis',(0.,1.,0.));
#1765=DIRECTION('center_axis',(1.,0.,0.));
#1766=DIRECTION('ref_axis',(0.,1.,0.));
#1767=DIRECTION('center_axis',(1.,0.,0.));
#1768=DIRECTION('ref_axis',(0.,1.,0.));
#1769=DIRECTION('center_axis',(1.,0.,0.));
#1770=DIRECTION('ref_axis',(0.,1.,0.));
#1771=DIRECTION('center_axis',(0.,1.,0.));
#1772=DIRECTION('ref_axis',(1.,0.,0.));
#1773=DIRECTION('center_axis',(0.,1.,0.));
#1774=DIRECTION('ref_axis',(1.,0.,0.));
#1775=DIRECTION('center_axis',(0.,1.,0.));
#1776=DIRECTION('ref_axis',(1.,0.,0.));
#1777=DIRECTION('center_axis',(0.,1.,0.));
#1778=DIRECTION('ref_axis',(1.,0.,0.));
#1779=DIRECTION('center_axis',(0.,1.,0.));
#1780=DIRECTION('ref_axis',(1.,0.,0.));
#1781=DIRECTION('center_axis',(0.,1.,0.));
#1782=DIRECTION('ref_axis',(1.,0.,0.));
#1783=DIRECTION('center_axis',(0.,1.,0.));
#1784=DIRECTION('ref_axis',(1.,0.,0.));
#1785=DIRECTION('center_axis',(0.,1.,0.));
#1786=DIRECTION('ref_axis',(1.,0.,0.));
#1787=DIRECTION('center_axis',(0.,1.,0.));
#1788=DIRECTION('ref_axis',(1.,0.,0.));
#1789=DIRECTION('center_axis',(0.,1.,0.));
#1790=DIRECTION('ref_axis',(1.,0.,0.));
#1791=DIRECTION('center_axis',(0.,1.,0.));
#1792=DIRECTION('ref_axis',(1.,0.,0.));
#1793=DIRECTION('center_axis',(0.,1.,0.));
#1794=DIRECTION('ref_axis',(1.,0.,0.));
#1795=DIRECTION('center_axis',(0.,1.,0.));
#1796=DIRECTION('ref_axis',(1.,0.,0.));
#1797=DIRECTION('center_axis',(0.,1.,0.));
#1798=DIRECTION('ref_axis',(1.,0.,0.));
#1799=CARTESIAN_POINT('',(0.,0.,0.));
#1800=CARTESIAN_POINT('Origin',(22.,-22.6596441860348,-30.2709157552017));
#1801=CARTESIAN_POINT('',(23.,-22.6596441860348,-30.2709157552017));
#1802=CARTESIAN_POINT('',(22.,-23.6596441860348,-30.2709157552017));
#1803=CARTESIAN_POINT('Origin',(22.,-22.6596441860348,-30.2709157552017));
#1804=CARTESIAN_POINT('',(22.,-22.1520009583813,-31.1324831370225));
#1805=CARTESIAN_POINT('Origin',(22.,-22.6596441860348,-30.2709157552017));
#1806=CARTESIAN_POINT('Origin',(22.,-22.6596441860348,-30.2709157552017));
#1807=CARTESIAN_POINT('Origin',(22.,-22.6596441860348,16.087800730532));
#1808=CARTESIAN_POINT('',(23.,-22.6596441860348,30.2709119050076));
#1809=CARTESIAN_POINT('',(22.,-23.6596441860348,30.2709119050076));
#1810=CARTESIAN_POINT('Origin',(22.,-22.6596441860348,30.2709119050076));
#1811=CARTESIAN_POINT('',(22.,-23.6596441860348,16.087800730532));
#1812=CARTESIAN_POINT('',(23.,-22.6596441860348,16.087800730532));
#1813=CARTESIAN_POINT('Origin',(22.,-22.6596441860348,30.2709119050076));
#1814=CARTESIAN_POINT('',(22.,-22.1520009583813,31.1324792868284));
#1815=CARTESIAN_POINT('Origin',(22.,-22.6596441860348,30.2709119050076));
#1816=CARTESIAN_POINT('Origin',(22.,-22.6596441860348,30.2709119050076));
#1817=CARTESIAN_POINT('Origin',(23.,-11.8298220930174,-1.92509704177724E-6));
#1818=CARTESIAN_POINT('',(23.,-23.5019657509924,-53.1665732340511));
#1819=CARTESIAN_POINT('Origin',(23.,-15.7556962899477,-41.9882321479648));
#1820=CARTESIAN_POINT('',(23.,-23.6596441860348,-53.7055485407279));
#1821=CARTESIAN_POINT('Origin',(23.,-22.6596441860348,-53.7055485407279));
#1822=CARTESIAN_POINT('',(23.,-23.6596441860348,-55.0000019250971));
#1823=CARTESIAN_POINT('',(23.,-23.6596441860348,-31.9764623708325));
#1824=CARTESIAN_POINT('',(23.,-19.7562950414773,-60.1003391506137));
#1825=CARTESIAN_POINT('Origin',(23.,-5.8247387450561,-45.3945437855737));
#1826=CARTESIAN_POINT('',(23.,-4.9981224054076,-94.008597222258));
#1827=CARTESIAN_POINT('Origin',(23.,-52.2641360258653,-94.4147866612968));
#1828=CARTESIAN_POINT('',(23.,-3.998159329111,-95.0000038501941));
#1829=CARTESIAN_POINT('Origin',(23.,-3.998159329111,-94.0000038501941));
#1830=CARTESIAN_POINT('',(23.,0.,-95.0000038501941));
#1831=CARTESIAN_POINT('',(23.,-5.,-95.0000038501941));
#1832=CARTESIAN_POINT('',(23.,0.,95.));
#1833=CARTESIAN_POINT('',(23.,0.,-95.0000038501941));
#1834=CARTESIAN_POINT('',(23.,-3.99815932911099,95.));
#1835=CARTESIAN_POINT('',(23.,0.,95.));
#1836=CARTESIAN_POINT('',(23.,-4.99812240540759,94.008593372064));
#1837=CARTESIAN_POINT('Origin',(23.,-3.99815932911099,94.));
#1838=CARTESIAN_POINT('',(23.,-19.7562950414773,60.1003353004197));
#1839=CARTESIAN_POINT('Origin',(23.,-52.2641360258653,94.4147828111027));
#1840=CARTESIAN_POINT('',(23.,-22.6596441860348,56.6610672154288));
#1841=CARTESIAN_POINT('Origin',(23.,-5.8247387450561,45.3945399353797));
#1842=CARTESIAN_POINT('',(23.,-22.6596441860348,53.7055446905338));
#1843=CARTESIAN_POINT('',(23.,-22.6596441860348,27.499998074903));
#1844=CARTESIAN_POINT('Origin',(23.,-15.7556962899477,41.9882282977707));
#1845=CARTESIAN_POINT('Origin',(22.,-15.7556962899477,-41.9882321479648));
#1846=CARTESIAN_POINT('',(22.,-22.1520009583813,-52.8439811589071));
#1847=CARTESIAN_POINT('Origin',(22.,-15.7556962899477,-41.9882321479648));
#1848=CARTESIAN_POINT('Ctrl Pts',(23.,-23.5019657509924,-53.1665732340511));
#1849=CARTESIAN_POINT('Ctrl Pts',(23.,-23.4517524926482,-53.0880989332322));
#1850=CARTESIAN_POINT('Ctrl Pts',(22.9870071263962,-23.3917497245827,-53.0184492224413));
#1851=CARTESIAN_POINT('Ctrl Pts',(22.9344643131531,-23.2487709728863,-52.8911552812469));
#1852=CARTESIAN_POINT('Ctrl Pts',(22.8927513302726,-23.1666397063466,-52.8386599439196));
#1853=CARTESIAN_POINT('Ctrl Pts',(22.7739659560731,-22.9711156601319,-52.7473147733728));
#1854=CARTESIAN_POINT('Ctrl Pts',(22.6903252466967,-22.8573608072493,-52.7192381971217));
#1855=CARTESIAN_POINT('Ctrl Pts',(22.5119968779272,-22.6418197340286,-52.6999648233402));
#1856=CARTESIAN_POINT('Ctrl Pts',(22.4161522741878,-22.538168099708,-52.707993305873));
#1857=CARTESIAN_POINT('Ctrl Pts',(22.2160427078444,-22.3394566870306,-52.7524737932749));
#1858=CARTESIAN_POINT('Ctrl Pts',(22.1098542770725,-22.2433275404465,-52.7906867882906));
#1859=CARTESIAN_POINT('Ctrl Pts',(22.0029727584666,-22.1544677881403,-52.8425312443182));
#1860=CARTESIAN_POINT('Ctrl Pts',(22.0014863780927,-22.1532335930055,-52.8432548795326));
#1861=CARTESIAN_POINT('Ctrl Pts',(22.,-22.1520009583813,-52.8439811589071));
#1862=CARTESIAN_POINT('Origin',(0.,-22.6596441860348,-30.2709157552017));
#1863=CARTESIAN_POINT('',(3.,-23.6596441860348,-30.2709157552017));
#1864=CARTESIAN_POINT('',(0.,-23.6596441860348,-30.2709157552017));
#1865=CARTESIAN_POINT('',(3.,-22.1520009583813,-31.1324831370225));
#1866=CARTESIAN_POINT('Origin',(3.,-22.6596441860348,-30.2709157552017));
#1867=CARTESIAN_POINT('',(0.,-22.1520009583813,-31.1324831370225));
#1868=CARTESIAN_POINT('Origin',(0.,-22.6596441860348,-53.7055485407279));
#1869=CARTESIAN_POINT('',(3.,-22.1520009583813,-52.8439811589071));
#1870=CARTESIAN_POINT('',(0.,-22.1520009583813,-52.8439811589071));
#1871=CARTESIAN_POINT('',(3.,-23.6596441860348,-53.7055485407279));
#1872=CARTESIAN_POINT('Origin',(3.,-22.6596441860348,-53.7055485407279));
#1873=CARTESIAN_POINT('',(0.,-23.6596441860348,-53.7055485407279));
#1874=CARTESIAN_POINT('Origin',(0.,-15.7556962899477,-41.9882321479648));
#1875=CARTESIAN_POINT('Origin',(3.,-15.7556962899477,-41.9882321479648));
#1876=CARTESIAN_POINT('Origin',(0.,-22.6596441860348,53.7055446905338));
#1877=CARTESIAN_POINT('',(22.,-22.1520009583813,52.843977308713));
#1878=CARTESIAN_POINT('',(22.,-23.6596441860348,53.7055446905338));
#1879=CARTESIAN_POINT('Origin',(22.,-22.6596441860348,53.7055446905338));
#1880=CARTESIAN_POINT('',(3.,-23.6596441860348,53.7055446905338));
#1881=CARTESIAN_POINT('',(0.,-23.6596441860348,53.7055446905338));
#1882=CARTESIAN_POINT('',(3.,-22.1520009583813,52.843977308713));
#1883=CARTESIAN_POINT('Origin',(3.,-22.6596441860348,53.7055446905338));
#1884=CARTESIAN_POINT('',(0.,-22.1520009583813,52.843977308713));
#1885=CARTESIAN_POINT('Origin',(0.,-22.6596441860348,30.2709119050076));
#1886=CARTESIAN_POINT('',(3.,-22.1520009583813,31.1324792868284));
#1887=CARTESIAN_POINT('',(0.,-22.1520009583813,31.1324792868284));
#1888=CARTESIAN_POINT('',(3.,-23.6596441860348,30.2709119050076));
#1889=CARTESIAN_POINT('Origin',(3.,-22.6596441860348,30.2709119050076));
#1890=CARTESIAN_POINT('',(0.,-23.6596441860348,30.2709119050076));
#1891=CARTESIAN_POINT('Origin',(22.,-15.7556962899477,41.9882282977707));
#1892=CARTESIAN_POINT('Origin',(22.,-22.6596441860348,53.7055446905338));
#1893=CARTESIAN_POINT('Origin',(22.,-15.7556962899477,41.9882282977707));
#1894=CARTESIAN_POINT('Origin',(22.,-22.6596441860348,53.7055446905338));
#1895=CARTESIAN_POINT('Origin',(22.,-22.6596441860348,53.7055446905338));
#1896=CARTESIAN_POINT('Origin',(22.,-22.6596441860348,27.499998074903));
#1897=CARTESIAN_POINT('',(22.,-23.6596441860348,54.999998074903));
#1898=CARTESIAN_POINT('Ctrl Pts',(23.,-22.6596441860348,56.6610672154288));
#1899=CARTESIAN_POINT('Ctrl Pts',(23.,-22.7982492617272,56.4539578475712));
#1900=CARTESIAN_POINT('Ctrl Pts',(22.9702710225854,-22.9448575618277,56.2259041786701));
#1901=CARTESIAN_POINT('Ctrl Pts',(22.8428997708042,-23.2184756396193,55.7808210980315));
#1902=CARTESIAN_POINT('Ctrl Pts',(22.7469029210603,-23.3457429544293,55.5634807435054));
#1903=CARTESIAN_POINT('Ctrl Pts',(22.5444667874228,-23.5029476743498,55.2860201064803));
#1904=CARTESIAN_POINT('Ctrl Pts',(22.4564559054178,-23.5562978105282,55.1898013350825));
#1905=CARTESIAN_POINT('Ctrl Pts',(22.3005248236967,-23.6150340479938,55.0824568842188));
#1906=CARTESIAN_POINT('Ctrl Pts',(22.2445832596821,-23.631136579846,55.0527704787808));
#1907=CARTESIAN_POINT('Ctrl Pts',(22.1264466559129,-23.6534346748795,55.0115475252167));
#1908=CARTESIAN_POINT('Ctrl Pts',(22.0642587518173,-23.6596441860348,54.999998074903));
#1909=CARTESIAN_POINT('Ctrl Pts',(22.,-23.6596441860348,54.999998074903));
#1910=CARTESIAN_POINT('',(22.,-23.6596441860348,27.499998074903));
#1911=CARTESIAN_POINT('Origin',(0.,-23.6596441860348,32.1756033861611));
#1912=CARTESIAN_POINT('',(3.,-23.6596441860348,51.999998074903));
#1913=CARTESIAN_POINT('',(1.,-23.6596441860348,54.999998074903));
#1914=CARTESIAN_POINT('',(0.,-23.6596441860348,54.999998074903));
#1915=CARTESIAN_POINT('',(1.,-23.6596441860348,51.8008532093803));
#1916=CARTESIAN_POINT('',(1.,-23.6596441860348,27.499998074903));
#1917=CARTESIAN_POINT('',(0.,-23.6596441860348,51.8008532093803));
#1918=CARTESIAN_POINT('',(0.,-23.6596441860348,51.8008532093803));
#1919=CARTESIAN_POINT('',(0.,-23.6596441860348,-55.0000019250971));
#1920=CARTESIAN_POINT('',(0.,-23.6596441860348,51.999998074903));
#1921=CARTESIAN_POINT('',(0.,-23.6596441860348,-55.0000019250971));
#1922=CARTESIAN_POINT('',(3.,-23.6596441860348,-31.9764623708325));
#1923=CARTESIAN_POINT('Origin',(1.,-15.75,-50.5000038501941));
#1924=CARTESIAN_POINT('',(2.,-14.25,-50.5000038501941));
#1925=CARTESIAN_POINT('Origin',(2.,-15.75,-50.5000038501941));
#1926=CARTESIAN_POINT('',(0.,-12.25,-50.5000038501941));
#1927=CARTESIAN_POINT('',(1.,-13.25,-50.5000038501941));
#1928=CARTESIAN_POINT('Origin',(0.,-15.75,-50.5000038501941));
#1929=CARTESIAN_POINT('Origin',(0.,-11.8298220930174,-1.92509704177724E-6));
#1930=CARTESIAN_POINT('',(0.,-22.6596441860348,56.6610672154288));
#1931=CARTESIAN_POINT('',(0.,-22.6596441860348,52.5284134692046));
#1932=CARTESIAN_POINT('',(0.,-22.6596441860348,27.499998074903));
#1933=CARTESIAN_POINT('',(0.,-19.7562950414773,60.1003353004197));
#1934=CARTESIAN_POINT('Origin',(0.,-5.8247387450561,45.3945399353797));
#1935=CARTESIAN_POINT('',(0.,-4.99812240540759,94.008593372064));
#1936=CARTESIAN_POINT('Origin',(0.,-52.2641360258653,94.4147828111027));
#1937=CARTESIAN_POINT('',(0.,-3.99815932911099,95.));
#1938=CARTESIAN_POINT('Origin',(0.,-3.99815932911099,94.));
#1939=CARTESIAN_POINT('',(0.,0.,95.));
#1940=CARTESIAN_POINT('',(0.,0.,95.));
#1941=CARTESIAN_POINT('',(0.,0.,-95.0000038501941));
#1942=CARTESIAN_POINT('',(0.,0.,-95.0000038501941));
#1943=CARTESIAN_POINT('',(0.,-3.998159329111,-95.0000038501941));
#1944=CARTESIAN_POINT('',(0.,-5.,-95.0000038501941));
#1945=CARTESIAN_POINT('',(0.,-4.9981224054076,-94.008597222258));
#1946=CARTESIAN_POINT('Origin',(0.,-3.998159329111,-94.0000038501941));
#1947=CARTESIAN_POINT('',(0.,-19.7562950414773,-60.1003391506137));
#1948=CARTESIAN_POINT('Origin',(0.,-52.2641360258653,-94.4147866612968));
#1949=CARTESIAN_POINT('Origin',(0.,-5.8247387450561,-45.3945437855737));
#1950=CARTESIAN_POINT('Origin',(0.,-15.7556962899477,41.9882282977707));
#1951=CARTESIAN_POINT('',(0.,-12.25,-33.5000038501941));
#1952=CARTESIAN_POINT('Origin',(0.,-15.75,-33.5000038501941));
#1953=CARTESIAN_POINT('',(0.,-12.25,50.5));
#1954=CARTESIAN_POINT('Origin',(0.,-15.75,50.5));
#1955=CARTESIAN_POINT('',(0.,-11.7556962899477,41.9882282977707));
#1956=CARTESIAN_POINT('Origin',(0.,-15.7556962899477,41.9882282977707));
#1957=CARTESIAN_POINT('',(0.,-11.7556962899477,-41.9882321479648));
#1958=CARTESIAN_POINT('Origin',(0.,-15.7556962899477,-41.9882321479648));
#1959=CARTESIAN_POINT('',(0.,-12.25,33.5));
#1960=CARTESIAN_POINT('Origin',(0.,-15.75,33.5));
#1961=CARTESIAN_POINT('Origin',(0.,-15.75,-50.5000038501941));
#1962=CARTESIAN_POINT('',(3.,-14.25,-50.5000038501941));
#1963=CARTESIAN_POINT('Origin',(3.,-15.75,-50.5000038501941));
#1964=CARTESIAN_POINT('',(0.,-14.25,-50.5000038501941));
#1965=CARTESIAN_POINT('Origin',(1.,-15.75,-33.5000038501941));
#1966=CARTESIAN_POINT('',(2.,-14.25,-33.5000038501941));
#1967=CARTESIAN_POINT('Origin',(2.,-15.75,-33.5000038501941));
#1968=CARTESIAN_POINT('',(1.,-13.25,-33.5000038501941));
#1969=CARTESIAN_POINT('Origin',(0.,-15.75,-33.5000038501941));
#1970=CARTESIAN_POINT('',(3.,-14.25,-33.5000038501941));
#1971=CARTESIAN_POINT('Origin',(3.,-15.75,-33.5000038501941));
#1972=CARTESIAN_POINT('',(0.,-14.25,-33.5000038501941));
#1973=CARTESIAN_POINT('Origin',(1.,-15.75,33.5));
#1974=CARTESIAN_POINT('',(2.,-14.25,33.5));
#1975=CARTESIAN_POINT('Origin',(2.,-15.75,33.5));
#1976=CARTESIAN_POINT('',(1.,-13.25,33.5));
#1977=CARTESIAN_POINT('Origin',(0.,-15.75,33.5));
#1978=CARTESIAN_POINT('',(3.,-14.25,33.5));
#1979=CARTESIAN_POINT('Origin',(3.,-15.75,33.5));
#1980=CARTESIAN_POINT('',(0.,-14.25,33.5));
#1981=CARTESIAN_POINT('Origin',(1.,-15.75,50.5));
#1982=CARTESIAN_POINT('',(2.,-14.25,50.5));
#1983=CARTESIAN_POINT('Origin',(2.,-15.75,50.5));
#1984=CARTESIAN_POINT('',(1.,-13.25,50.5));
#1985=CARTESIAN_POINT('Origin',(0.,-15.75,50.5));
#1986=CARTESIAN_POINT('',(3.,-14.25,50.5));
#1987=CARTESIAN_POINT('Origin',(3.,-15.75,50.5));
#1988=CARTESIAN_POINT('',(0.,-14.25,50.5));
#1989=CARTESIAN_POINT('Origin',(0.,-15.7556962899477,41.9882282977707));
#1990=CARTESIAN_POINT('Ctrl Pts',(4.33680868994202E-16,-22.6596441860347,
52.5284134692046));
#1991=CARTESIAN_POINT('Ctrl Pts',(-1.49880002702117E-16,-22.7899248169103,
52.443078091049));
#1992=CARTESIAN_POINT('Ctrl Pts',(0.0267327345430015,-22.9282713450668,
52.3486718978837));
#1993=CARTESIAN_POINT('Ctrl Pts',(0.137219500932419,-23.1840672185949,52.1668298648298));
#1994=CARTESIAN_POINT('Ctrl Pts',(0.220878999099125,-23.3016090284164,52.0794666868853));
#1995=CARTESIAN_POINT('Ctrl Pts',(0.404598641610198,-23.4707515985825,51.9505029263422));
#1996=CARTESIAN_POINT('Ctrl Pts',(0.509167341177882,-23.5400515379255,51.8961774103415));
#1997=CARTESIAN_POINT('Ctrl Pts',(0.744102482461559,-23.6346058119251,51.8211539567564));
#1998=CARTESIAN_POINT('Ctrl Pts',(0.874682413225906,-23.6596441860348,51.8008532093803));
#1999=CARTESIAN_POINT('Ctrl Pts',(1.,-23.6596441860348,51.8008532093803));
#2000=CARTESIAN_POINT('Origin',(0.,-15.7556962899477,41.9882282977707));
#2001=CARTESIAN_POINT('',(3.,-11.7556962899477,41.9882282977707));
#2002=CARTESIAN_POINT('Origin',(3.,-15.7556962899477,41.9882282977707));
#2003=CARTESIAN_POINT('',(0.,-11.7556962899477,41.9882282977707));
#2004=CARTESIAN_POINT('Origin',(3.,-13.4076702379912,41.9882282977707));
#2005=CARTESIAN_POINT('Origin',(3.,-15.7556962899477,41.9882282977707));
#2006=CARTESIAN_POINT('Origin',(0.,-15.7556962899477,-41.9882321479648));
#2007=CARTESIAN_POINT('',(3.,-11.7556962899477,-41.9882321479648));
#2008=CARTESIAN_POINT('Origin',(3.,-15.7556962899477,-41.9882321479648));
#2009=CARTESIAN_POINT('',(0.,-11.7556962899477,-41.9882321479648));
#2010=CARTESIAN_POINT('Origin',(3.,-13.4076702379912,-41.9882321479648));
#2011=CARTESIAN_POINT('Origin',(17.00001339198,0.,-80.0000038501941));
#2012=CARTESIAN_POINT('',(14.90001339198,0.,-80.0000038501941));
#2013=CARTESIAN_POINT('Origin',(17.00001339198,0.,-80.0000038501941));
#2014=CARTESIAN_POINT('',(14.90001339198,-6.5,-80.0000038501941));
#2015=CARTESIAN_POINT('',(14.90001339198,0.,-80.0000038501941));
#2016=CARTESIAN_POINT('Origin',(17.00001339198,-6.5,-80.0000038501941));
#2017=CARTESIAN_POINT('Origin',(17.00001339198,-6.5,-80.0000038501941));
#2018=CARTESIAN_POINT('Origin',(4.00001339198001,0.,80.000003180594));
#2019=CARTESIAN_POINT('',(1.90001339198001,0.,80.000003180594));
#2020=CARTESIAN_POINT('Origin',(4.00001339198001,0.,80.000003180594));
#2021=CARTESIAN_POINT('',(1.90001339198001,-6.5,80.000003180594));
#2022=CARTESIAN_POINT('',(1.90001339198001,0.,80.000003180594));
#2023=CARTESIAN_POINT('Origin',(4.00001339198001,-6.5,80.000003180594));
#2024=CARTESIAN_POINT('Origin',(4.00001339198001,-6.5,80.000003180594));
#2025=CARTESIAN_POINT('Origin',(4.00001339198001,0.,-80.0000006696));
#2026=CARTESIAN_POINT('',(1.90001339198001,0.,-80.0000006696));
#2027=CARTESIAN_POINT('Origin',(4.00001339198001,0.,-80.0000006696));
#2028=CARTESIAN_POINT('',(1.90001339198001,-6.5,-80.0000006696));
#2029=CARTESIAN_POINT('',(1.90001339198001,0.,-80.0000006696));
#2030=CARTESIAN_POINT('Origin',(4.00001339198001,-6.5,-80.0000006696));
#2031=CARTESIAN_POINT('Origin',(4.00001339198001,-6.5,-80.0000006696));
#2032=CARTESIAN_POINT('Origin',(17.,0.,80.));
#2033=CARTESIAN_POINT('',(14.9,0.,80.));
#2034=CARTESIAN_POINT('Origin',(17.,0.,80.));
#2035=CARTESIAN_POINT('',(14.9,-6.5,80.));
#2036=CARTESIAN_POINT('',(14.9,0.,80.));
#2037=CARTESIAN_POINT('Origin',(17.,-6.5,80.));
#2038=CARTESIAN_POINT('Origin',(17.,-6.5,80.));
#2039=CARTESIAN_POINT('Origin',(7.25001884075527,0.,83.0000041586621));
#2040=CARTESIAN_POINT('',(7.25001884075527,0.,83.0000041586621));
#2041=CARTESIAN_POINT('',(7.25001884075527,0.,73.0000041586621));
#2042=CARTESIAN_POINT('',(7.25001884075527,0.,-5.99999984576602));
#2043=CARTESIAN_POINT('',(7.25001884075527,-5.,83.0000041586621));
#2044=CARTESIAN_POINT('',(7.25001884075527,0.,83.0000041586621));
#2045=CARTESIAN_POINT('',(7.25001884075527,-5.,73.0000041586621));
#2046=CARTESIAN_POINT('',(7.25001884075527,-5.,73.0000041586621));
#2047=CARTESIAN_POINT('',(7.25001884075527,0.,73.0000041586621));
#2048=CARTESIAN_POINT('Origin',(12.7500188407553,0.,73.0000041586621));
#2049=CARTESIAN_POINT('',(12.7500188407553,0.,73.0000041586621));
#2050=CARTESIAN_POINT('',(12.7500188407553,0.,83.0000041586621));
#2051=CARTESIAN_POINT('',(12.7500188407553,0.,-10.999999845766));
#2052=CARTESIAN_POINT('',(12.7500188407553,-5.,73.0000041586621));
#2053=CARTESIAN_POINT('',(12.7500188407553,0.,73.0000041586621));
#2054=CARTESIAN_POINT('',(12.7500188407553,-5.,83.0000041586621));
#2055=CARTESIAN_POINT('',(12.7500188407553,-5.,83.0000041586621));
#2056=CARTESIAN_POINT('',(12.7500188407553,0.,83.0000041586621));
#2057=CARTESIAN_POINT('Origin',(10.0000188407553,0.,73.0000041586621));
#2058=CARTESIAN_POINT('Origin',(10.0000188407553,0.,73.0000041586621));
#2059=CARTESIAN_POINT('Origin',(10.0000188407553,-5.,73.0000041586621));
#2060=CARTESIAN_POINT('Origin',(7.25001884075528,0.,4.99999916299972));
#2061=CARTESIAN_POINT('',(7.25001884075528,0.,4.99999916299972));
#2062=CARTESIAN_POINT('',(7.25001884075528,0.,-5.00000083700028));
#2063=CARTESIAN_POINT('',(7.25001884075528,0.,-45.0000023435972));
#2064=CARTESIAN_POINT('',(7.25001884075528,-5.,4.99999916299972));
#2065=CARTESIAN_POINT('',(7.25001884075528,0.,4.99999916299972));
#2066=CARTESIAN_POINT('',(7.25001884075528,-5.,-5.00000083700028));
#2067=CARTESIAN_POINT('',(7.25001884075528,-5.,-5.00000083700028));
#2068=CARTESIAN_POINT('',(7.25001884075528,0.,-5.00000083700028));
#2069=CARTESIAN_POINT('Origin',(10.0000188407553,0.,4.99999916299972));
#2070=CARTESIAN_POINT('',(12.7500188407553,0.,4.99999916299972));
#2071=CARTESIAN_POINT('Origin',(10.0000188407553,0.,4.99999916299972));
#2072=CARTESIAN_POINT('',(12.7500188407553,-5.,4.99999916299972));
#2073=CARTESIAN_POINT('',(12.7500188407553,0.,4.99999916299972));
#2074=CARTESIAN_POINT('Origin',(10.0000188407553,-5.,4.99999916299972));
#2075=CARTESIAN_POINT('Origin',(12.7500188407553,0.,-5.00000083700028));
#2076=CARTESIAN_POINT('',(12.7500188407553,0.,-5.00000083700028));
#2077=CARTESIAN_POINT('',(12.7500188407553,0.,-50.0000023435972));
#2078=CARTESIAN_POINT('',(12.7500188407553,-5.,-5.00000083700028));
#2079=CARTESIAN_POINT('',(12.7500188407553,0.,-5.00000083700028));
#2080=CARTESIAN_POINT('',(12.7500188407553,-5.,4.99999916299972));
#2081=CARTESIAN_POINT('Origin',(10.0000188407553,0.,-5.00000083700028));
#2082=CARTESIAN_POINT('Origin',(10.0000188407553,0.,-5.00000083700028));
#2083=CARTESIAN_POINT('Origin',(10.0000188407553,-5.,-5.00000083700028));
#2084=CARTESIAN_POINT('Origin',(10.0000188407553,-5.,-8.37000282416511E-7));
#2085=CARTESIAN_POINT('Origin',(12.7500049465757,0.,-85.0000047708926));
#2086=CARTESIAN_POINT('',(12.7500049465757,0.,-85.0000047708926));
#2087=CARTESIAN_POINT('',(12.7500066205732,0.,-75.0000047708927));
#2088=CARTESIAN_POINT('',(12.7500041095769,0.,-90.000005377717));
#2089=CARTESIAN_POINT('',(12.7500049465757,-5.,-85.0000047708926));
#2090=CARTESIAN_POINT('',(12.7500049465757,0.,-85.0000047708926));
#2091=CARTESIAN_POINT('',(12.7500066205732,-5.,-75.0000047708927));
#2092=CARTESIAN_POINT('',(12.7500066205732,-5.,-75.0000047708927));
#2093=CARTESIAN_POINT('',(12.7500066205732,0.,-75.0000047708927));
#2094=CARTESIAN_POINT('Origin',(10.0000049465758,0.,-85.0000043105433));
#2095=CARTESIAN_POINT('',(7.25000494657582,0.,-85.000003850194));
#2096=CARTESIAN_POINT('Origin',(10.0000049465758,0.,-85.0000043105433));
#2097=CARTESIAN_POINT('',(7.25000494657582,-5.,-85.000003850194));
#2098=CARTESIAN_POINT('',(7.25000494657582,0.,-85.000003850194));
#2099=CARTESIAN_POINT('Origin',(10.0000049465758,-5.,-85.0000043105433));
#2100=CARTESIAN_POINT('Origin',(7.25000662057325,0.,-75.0000038501942));
#2101=CARTESIAN_POINT('',(7.25000662057325,0.,-75.0000038501942));
#2102=CARTESIAN_POINT('',(7.25000494657572,0.,-85.0000044570184));
#2103=CARTESIAN_POINT('',(7.25000662057325,-5.,-75.0000038501942));
#2104=CARTESIAN_POINT('',(7.25000662057325,0.,-75.0000038501942));
#2105=CARTESIAN_POINT('',(7.25000494657582,-5.,-85.000003850194));
#2106=CARTESIAN_POINT('Origin',(10.0000066205732,0.,-75.0000043105435));
#2107=CARTESIAN_POINT('Origin',(10.0000066205732,0.,-75.0000043105435));
#2108=CARTESIAN_POINT('Origin',(10.0000066205732,-5.,-75.0000043105435));
#2109=CARTESIAN_POINT('Origin',(10.0000057835745,-5.,-80.0000043105434));
#2110=CARTESIAN_POINT('Origin',(10.0000188407553,0.,83.0000041586621));
#2111=CARTESIAN_POINT('Origin',(10.0000188407553,-5.,83.0000041586621));
#2112=CARTESIAN_POINT('Origin',(10.0000188407553,0.,83.0000041586621));
#2113=CARTESIAN_POINT('Origin',(10.0000188407553,-5.,83.0000041586621));
#2114=CARTESIAN_POINT('Origin',(1.,-22.6596441860348,27.499998074903));
#2115=CARTESIAN_POINT('Ctrl Pts',(1.,-23.6596441860348,54.999998074903));
#2116=CARTESIAN_POINT('Ctrl Pts',(0.935741248182694,-23.6596441860348,54.999998074903));
#2117=CARTESIAN_POINT('Ctrl Pts',(0.873553344087104,-23.6534346748795,55.0115475252167));
#2118=CARTESIAN_POINT('Ctrl Pts',(0.755416740317919,-23.631136579846,55.0527704787808));
#2119=CARTESIAN_POINT('Ctrl Pts',(0.699475176303289,-23.6150340479938,55.0824568842188));
#2120=CARTESIAN_POINT('Ctrl Pts',(0.543544094582234,-23.5562978105282,55.1898013350825));
#2121=CARTESIAN_POINT('Ctrl Pts',(0.455533212577243,-23.5029476743498,55.2860201064803));
#2122=CARTESIAN_POINT('Ctrl Pts',(0.253097078939722,-23.3457429544293,55.5634807435054));
#2123=CARTESIAN_POINT('Ctrl Pts',(0.157100229195767,-23.2184756396193,55.7808210980315));
#2124=CARTESIAN_POINT('Ctrl Pts',(0.0297289774145653,-22.9448575618277,
56.2259041786701));
#2125=CARTESIAN_POINT('Ctrl Pts',(6.73635763495551E-16,-22.7982492617272,
56.4539578475712));
#2126=CARTESIAN_POINT('Ctrl Pts',(3.03576608295941E-17,-22.6596441860348,
56.6610672154288));
#2127=CARTESIAN_POINT('Origin',(0.,-15.7556962899477,41.9882282977707));
#2128=CARTESIAN_POINT('Origin',(17.,0.,-1.50659769104777E-6));
#2129=CARTESIAN_POINT('',(14.9,0.,-1.50659769130495E-6));
#2130=CARTESIAN_POINT('Origin',(17.,0.,-1.50659769104777E-6));
#2131=CARTESIAN_POINT('',(14.9,-9.,-1.50659769130495E-6));
#2132=CARTESIAN_POINT('',(14.9,0.,-1.50659769130495E-6));
#2133=CARTESIAN_POINT('Origin',(17.,-9.,-1.50659769104777E-6));
#2134=CARTESIAN_POINT('Origin',(17.,-9.,-1.50659769104777E-6));
#2135=CARTESIAN_POINT('Origin',(4.00001339198001,0.,2.76209473071276E-6));
#2136=CARTESIAN_POINT('',(1.90001339198001,0.,2.76209473045559E-6));
#2137=CARTESIAN_POINT('Origin',(4.00001339198001,0.,2.76209473071276E-6));
#2138=CARTESIAN_POINT('',(1.90001339198001,-9.,2.76209473045559E-6));
#2139=CARTESIAN_POINT('',(1.90001339198001,0.,2.76209473045559E-6));
#2140=CARTESIAN_POINT('Origin',(4.00001339198001,-9.,2.76209473071276E-6));
#2141=CARTESIAN_POINT('Origin',(4.00001339198001,-9.,2.76209473071276E-6));
#2142=CARTESIAN_POINT('Origin',(0.,-3.99815932911099,94.));
#2143=CARTESIAN_POINT('',(0.,-3.99815932911099,95.));
#2144=CARTESIAN_POINT('',(0.,-4.99812240540759,94.008593372064));
#2145=CARTESIAN_POINT('Origin',(0.,-52.2641360258653,94.4147828111027));
#2146=CARTESIAN_POINT('',(0.,-19.7562950414773,60.1003353004197));
#2147=CARTESIAN_POINT('Origin',(0.,-3.998159329111,-94.0000038501941));
#2148=CARTESIAN_POINT('',(0.,-4.9981224054076,-94.008597222258));
#2149=CARTESIAN_POINT('',(0.,-3.998159329111,-95.0000038501941));
#2150=CARTESIAN_POINT('Origin',(0.,-52.2641360258653,-94.4147866612968));
#2151=CARTESIAN_POINT('',(0.,-19.7562950414773,-60.1003391506137));
#2152=CARTESIAN_POINT('Origin',(0.,-5.8247387450561,45.3945399353797));
#2153=CARTESIAN_POINT('Origin',(0.,0.,95.));
#2154=CARTESIAN_POINT('',(0.,0.,95.));
#2155=CARTESIAN_POINT('Origin',(0.,0.,-95.0000038501941));
#2156=CARTESIAN_POINT('',(0.,0.,-95.0000038501941));
#2157=CARTESIAN_POINT('Origin',(0.,-5.,-95.0000038501941));
#2158=CARTESIAN_POINT('Origin',(0.,-5.8247387450561,-45.3945437855737));
#2159=CARTESIAN_POINT('polyline point',(0.,0.,0.));
#2160=CARTESIAN_POINT('polyline point',(0.,0.,42.));
#2161=CARTESIAN_POINT('Origin',(0.,-15.75,50.5));
#2162=CARTESIAN_POINT('Origin',(0.,-15.75,33.5));
#2163=CARTESIAN_POINT('Origin',(0.,-15.7556962899477,41.9882282977707));
#2164=CARTESIAN_POINT('polyline point',(0.,-23.6596441860348,51.999998074903));
#2165=CARTESIAN_POINT('polyline point',(0.,-23.6596441860348,54.999998074903));
#2166=CARTESIAN_POINT('polyline point',(0.,-23.6596441860348,51.999998074903));
#2167=CARTESIAN_POINT('polyline point',(0.,-23.6596441860348,31.9764585206384));
#2168=CARTESIAN_POINT('polyline point',(0.,-23.6596441860348,31.9764585206384));
#2169=CARTESIAN_POINT('polyline point',(0.,-23.6596441860348,-1.92509704177724E-6));
#2170=CARTESIAN_POINT('polyline point',(0.,0.,42.));
#2171=CARTESIAN_POINT('polyline point',(0.,0.,95.));
#2172=CARTESIAN_POINT('polyline point',(0.,0.,95.));
#2173=CARTESIAN_POINT('polyline point',(0.,-5.,95.));
#2174=CARTESIAN_POINT('Origin',(0.,-5.8247387450561,45.3945399353797));
#2175=CARTESIAN_POINT('',(0.,-19.7562950414773,60.1003353004197));
#2176=CARTESIAN_POINT('',(0.,-23.6596441860348,54.999998074903));
#2177=CARTESIAN_POINT('Origin',(0.,-52.2641360258653,94.4147828111027));
#2178=CARTESIAN_POINT('',(0.,-19.7562950414773,60.1003353004197));
#2179=CARTESIAN_POINT('',(0.,-4.99999999999999,95.));
#2180=CARTESIAN_POINT('Origin',(0.,-15.75,-50.5000038501941));
#2181=CARTESIAN_POINT('Origin',(0.,-5.8247387450561,-45.3945437855737));
#2182=CARTESIAN_POINT('',(0.,-23.6596441860348,-55.000001925097));
#2183=CARTESIAN_POINT('',(0.,-19.7562950414773,-60.1003391506137));
#2184=CARTESIAN_POINT('polyline point',(0.,0.,-42.0000038501941));
#2185=CARTESIAN_POINT('polyline point',(0.,0.,-95.0000038501941));
#2186=CARTESIAN_POINT('Origin',(0.,-52.2641360258653,-94.4147866612968));
#2187=CARTESIAN_POINT('',(0.,-4.99999999999999,-95.0000038501941));
#2188=CARTESIAN_POINT('',(0.,-19.7562950414773,-60.1003391506137));
#2189=CARTESIAN_POINT('polyline point',(0.,-23.6596441860348,-52.0000019250971));
#2190=CARTESIAN_POINT('polyline point',(0.,-23.6596441860348,-55.0000019250971));
#2191=CARTESIAN_POINT('Origin',(0.,-15.7556962899477,-41.9882321479648));
#2192=CARTESIAN_POINT('polyline point',(0.,-23.6596441860348,-52.0000019250971));
#2193=CARTESIAN_POINT('polyline point',(0.,-23.6596441860348,-31.9764623708325));
#2194=CARTESIAN_POINT('Origin',(0.,-15.75,-33.5000038501941));
#2195=CARTESIAN_POINT('polyline point',(0.,0.,-3.85019408355447E-6));
#2196=CARTESIAN_POINT('polyline point',(0.,0.,-42.0000038501941));
#2197=CARTESIAN_POINT('polyline point',(0.,-23.6596441860348,-31.9764623708325));
#2198=CARTESIAN_POINT('polyline point',(0.,-23.6596441860348,-1.92509704177724E-6));
#2199=CARTESIAN_POINT('polyline point',(0.,-5.,-95.0000038501941));
#2200=CARTESIAN_POINT('polyline point',(0.,0.,-95.0000038501941));
#2201=CARTESIAN_POINT('Origin',(0.,-15.7556962899477,-41.9882321479648));
#2202=CARTESIAN_POINT('Origin',(0.,-15.7556962899477,41.9882282977707));
#2203=CARTESIAN_POINT('',(0.,0.,0.));
#2204=CARTESIAN_POINT('',(0.,-23.6596441860348,51.8008532093803));
#2205=CARTESIAN_POINT('',(0.,-23.6596441860348,32.1756033861611));
#2206=CARTESIAN_POINT('',(0.,-23.6596441860348,-32.1756072363552));
#2207=CARTESIAN_POINT('',(0.,-23.6596441860348,-51.8008570595743));
#2208=CARTESIAN_POINT('polyline point',(0.,0.,-95.0000038501941));
#2209=CARTESIAN_POINT('polyline point',(0.,0.,95.));
#2210=CARTESIAN_POINT('polyline point',(0.,0.,-95.0000038501941));
#2211=CARTESIAN_POINT('polyline point',(23.,0.,-95.0000038501941));
#2212=CARTESIAN_POINT('polyline point',(0.,0.,95.));
#2213=CARTESIAN_POINT('polyline point',(5.,0.,95.));
#2214=CARTESIAN_POINT('polyline point',(5.,0.,-95.0000038501941));
#2215=CARTESIAN_POINT('polyline point',(0.,0.,-95.0000038501941));
#2216=CARTESIAN_POINT('polyline point',(0.,0.,-95.0000038501941));
#2217=CARTESIAN_POINT('polyline point',(0.,0.,95.));
#2218=CARTESIAN_POINT('polyline point',(23.,0.,-95.0000038501941));
#2219=CARTESIAN_POINT('polyline point',(23.,0.,95.));
#2220=CARTESIAN_POINT('polyline point',(0.,0.,-95.0000038501941));
#2221=CARTESIAN_POINT('polyline point',(23.,0.,-95.0000038501941));
#2222=CARTESIAN_POINT('polyline point',(23.,0.,-95.0000038501941));
#2223=CARTESIAN_POINT('polyline point',(23.,0.,-90.0000038501941));
#2224=CARTESIAN_POINT('polyline point',(0.,0.,-90.0000038501941));
#2225=CARTESIAN_POINT('polyline point',(0.,0.,-95.0000038501941));
#2226=CARTESIAN_POINT('polyline point',(0.,0.,95.));
#2227=CARTESIAN_POINT('polyline point',(23.,0.,95.));
#2228=CARTESIAN_POINT('polyline point',(23.,0.,-95.0000038501941));
#2229=CARTESIAN_POINT('polyline point',(18.,0.,-95.0000038501941));
#2230=CARTESIAN_POINT('polyline point',(18.,0.,95.));
#2231=CARTESIAN_POINT('polyline point',(23.,0.,95.));
#2232=CARTESIAN_POINT('polyline point',(23.,0.,95.));
#2233=CARTESIAN_POINT('polyline point',(23.,0.,-95.0000038501941));
#2234=CARTESIAN_POINT('polyline point',(0.,0.,95.));
#2235=CARTESIAN_POINT('polyline point',(23.,0.,95.));
#2236=CARTESIAN_POINT('polyline point',(23.,0.,95.));
#2237=CARTESIAN_POINT('polyline point',(23.,0.,90.));
#2238=CARTESIAN_POINT('polyline point',(0.,0.,90.));
#2239=CARTESIAN_POINT('polyline point',(0.,0.,95.));
#2240=CARTESIAN_POINT('Origin',(4.00001339198001,0.,80.000003180594));
#2241=CARTESIAN_POINT('Origin',(17.,0.,80.));
#2242=CARTESIAN_POINT('Origin',(4.00001339198001,0.,2.76209473071276E-6));
#2243=CARTESIAN_POINT('Origin',(17.,0.,-1.50659769104777E-6));
#2244=CARTESIAN_POINT('Origin',(4.00001339198001,0.,-80.0000006696));
#2245=CARTESIAN_POINT('Origin',(17.00001339198,0.,-80.0000038501941));
#2246=CARTESIAN_POINT('polyline point',(23.,0.,95.));
#2247=CARTESIAN_POINT('polyline point',(0.,0.,95.));
#2248=CARTESIAN_POINT('polyline point',(0.,0.,95.));
#2249=CARTESIAN_POINT('polyline point',(0.,0.,80.));
#2250=CARTESIAN_POINT('polyline point',(23.,0.,80.));
#2251=CARTESIAN_POINT('polyline point',(23.,0.,95.));
#2252=CARTESIAN_POINT('polyline point',(23.,0.,-95.0000038501941));
#2253=CARTESIAN_POINT('polyline point',(0.,0.,-95.0000038501941));
#2254=CARTESIAN_POINT('polyline point',(0.,0.,-95.0000038501941));
#2255=CARTESIAN_POINT('polyline point',(0.,0.,-80.0000038501941));
#2256=CARTESIAN_POINT('polyline point',(0.,0.,-80.0000038501941));
#2257=CARTESIAN_POINT('polyline point',(23.,0.,-80.0000038501941));
#2258=CARTESIAN_POINT('polyline point',(23.,0.,-80.0000038501941));
#2259=CARTESIAN_POINT('polyline point',(23.,0.,-95.0000038501941));
#2260=CARTESIAN_POINT('Origin',(10.0000188407553,0.,83.0000041586621));
#2261=CARTESIAN_POINT('Origin',(125.966362668297,0.,2.11466685912933));
#2262=CARTESIAN_POINT('Origin',(125.966362668297,0.,78.098096753167));
#2263=CARTESIAN_POINT('polyline point',(7.25001884075527,0.,83.0000041586621));
#2264=CARTESIAN_POINT('polyline point',(7.25001884075527,0.,73.0000041586621));
#2265=CARTESIAN_POINT('Origin',(10.0000188407553,0.,73.0000041586621));
#2266=CARTESIAN_POINT('polyline point',(12.7500188407553,0.,73.0000041586621));
#2267=CARTESIAN_POINT('polyline point',(12.7500188407553,0.,83.0000041586621));
#2268=CARTESIAN_POINT('Origin',(10.0000188407553,0.,4.99999916299972));
#2269=CARTESIAN_POINT('polyline point',(12.7500188407553,0.,-5.00000083700028));
#2270=CARTESIAN_POINT('polyline point',(12.7500188407553,0.,4.99999916299972));
#2271=CARTESIAN_POINT('Origin',(10.0000188407553,0.,-5.00000083700028));
#2272=CARTESIAN_POINT('polyline point',(7.25001884075528,0.,4.99999916299972));
#2273=CARTESIAN_POINT('polyline point',(7.25001884075528,0.,-5.00000083700028));
#2274=CARTESIAN_POINT('polyline point',(10.0000188407553,0.,85.7500041586621));
#2275=CARTESIAN_POINT('polyline point',(10.0000188407553,0.,85.7500041586621));
#2276=CARTESIAN_POINT('Origin',(10.0000066205732,0.,-75.0000043105435));
#2277=CARTESIAN_POINT('polyline point',(12.7500066205732,0.,-75.0000047708927));
#2278=CARTESIAN_POINT('polyline point',(12.7500049465757,0.,-85.0000047708926));
#2279=CARTESIAN_POINT('polyline point',(7.25000494657582,0.,-85.000003850194));
#2280=CARTESIAN_POINT('polyline point',(7.25000662057325,0.,-75.0000038501942));
#2281=CARTESIAN_POINT('polyline point',(10.0000044862265,0.,-85.7500058326614));
#2282=CARTESIAN_POINT('polyline point',(10.0000044862265,0.,-85.7500058326614));
#2283=CARTESIAN_POINT('Origin',(10.0000049465758,0.,-85.0000043105433));
#2284=CARTESIAN_POINT('polyline point',(19.,0.,-80.0000038501941));
#2285=CARTESIAN_POINT('polyline point',(17.,0.,-80.0000038501941));
#2286=CARTESIAN_POINT('',(11.0000188407553,0.,84.7500041586621));
#2287=CARTESIAN_POINT('',(4.,0.,-80.0000038501941));
#2288=CARTESIAN_POINT('',(4.00001339198001,0.,80.000003180594));
#2289=CARTESIAN_POINT('',(19.0000133919798,0.,80.0000006695979));
#2290=CARTESIAN_POINT('',(10.0000188407553,0.,85.7500041586621));
#2291=CARTESIAN_POINT('',(10.0000188407553,0.,2.0000181160418));
#2292=CARTESIAN_POINT('',(10.0000044862265,0.,-85.7500058326614));
#2293=CARTESIAN_POINT('',(11.0000046536262,0.,-84.7500060000611));
#2294=CARTESIAN_POINT('',(10.0000044862265,0.,-78.0000053723122));
#2295=CARTESIAN_POINT('',(17.,0.,-80.0000038501941));
#2296=CARTESIAN_POINT('',(0.,-5.,0.));
#2297=UNCERTAINTY_MEASURE_WITH_UNIT(LENGTH_MEASURE(0.01),#2301,
'DISTANCE_ACCURACY_VALUE',
'Maximum model space distance between geometric entities at asserted c
onnectivities');
#2298=UNCERTAINTY_MEASURE_WITH_UNIT(LENGTH_MEASURE(0.01),#2301,
'DISTANCE_ACCURACY_VALUE',
'Maximum model space distance between geometric entities at asserted c
onnectivities');
#2299=(
GEOMETRIC_REPRESENTATION_CONTEXT(3)
GLOBAL_UNCERTAINTY_ASSIGNED_CONTEXT((#2297))
GLOBAL_UNIT_ASSIGNED_CONTEXT((#2301,#2303,#2304))
REPRESENTATION_CONTEXT('','3D')
);
#2300=(
GEOMETRIC_REPRESENTATION_CONTEXT(3)
GLOBAL_UNCERTAINTY_ASSIGNED_CONTEXT((#2298))
GLOBAL_UNIT_ASSIGNED_CONTEXT((#2301,#2303,#2304))
REPRESENTATION_CONTEXT('','3D')
);
#2301=(
LENGTH_UNIT()
NAMED_UNIT(*)
SI_UNIT(.MILLI.,.METRE.)
);
#2302=(
LENGTH_UNIT()
NAMED_UNIT(*)
SI_UNIT(.CENTI.,.METRE.)
);
#2303=(
NAMED_UNIT(*)
PLANE_ANGLE_UNIT()
SI_UNIT($,.RADIAN.)
);
#2304=(
NAMED_UNIT(*)
SI_UNIT($,.STERADIAN.)
SOLID_ANGLE_UNIT()
);
#2305=SHAPE_DEFINITION_REPRESENTATION(#2306,#2307);
#2306=PRODUCT_DEFINITION_SHAPE('',$,#2309);
#2307=SHAPE_REPRESENTATION('',(#1226),#2299);
#2308=PRODUCT_DEFINITION_CONTEXT('part definition',#2313,'design');
#2309=PRODUCT_DEFINITION('\X2\043A04400435043F04510436\X0\_\X2\0434043B044F\X0\_
\X2\043C043E0442043E04400430\X0\','\X2\043A04400435043F04510436\X0\_\X2\0434043B044F\X0\_
\X2\043C043E0442043E04400430\X0\',#2310,#2308);
#2310=PRODUCT_DEFINITION_FORMATION('',$,#2315);
#2311=PRODUCT_RELATED_PRODUCT_CATEGORY(
'\X2\043A04400435043F04510436\X0\_\X2\0434043B044F\X0\_\X2\043C043E0442043E04400430\X0\',
'\X2\043A04400435043F04510436\X0\_\X2\0434043B044F\X0\_\X2\043C043E0442043E04400430\X0\',
(#2315));
#2312=APPLICATION_PROTOCOL_DEFINITION('international standard',
'automotive_design',2009,#2313);
#2313=APPLICATION_CONTEXT(
'Core Data for Automotive Mechanical Design Process');
#2314=PRODUCT_CONTEXT('part definition',#2313,'mechanical');
#2315=PRODUCT('\X2\043A04400435043F04510436\X0\_\X2\0434043B044F\X0\_\X2\043C043E0442043E04400430\X0\',
'\X2\043A04400435043F04510436\X0\_\X2\0434043B044F\X0\_\X2\043C043E0442043E04400430\X0\',
$,(#2314));
#2316=PRESENTATION_STYLE_ASSIGNMENT((#2319));
#2317=PRESENTATION_STYLE_ASSIGNMENT((#2320));
#2318=PRESENTATION_STYLE_ASSIGNMENT((#2321));
#2319=SURFACE_STYLE_USAGE(.BOTH.,#2324);
#2320=SURFACE_STYLE_USAGE(.BOTH.,#2325);
#2321=SURFACE_STYLE_USAGE(.BOTH.,#2326);
#2322=SURFACE_STYLE_RENDERING_WITH_PROPERTIES($,#2336,(#2323));
#2323=SURFACE_STYLE_TRANSPARENT(0.);
#2324=SURFACE_SIDE_STYLE('',(#2327,#2322));
#2325=SURFACE_SIDE_STYLE('',(#2328));
#2326=SURFACE_SIDE_STYLE('',(#2329));
#2327=SURFACE_STYLE_FILL_AREA(#2330);
#2328=SURFACE_STYLE_FILL_AREA(#2331);
#2329=SURFACE_STYLE_FILL_AREA(#2332);
#2330=FILL_AREA_STYLE('',(#2333));
#2331=FILL_AREA_STYLE('',(#2334));
#2332=FILL_AREA_STYLE('',(#2335));
#2333=FILL_AREA_STYLE_COLOUR('',#2336);
#2334=FILL_AREA_STYLE_COLOUR('',#2337);
#2335=FILL_AREA_STYLE_COLOUR('',#2338);
#2336=COLOUR_RGB('',0.749019607843137,0.749019607843137,0.749019607843137);
#2337=COLOUR_RGB('',0.,0.,0.);
#2338=COLOUR_RGB('',1.,1.,0.);
ENDSEC;
END-ISO-10303-21;
