ISO-10303-21;
HEADER;
/* Generated by software containing ST-Developer
 * from STEP Tools, Inc. (www.steptools.com) 
 */

FILE_DESCRIPTION(
/* description */ ('\X2\04220443043C0431043B04350440\X0\ \X2\041C0422\X0\1'),

/* implementation_level */ '2;1');

FILE_NAME(
/* name */ 'D:\\Tumbler MT1 OYUO.360.016 TU.stp',
/* time_stamp */ '2023-02-22T13:11:52+03:00',
/* author */ ('Administrator'),
/* organization */ ('\X2\041D041F041E\X0\ \X2\041F044004380431043E0440\X0\'),

/* preprocessor_version */ 'ST-DEVELOPER v18.1',
/* originating_system */ 'Autodesk Inventor 2021',
/* authorisation */ '');

FILE_SCHEMA (('AUTOMOTIVE_DESIGN { 1 0 10303 214 3 1 1 }'));
ENDSEC;

DATA;
#10=MECHANICAL_DESIGN_GEOMETRIC_PRESENTATION_REPRESENTATION('',(#36,#37,
#38,#39,#40,#41,#42,#43,#44,#45,#46,#47,#48,#49,#50,#51,#52,#53,#54,#55,
#56,#57,#58,#59,#60,#61,#62,#63,#64),#4356);
#11=ITEM_DEFINED_TRANSFORMATION($,$,#2580,#2827);
#12=ITEM_DEFINED_TRANSFORMATION($,$,#2600,#2828);
#13=(
REPRESENTATION_RELATIONSHIP($,$,#4370,#4369)
REPRESENTATION_RELATIONSHIP_WITH_TRANSFORMATION(#11)
SHAPE_REPRESENTATION_RELATIONSHIP()
);
#14=(
REPRESENTATION_RELATIONSHIP($,$,#4371,#4369)
REPRESENTATION_RELATIONSHIP_WITH_TRANSFORMATION(#12)
SHAPE_REPRESENTATION_RELATIONSHIP()
);
#15=CONTEXT_DEPENDENT_SHAPE_REPRESENTATION(#13,#4367);
#16=CONTEXT_DEPENDENT_SHAPE_REPRESENTATION(#14,#4368);
#17=NEXT_ASSEMBLY_USAGE_OCCURRENCE('shayba&gayka:1','shayba&gayka:1',
'shayba&gayka:1',#4373,#4374,'shayba&gayka:1');
#18=NEXT_ASSEMBLY_USAGE_OCCURRENCE('Tumbler MT1 OYUO.360.016 TU:1',
'Tumbler MT1 OYUO.360.016 TU:1','Tumbler MT1 OYUO.360.016 TU:1',#4373,#4375,
'Tumbler MT1 OYUO.360.016 TU:1');
#19=(
BOUNDED_CURVE()
B_SPLINE_CURVE(2,(#3788,#3789,#3790),.UNSPECIFIED.,.F.,.F.)
B_SPLINE_CURVE_WITH_KNOTS((3,3),(-1.46915424334715,-0.424389708593187),
 .UNSPECIFIED.)
CURVE()
GEOMETRIC_REPRESENTATION_ITEM()
RATIONAL_B_SPLINE_CURVE((0.97417096363421,0.854338984271527,1.))
REPRESENTATION_ITEM('')
);
#20=(
BOUNDED_SURFACE()
B_SPLINE_SURFACE(2,2,((#3760,#3761,#3762,#3763,#3764,#3765,#3766,#3767,
#3768),(#3769,#3770,#3771,#3772,#3773,#3774,#3775,#3776,#3777),(#3778,#3779,
#3780,#3781,#3782,#3783,#3784,#3785,#3786)),.UNSPECIFIED.,.F.,.T.,.F.)
B_SPLINE_SURFACE_WITH_KNOTS((3,3),(3,2,2,2,3),(0.424389708593187,1.5707963267949),
(-3.14159265358979,-1.5707963267949,0.,1.5707963267949,3.14159265358979),
 .UNSPECIFIED.)
GEOMETRIC_REPRESENTATION_ITEM()
RATIONAL_B_SPLINE_SURFACE(((1.,0.707106781186548,1.,0.707106781186548,1.,
0.707106781186548,1.,0.707106781186548,1.),(0.840168050416806,0.594088525786004,
0.840168050416806,0.594088525786004,0.840168050416806,0.594088525786004,
0.840168050416806,0.594088525786004,0.840168050416806),(1.,0.707106781186548,
1.,0.707106781186548,1.,0.707106781186548,1.,0.707106781186548,1.)))
REPRESENTATION_ITEM('')
SURFACE()
);
#21=ELLIPSE('',#2629,0.767396955846621,0.720396792835137);
#22=B_SPLINE_CURVE_WITH_KNOTS('',3,(#3713,#3714,#3715,#3716,#3717,#3718,
#3719,#3720,#3721,#3722,#3723,#3724,#3725,#3726,#3727,#3728,#3729,#3730),
 .UNSPECIFIED.,.F.,.F.,(4,2,2,2,2,2,2,2,4),(-0.379790465507175,-0.353341290627301,
-0.325117350584533,-0.297427389461574,-0.270861707065006,-0.245382232845222,
-0.220419780458828,-0.196040917115689,-0.189933045231678),.UNSPECIFIED.);
#23=B_SPLINE_CURVE_WITH_KNOTS('',3,(#3734,#3735,#3736,#3737,#3738,#3739),
 .UNSPECIFIED.,.F.,.F.,(4,2,4),(-0.0366549939117756,-0.0292507351057072,
0.),.UNSPECIFIED.);
#24=B_SPLINE_CURVE_WITH_KNOTS('',3,(#3740,#3741,#3742,#3743,#3744,#3745,
#3746,#3747,#3748,#3749,#3750,#3751,#3752,#3753),.UNSPECIFIED.,.F.,.F.,
(4,2,2,2,2,2,4),(-0.189933045231678,-0.174596807387435,-0.146304164339841,
-0.118120498438752,-0.0890708128923544,-0.0592556937540603,-0.0366549939117756),
 .UNSPECIFIED.);
#25=B_SPLINE_CURVE_WITH_KNOTS('',3,(#4175,#4176,#4177,#4178,#4179,#4180,
#4181,#4182,#4183,#4184),.UNSPECIFIED.,.F.,.F.,(4,2,2,2,4),(0.937758413002008,
1.02768635223269,1.16817874722443,1.30867114221617,1.39859908144685),
 .UNSPECIFIED.);
#26=B_SPLINE_CURVE_WITH_KNOTS('',3,(#4216,#4217,#4218,#4219,#4220,#4221),
 .UNSPECIFIED.,.F.,.F.,(4,2,4),(0.937758413002008,1.02768635223269,1.16817874722443),
 .UNSPECIFIED.);
#27=B_SPLINE_CURVE_WITH_KNOTS('',3,(#4223,#4224,#4225,#4226,#4227,#4228),
 .UNSPECIFIED.,.F.,.F.,(4,2,4),(1.16817874722443,1.30867114221617,1.39859908144685),
 .UNSPECIFIED.);
#28=CONICAL_SURFACE('',#2628,1.07662310424977,0.122173047639603);
#29=CONICAL_SURFACE('',#2630,0.794715318013997,1.22173047639603);
#30=CONICAL_SURFACE('',#2804,3.75,0.785398163397448);
#31=TOROIDAL_SURFACE('',#2620,1.04468793376474,0.5);
#32=SHAPE_REPRESENTATION_RELATIONSHIP('SRR','None',#4370,#34);
#33=SHAPE_REPRESENTATION_RELATIONSHIP('SRR','None',#4371,#35);
#34=ADVANCED_BREP_SHAPE_REPRESENTATION('',(#65),#4354);
#35=ADVANCED_BREP_SHAPE_REPRESENTATION('',(#66),#4355);
#36=STYLED_ITEM('',(#2525),#65);
#37=STYLED_ITEM('',(#2527),#2379);
#38=STYLED_ITEM('',(#2527),#2380);
#39=STYLED_ITEM('',(#2527),#2381);
#40=STYLED_ITEM('',(#2527),#2382);
#41=STYLED_ITEM('',(#2527),#2383);
#42=STYLED_ITEM('',(#2527),#2384);
#43=STYLED_ITEM('',(#2527),#2385);
#44=STYLED_ITEM('',(#2527),#2423);
#45=STYLED_ITEM('',(#2527),#2424);
#46=STYLED_ITEM('',(#2527),#2425);
#47=STYLED_ITEM('',(#2527),#2426);
#48=STYLED_ITEM('',(#2527),#2427);
#49=STYLED_ITEM('',(#2527),#2428);
#50=STYLED_ITEM('',(#2527),#2429);
#51=STYLED_ITEM('',(#2527),#2430);
#52=STYLED_ITEM('',(#2527),#2431);
#53=STYLED_ITEM('',(#2527),#2432);
#54=STYLED_ITEM('',(#2528),#2490);
#55=STYLED_ITEM('',(#2528),#2491);
#56=STYLED_ITEM('',(#2528),#2492);
#57=STYLED_ITEM('',(#2528),#2493);
#58=STYLED_ITEM('',(#2528),#2494);
#59=STYLED_ITEM('',(#2528),#2495);
#60=STYLED_ITEM('',(#2528),#2496);
#61=STYLED_ITEM('',(#2528),#2497);
#62=STYLED_ITEM('',(#2528),#2498);
#63=STYLED_ITEM('',(#2528),#2499);
#64=STYLED_ITEM('',(#2526),#66);
#65=MANIFOLD_SOLID_BREP('\X2\04220432043504400434043E0435\X0\ \X2\04420435043B043E\X0\1',
#2500);
#66=MANIFOLD_SOLID_BREP('\X2\04220432043504400434043E0435\X0\ \X2\04420435043B043E\X0\1',
#2501);
#67=LINE('',#3566,#295);
#68=LINE('',#3571,#296);
#69=LINE('',#3573,#297);
#70=LINE('',#3575,#298);
#71=LINE('',#3576,#299);
#72=LINE('',#3579,#300);
#73=LINE('',#3581,#301);
#74=LINE('',#3582,#302);
#75=LINE('',#3585,#303);
#76=LINE('',#3587,#304);
#77=LINE('',#3588,#305);
#78=LINE('',#3591,#306);
#79=LINE('',#3593,#307);
#80=LINE('',#3594,#308);
#81=LINE('',#3597,#309);
#82=LINE('',#3599,#310);
#83=LINE('',#3600,#311);
#84=LINE('',#3602,#312);
#85=LINE('',#3603,#313);
#86=LINE('',#3608,#314);
#87=LINE('',#3613,#315);
#88=LINE('',#3622,#316);
#89=LINE('',#3628,#317);
#90=LINE('',#3634,#318);
#91=LINE('',#3641,#319);
#92=LINE('',#3644,#320);
#93=LINE('',#3647,#321);
#94=LINE('',#3649,#322);
#95=LINE('',#3650,#323);
#96=LINE('',#3653,#324);
#97=LINE('',#3655,#325);
#98=LINE('',#3657,#326);
#99=LINE('',#3659,#327);
#100=LINE('',#3660,#328);
#101=LINE('',#3663,#329);
#102=LINE('',#3664,#330);
#103=LINE('',#3667,#331);
#104=LINE('',#3668,#332);
#105=LINE('',#3671,#333);
#106=LINE('',#3673,#334);
#107=LINE('',#3674,#335);
#108=LINE('',#3676,#336);
#109=LINE('',#3677,#337);
#110=LINE('',#3680,#338);
#111=LINE('',#3682,#339);
#112=LINE('',#3684,#340);
#113=LINE('',#3686,#341);
#114=LINE('',#3688,#342);
#115=LINE('',#3690,#343);
#116=LINE('',#3692,#344);
#117=LINE('',#3694,#345);
#118=LINE('',#3695,#346);
#119=LINE('',#3754,#347);
#120=LINE('',#3757,#348);
#121=LINE('',#3798,#349);
#122=LINE('',#3806,#350);
#123=LINE('',#3808,#351);
#124=LINE('',#3809,#352);
#125=LINE('',#3812,#353);
#126=LINE('',#3815,#354);
#127=LINE('',#3818,#355);
#128=LINE('',#3820,#356);
#129=LINE('',#3821,#357);
#130=LINE('',#3823,#358);
#131=LINE('',#3829,#359);
#132=LINE('',#3831,#360);
#133=LINE('',#3832,#361);
#134=LINE('',#3835,#362);
#135=LINE('',#3838,#363);
#136=LINE('',#3841,#364);
#137=LINE('',#3843,#365);
#138=LINE('',#3844,#366);
#139=LINE('',#3846,#367);
#140=LINE('',#3852,#368);
#141=LINE('',#3854,#369);
#142=LINE('',#3855,#370);
#143=LINE('',#3858,#371);
#144=LINE('',#3861,#372);
#145=LINE('',#3864,#373);
#146=LINE('',#3866,#374);
#147=LINE('',#3867,#375);
#148=LINE('',#3869,#376);
#149=LINE('',#3871,#377);
#150=LINE('',#3873,#378);
#151=LINE('',#3875,#379);
#152=LINE('',#3880,#380);
#153=LINE('',#3888,#381);
#154=LINE('',#3894,#382);
#155=LINE('',#3900,#383);
#156=LINE('',#3906,#384);
#157=LINE('',#3912,#385);
#158=LINE('',#3919,#386);
#159=LINE('',#3925,#387);
#160=LINE('',#3931,#388);
#161=LINE('',#3937,#389);
#162=LINE('',#3945,#390);
#163=LINE('',#3948,#391);
#164=LINE('',#3951,#392);
#165=LINE('',#3953,#393);
#166=LINE('',#3954,#394);
#167=LINE('',#3957,#395);
#168=LINE('',#3961,#396);
#169=LINE('',#3965,#397);
#170=LINE('',#3971,#398);
#171=LINE('',#3972,#399);
#172=LINE('',#3975,#400);
#173=LINE('',#3976,#401);
#174=LINE('',#3981,#402);
#175=LINE('',#3983,#403);
#176=LINE('',#3985,#404);
#177=LINE('',#3987,#405);
#178=LINE('',#3994,#406);
#179=LINE('',#3998,#407);
#180=LINE('',#3999,#408);
#181=LINE('',#4001,#409);
#182=LINE('',#4003,#410);
#183=LINE('',#4004,#411);
#184=LINE('',#4006,#412);
#185=LINE('',#4007,#413);
#186=LINE('',#4010,#414);
#187=LINE('',#4014,#415);
#188=LINE('',#4015,#416);
#189=LINE('',#4020,#417);
#190=LINE('',#4025,#418);
#191=LINE('',#4027,#419);
#192=LINE('',#4029,#420);
#193=LINE('',#4035,#421);
#194=LINE('',#4036,#422);
#195=LINE('',#4039,#423);
#196=LINE('',#4046,#424);
#197=LINE('',#4052,#425);
#198=LINE('',#4064,#426);
#199=LINE('',#4069,#427);
#200=LINE('',#4071,#428);
#201=LINE('',#4072,#429);
#202=LINE('',#4075,#430);
#203=LINE('',#4076,#431);
#204=LINE('',#4079,#432);
#205=LINE('',#4080,#433);
#206=LINE('',#4082,#434);
#207=LINE('',#4084,#435);
#208=LINE('',#4085,#436);
#209=LINE('',#4087,#437);
#210=LINE('',#4088,#438);
#211=LINE('',#4090,#439);
#212=LINE('',#4092,#440);
#213=LINE('',#4093,#441);
#214=LINE('',#4096,#442);
#215=LINE('',#4097,#443);
#216=LINE('',#4099,#444);
#217=LINE('',#4100,#445);
#218=LINE('',#4103,#446);
#219=LINE('',#4105,#447);
#220=LINE('',#4107,#448);
#221=LINE('',#4113,#449);
#222=LINE('',#4114,#450);
#223=LINE('',#4117,#451);
#224=LINE('',#4119,#452);
#225=LINE('',#4125,#453);
#226=LINE('',#4127,#454);
#227=LINE('',#4128,#455);
#228=LINE('',#4131,#456);
#229=LINE('',#4133,#457);
#230=LINE('',#4139,#458);
#231=LINE('',#4141,#459);
#232=LINE('',#4142,#460);
#233=LINE('',#4146,#461);
#234=LINE('',#4147,#462);
#235=LINE('',#4150,#463);
#236=LINE('',#4151,#464);
#237=LINE('',#4153,#465);
#238=LINE('',#4156,#466);
#239=LINE('',#4164,#467);
#240=LINE('',#4171,#468);
#241=LINE('',#4186,#469);
#242=LINE('',#4190,#470);
#243=LINE('',#4192,#471);
#244=LINE('',#4194,#472);
#245=LINE('',#4196,#473);
#246=LINE('',#4199,#474);
#247=LINE('',#4204,#475);
#248=LINE('',#4205,#476);
#249=LINE('',#4208,#477);
#250=LINE('',#4211,#478);
#251=LINE('',#4212,#479);
#252=LINE('',#4222,#480);
#253=LINE('',#4230,#481);
#254=LINE('',#4232,#482);
#255=LINE('',#4234,#483);
#256=LINE('',#4236,#484);
#257=LINE('',#4239,#485);
#258=LINE('',#4246,#486);
#259=LINE('',#4251,#487);
#260=LINE('',#4253,#488);
#261=LINE('',#4255,#489);
#262=LINE('',#4257,#490);
#263=LINE('',#4259,#491);
#264=LINE('',#4260,#492);
#265=LINE('',#4266,#493);
#266=LINE('',#4267,#494);
#267=LINE('',#4268,#495);
#268=LINE('',#4271,#496);
#269=LINE('',#4272,#497);
#270=LINE('',#4275,#498);
#271=LINE('',#4276,#499);
#272=LINE('',#4279,#500);
#273=LINE('',#4280,#501);
#274=LINE('',#4283,#502);
#275=LINE('',#4284,#503);
#276=LINE('',#4286,#504);
#277=LINE('',#4292,#505);
#278=LINE('',#4295,#506);
#279=LINE('',#4302,#507);
#280=LINE('',#4305,#508);
#281=LINE('',#4308,#509);
#282=LINE('',#4310,#510);
#283=LINE('',#4311,#511);
#284=LINE('',#4314,#512);
#285=LINE('',#4318,#513);
#286=LINE('',#4322,#514);
#287=LINE('',#4326,#515);
#288=LINE('',#4329,#516);
#289=LINE('',#4332,#517);
#290=LINE('',#4333,#518);
#291=LINE('',#4338,#519);
#292=LINE('',#4340,#520);
#293=LINE('',#4342,#521);
#294=LINE('',#4344,#522);
#295=VECTOR('',#2841,4.);
#296=VECTOR('',#2846,10.);
#297=VECTOR('',#2847,10.);
#298=VECTOR('',#2848,10.);
#299=VECTOR('',#2849,10.);
#300=VECTOR('',#2852,10.);
#301=VECTOR('',#2853,10.);
#302=VECTOR('',#2854,10.);
#303=VECTOR('',#2857,10.);
#304=VECTOR('',#2858,10.);
#305=VECTOR('',#2859,10.);
#306=VECTOR('',#2862,10.);
#307=VECTOR('',#2863,10.);
#308=VECTOR('',#2864,10.);
#309=VECTOR('',#2867,10.);
#310=VECTOR('',#2868,10.);
#311=VECTOR('',#2869,10.);
#312=VECTOR('',#2872,10.);
#313=VECTOR('',#2873,10.);
#314=VECTOR('',#2880,4.5);
#315=VECTOR('',#2885,7.7);
#316=VECTOR('',#2898,0.625);
#317=VECTOR('',#2905,0.625);
#318=VECTOR('',#2912,0.625);
#319=VECTOR('',#2919,10.);
#320=VECTOR('',#2922,10.);
#321=VECTOR('',#2925,10.);
#322=VECTOR('',#2926,10.);
#323=VECTOR('',#2927,10.);
#324=VECTOR('',#2930,10.);
#325=VECTOR('',#2931,10.);
#326=VECTOR('',#2932,10.);
#327=VECTOR('',#2933,10.);
#328=VECTOR('',#2934,10.);
#329=VECTOR('',#2937,10.);
#330=VECTOR('',#2938,10.);
#331=VECTOR('',#2941,10.);
#332=VECTOR('',#2942,10.);
#333=VECTOR('',#2945,10.);
#334=VECTOR('',#2946,10.);
#335=VECTOR('',#2947,10.);
#336=VECTOR('',#2950,10.);
#337=VECTOR('',#2951,10.);
#338=VECTOR('',#2954,10.);
#339=VECTOR('',#2955,10.);
#340=VECTOR('',#2956,10.);
#341=VECTOR('',#2957,10.);
#342=VECTOR('',#2958,10.);
#343=VECTOR('',#2959,10.);
#344=VECTOR('',#2960,10.);
#345=VECTOR('',#2961,10.);
#346=VECTOR('',#2962,10.);
#347=VECTOR('',#2983,1.07662310424977);
#348=VECTOR('',#2986,0.794715318013994);
#349=VECTOR('',#2999,2.5);
#350=VECTOR('',#3008,10.);
#351=VECTOR('',#3009,10.);
#352=VECTOR('',#3010,10.);
#353=VECTOR('',#3013,10.);
#354=VECTOR('',#3016,10.);
#355=VECTOR('',#3019,10.);
#356=VECTOR('',#3020,10.);
#357=VECTOR('',#3021,10.);
#358=VECTOR('',#3024,10.);
#359=VECTOR('',#3029,10.);
#360=VECTOR('',#3030,10.);
#361=VECTOR('',#3031,10.);
#362=VECTOR('',#3034,10.);
#363=VECTOR('',#3037,10.);
#364=VECTOR('',#3040,10.);
#365=VECTOR('',#3041,10.);
#366=VECTOR('',#3042,10.);
#367=VECTOR('',#3045,10.);
#368=VECTOR('',#3050,10.);
#369=VECTOR('',#3051,10.);
#370=VECTOR('',#3052,10.);
#371=VECTOR('',#3055,10.);
#372=VECTOR('',#3058,10.);
#373=VECTOR('',#3061,10.);
#374=VECTOR('',#3062,10.);
#375=VECTOR('',#3063,10.);
#376=VECTOR('',#3066,10.);
#377=VECTOR('',#3069,10.);
#378=VECTOR('',#3072,10.);
#379=VECTOR('',#3075,10.);
#380=VECTOR('',#3080,1.);
#381=VECTOR('',#3091,1.);
#382=VECTOR('',#3098,1.);
#383=VECTOR('',#3105,1.);
#384=VECTOR('',#3112,1.);
#385=VECTOR('',#3119,1.);
#386=VECTOR('',#3128,1.);
#387=VECTOR('',#3135,1.);
#388=VECTOR('',#3142,1.);
#389=VECTOR('',#3149,1.);
#390=VECTOR('',#3158,10.);
#391=VECTOR('',#3161,10.);
#392=VECTOR('',#3164,10.);
#393=VECTOR('',#3165,10.);
#394=VECTOR('',#3166,10.);
#395=VECTOR('',#3169,10.);
#396=VECTOR('',#3172,10.);
#397=VECTOR('',#3175,10.);
#398=VECTOR('',#3182,10.);
#399=VECTOR('',#3183,10.);
#400=VECTOR('',#3186,10.);
#401=VECTOR('',#3187,10.);
#402=VECTOR('',#3192,10.);
#403=VECTOR('',#3195,10.);
#404=VECTOR('',#3198,10.);
#405=VECTOR('',#3201,10.);
#406=VECTOR('',#3210,10.);
#407=VECTOR('',#3213,10.);
#408=VECTOR('',#3214,10.);
#409=VECTOR('',#3215,10.);
#410=VECTOR('',#3216,10.);
#411=VECTOR('',#3217,10.);
#412=VECTOR('',#3220,10.);
#413=VECTOR('',#3221,10.);
#414=VECTOR('',#3224,10.);
#415=VECTOR('',#3227,10.);
#416=VECTOR('',#3228,10.);
#417=VECTOR('',#3233,1.);
#418=VECTOR('',#3240,10.);
#419=VECTOR('',#3241,10.);
#420=VECTOR('',#3242,10.);
#421=VECTOR('',#3247,10.);
#422=VECTOR('',#3248,10.);
#423=VECTOR('',#3251,1.);
#424=VECTOR('',#3260,1.);
#425=VECTOR('',#3267,1.);
#426=VECTOR('',#3280,10.);
#427=VECTOR('',#3287,10.);
#428=VECTOR('',#3288,10.);
#429=VECTOR('',#3289,10.);
#430=VECTOR('',#3292,10.);
#431=VECTOR('',#3293,10.);
#432=VECTOR('',#3296,10.);
#433=VECTOR('',#3297,10.);
#434=VECTOR('',#3300,10.);
#435=VECTOR('',#3301,10.);
#436=VECTOR('',#3302,10.);
#437=VECTOR('',#3303,10.);
#438=VECTOR('',#3304,10.);
#439=VECTOR('',#3305,10.);
#440=VECTOR('',#3306,10.);
#441=VECTOR('',#3307,10.);
#442=VECTOR('',#3310,10.);
#443=VECTOR('',#3311,10.);
#444=VECTOR('',#3314,10.);
#445=VECTOR('',#3315,10.);
#446=VECTOR('',#3318,10.);
#447=VECTOR('',#3319,10.);
#448=VECTOR('',#3320,10.);
#449=VECTOR('',#3325,10.);
#450=VECTOR('',#3326,10.);
#451=VECTOR('',#3329,10.);
#452=VECTOR('',#3330,10.);
#453=VECTOR('',#3335,10.);
#454=VECTOR('',#3336,10.);
#455=VECTOR('',#3337,10.);
#456=VECTOR('',#3340,10.);
#457=VECTOR('',#3341,10.);
#458=VECTOR('',#3346,10.);
#459=VECTOR('',#3347,10.);
#460=VECTOR('',#3348,10.);
#461=VECTOR('',#3353,10.);
#462=VECTOR('',#3354,10.);
#463=VECTOR('',#3357,10.);
#464=VECTOR('',#3358,10.);
#465=VECTOR('',#3361,10.);
#466=VECTOR('',#3366,10.);
#467=VECTOR('',#3377,2.);
#468=VECTOR('',#3386,10.);
#469=VECTOR('',#3389,10.);
#470=VECTOR('',#3394,10.);
#471=VECTOR('',#3397,10.);
#472=VECTOR('',#3398,10.);
#473=VECTOR('',#3401,10.);
#474=VECTOR('',#3404,10.);
#475=VECTOR('',#3409,10.);
#476=VECTOR('',#3410,10.);
#477=VECTOR('',#3415,10.);
#478=VECTOR('',#3418,10.);
#479=VECTOR('',#3419,10.);
#480=VECTOR('',#3422,10.);
#481=VECTOR('',#3425,10.);
#482=VECTOR('',#3428,10.);
#483=VECTOR('',#3431,10.);
#484=VECTOR('',#3434,10.);
#485=VECTOR('',#3439,10.);
#486=VECTOR('',#3450,4.);
#487=VECTOR('',#3455,10.);
#488=VECTOR('',#3456,10.);
#489=VECTOR('',#3457,10.);
#490=VECTOR('',#3458,10.);
#491=VECTOR('',#3459,10.);
#492=VECTOR('',#3460,10.);
#493=VECTOR('',#3465,10.);
#494=VECTOR('',#3466,10.);
#495=VECTOR('',#3467,10.);
#496=VECTOR('',#3470,10.);
#497=VECTOR('',#3471,10.);
#498=VECTOR('',#3474,10.);
#499=VECTOR('',#3475,10.);
#500=VECTOR('',#3478,10.);
#501=VECTOR('',#3479,10.);
#502=VECTOR('',#3482,10.);
#503=VECTOR('',#3483,10.);
#504=VECTOR('',#3486,10.);
#505=VECTOR('',#3493,3.75);
#506=VECTOR('',#3498,4.);
#507=VECTOR('',#3505,10.);
#508=VECTOR('',#3508,10.);
#509=VECTOR('',#3511,10.);
#510=VECTOR('',#3512,10.);
#511=VECTOR('',#3513,10.);
#512=VECTOR('',#3516,10.);
#513=VECTOR('',#3519,10.);
#514=VECTOR('',#3522,10.);
#515=VECTOR('',#3527,10.);
#516=VECTOR('',#3530,10.);
#517=VECTOR('',#3533,10.);
#518=VECTOR('',#3534,10.);
#519=VECTOR('',#3539,10.);
#520=VECTOR('',#3542,10.);
#521=VECTOR('',#3545,10.);
#522=VECTOR('',#3548,10.);
#523=CYLINDRICAL_SURFACE('',#2584,4.);
#524=CYLINDRICAL_SURFACE('',#2593,4.5);
#525=CYLINDRICAL_SURFACE('',#2595,7.7);
#526=CYLINDRICAL_SURFACE('',#2601,0.625);
#527=CYLINDRICAL_SURFACE('',#2604,0.625);
#528=CYLINDRICAL_SURFACE('',#2607,0.625);
#529=CYLINDRICAL_SURFACE('',#2610,0.5);
#530=CYLINDRICAL_SURFACE('',#2635,2.5);
#531=CYLINDRICAL_SURFACE('',#2641,1.25);
#532=CYLINDRICAL_SURFACE('',#2647,1.25);
#533=CYLINDRICAL_SURFACE('',#2653,1.25);
#534=CYLINDRICAL_SURFACE('',#2660,1.);
#535=CYLINDRICAL_SURFACE('',#2666,1.);
#536=CYLINDRICAL_SURFACE('',#2668,1.);
#537=CYLINDRICAL_SURFACE('',#2671,1.);
#538=CYLINDRICAL_SURFACE('',#2674,1.);
#539=CYLINDRICAL_SURFACE('',#2677,1.);
#540=CYLINDRICAL_SURFACE('',#2681,1.);
#541=CYLINDRICAL_SURFACE('',#2684,1.);
#542=CYLINDRICAL_SURFACE('',#2687,1.);
#543=CYLINDRICAL_SURFACE('',#2690,1.);
#544=CYLINDRICAL_SURFACE('',#2694,1.);
#545=CYLINDRICAL_SURFACE('',#2702,1.);
#546=CYLINDRICAL_SURFACE('',#2708,1.);
#547=CYLINDRICAL_SURFACE('',#2710,1.);
#548=CYLINDRICAL_SURFACE('',#2718,1.);
#549=CYLINDRICAL_SURFACE('',#2725,1.);
#550=CYLINDRICAL_SURFACE('',#2728,1.);
#551=CYLINDRICAL_SURFACE('',#2731,1.);
#552=CYLINDRICAL_SURFACE('',#2735,1.);
#553=CYLINDRICAL_SURFACE('',#2766,2.);
#554=CYLINDRICAL_SURFACE('',#2768,1.);
#555=CYLINDRICAL_SURFACE('',#2771,2.);
#556=CYLINDRICAL_SURFACE('',#2782,2.);
#557=CYLINDRICAL_SURFACE('',#2783,1.);
#558=CYLINDRICAL_SURFACE('',#2784,1.);
#559=CYLINDRICAL_SURFACE('',#2785,1.);
#560=CYLINDRICAL_SURFACE('',#2786,3.);
#561=CYLINDRICAL_SURFACE('',#2789,3.);
#562=CYLINDRICAL_SURFACE('',#2793,4.);
#563=CYLINDRICAL_SURFACE('',#2807,4.);
#564=CYLINDRICAL_SURFACE('',#2809,1.);
#565=CYLINDRICAL_SURFACE('',#2817,1.);
#566=CYLINDRICAL_SURFACE('',#2823,1.);
#567=CYLINDRICAL_SURFACE('',#2825,1.);
#568=FACE_BOUND('',#741,.T.);
#569=FACE_BOUND('',#750,.T.);
#570=FACE_BOUND('',#754,.T.);
#571=FACE_BOUND('',#756,.T.);
#572=FACE_BOUND('',#775,.T.);
#573=FACE_BOUND('',#777,.T.);
#574=FACE_BOUND('',#780,.T.);
#575=FACE_BOUND('',#783,.T.);
#576=FACE_BOUND('',#786,.T.);
#577=FACE_BOUND('',#789,.T.);
#578=FACE_BOUND('',#792,.T.);
#579=FACE_BOUND('',#813,.T.);
#580=FACE_BOUND('',#815,.T.);
#581=FACE_BOUND('',#816,.T.);
#582=FACE_BOUND('',#819,.T.);
#583=FACE_BOUND('',#820,.T.);
#584=FACE_BOUND('',#821,.T.);
#585=FACE_BOUND('',#823,.T.);
#586=FACE_BOUND('',#824,.T.);
#587=FACE_BOUND('',#836,.T.);
#588=FACE_BOUND('',#837,.T.);
#589=FACE_BOUND('',#850,.T.);
#590=FACE_BOUND('',#851,.T.);
#591=FACE_BOUND('',#853,.T.);
#592=FACE_BOUND('',#854,.T.);
#593=FACE_BOUND('',#856,.T.);
#594=FACE_BOUND('',#857,.T.);
#595=FACE_BOUND('',#882,.T.);
#596=FACE_BOUND('',#885,.T.);
#597=FACE_BOUND('',#893,.T.);
#598=FACE_BOUND('',#897,.T.);
#599=FACE_BOUND('',#901,.T.);
#600=FACE_BOUND('',#902,.T.);
#601=FACE_BOUND('',#906,.T.);
#602=FACE_BOUND('',#907,.T.);
#603=FACE_OUTER_BOUND('',#740,.T.);
#604=FACE_OUTER_BOUND('',#742,.T.);
#605=FACE_OUTER_BOUND('',#743,.T.);
#606=FACE_OUTER_BOUND('',#744,.T.);
#607=FACE_OUTER_BOUND('',#745,.T.);
#608=FACE_OUTER_BOUND('',#746,.T.);
#609=FACE_OUTER_BOUND('',#747,.T.);
#610=FACE_OUTER_BOUND('',#748,.T.);
#611=FACE_OUTER_BOUND('',#749,.T.);
#612=FACE_OUTER_BOUND('',#751,.T.);
#613=FACE_OUTER_BOUND('',#752,.T.);
#614=FACE_OUTER_BOUND('',#753,.T.);
#615=FACE_OUTER_BOUND('',#755,.T.);
#616=FACE_OUTER_BOUND('',#757,.T.);
#617=FACE_OUTER_BOUND('',#758,.T.);
#618=FACE_OUTER_BOUND('',#759,.T.);
#619=FACE_OUTER_BOUND('',#760,.T.);
#620=FACE_OUTER_BOUND('',#761,.T.);
#621=FACE_OUTER_BOUND('',#762,.T.);
#622=FACE_OUTER_BOUND('',#763,.T.);
#623=FACE_OUTER_BOUND('',#764,.T.);
#624=FACE_OUTER_BOUND('',#765,.T.);
#625=FACE_OUTER_BOUND('',#766,.T.);
#626=FACE_OUTER_BOUND('',#767,.T.);
#627=FACE_OUTER_BOUND('',#768,.T.);
#628=FACE_OUTER_BOUND('',#769,.T.);
#629=FACE_OUTER_BOUND('',#770,.T.);
#630=FACE_OUTER_BOUND('',#771,.T.);
#631=FACE_OUTER_BOUND('',#772,.T.);
#632=FACE_OUTER_BOUND('',#773,.T.);
#633=FACE_OUTER_BOUND('',#774,.T.);
#634=FACE_OUTER_BOUND('',#776,.T.);
#635=FACE_OUTER_BOUND('',#778,.T.);
#636=FACE_OUTER_BOUND('',#779,.T.);
#637=FACE_OUTER_BOUND('',#781,.T.);
#638=FACE_OUTER_BOUND('',#782,.T.);
#639=FACE_OUTER_BOUND('',#784,.T.);
#640=FACE_OUTER_BOUND('',#785,.T.);
#641=FACE_OUTER_BOUND('',#787,.T.);
#642=FACE_OUTER_BOUND('',#788,.T.);
#643=FACE_OUTER_BOUND('',#790,.T.);
#644=FACE_OUTER_BOUND('',#791,.T.);
#645=FACE_OUTER_BOUND('',#793,.T.);
#646=FACE_OUTER_BOUND('',#794,.T.);
#647=FACE_OUTER_BOUND('',#795,.T.);
#648=FACE_OUTER_BOUND('',#796,.T.);
#649=FACE_OUTER_BOUND('',#797,.T.);
#650=FACE_OUTER_BOUND('',#798,.T.);
#651=FACE_OUTER_BOUND('',#799,.T.);
#652=FACE_OUTER_BOUND('',#800,.T.);
#653=FACE_OUTER_BOUND('',#801,.T.);
#654=FACE_OUTER_BOUND('',#802,.T.);
#655=FACE_OUTER_BOUND('',#803,.T.);
#656=FACE_OUTER_BOUND('',#804,.T.);
#657=FACE_OUTER_BOUND('',#805,.T.);
#658=FACE_OUTER_BOUND('',#806,.T.);
#659=FACE_OUTER_BOUND('',#807,.T.);
#660=FACE_OUTER_BOUND('',#808,.T.);
#661=FACE_OUTER_BOUND('',#809,.T.);
#662=FACE_OUTER_BOUND('',#810,.T.);
#663=FACE_OUTER_BOUND('',#811,.T.);
#664=FACE_OUTER_BOUND('',#812,.T.);
#665=FACE_OUTER_BOUND('',#814,.T.);
#666=FACE_OUTER_BOUND('',#817,.T.);
#667=FACE_OUTER_BOUND('',#818,.T.);
#668=FACE_OUTER_BOUND('',#822,.T.);
#669=FACE_OUTER_BOUND('',#825,.T.);
#670=FACE_OUTER_BOUND('',#826,.T.);
#671=FACE_OUTER_BOUND('',#827,.T.);
#672=FACE_OUTER_BOUND('',#828,.T.);
#673=FACE_OUTER_BOUND('',#829,.T.);
#674=FACE_OUTER_BOUND('',#830,.T.);
#675=FACE_OUTER_BOUND('',#831,.T.);
#676=FACE_OUTER_BOUND('',#832,.T.);
#677=FACE_OUTER_BOUND('',#833,.T.);
#678=FACE_OUTER_BOUND('',#834,.T.);
#679=FACE_OUTER_BOUND('',#835,.T.);
#680=FACE_OUTER_BOUND('',#838,.T.);
#681=FACE_OUTER_BOUND('',#839,.T.);
#682=FACE_OUTER_BOUND('',#840,.T.);
#683=FACE_OUTER_BOUND('',#841,.T.);
#684=FACE_OUTER_BOUND('',#842,.T.);
#685=FACE_OUTER_BOUND('',#843,.T.);
#686=FACE_OUTER_BOUND('',#844,.T.);
#687=FACE_OUTER_BOUND('',#845,.T.);
#688=FACE_OUTER_BOUND('',#846,.T.);
#689=FACE_OUTER_BOUND('',#847,.T.);
#690=FACE_OUTER_BOUND('',#848,.T.);
#691=FACE_OUTER_BOUND('',#849,.T.);
#692=FACE_OUTER_BOUND('',#852,.T.);
#693=FACE_OUTER_BOUND('',#855,.T.);
#694=FACE_OUTER_BOUND('',#858,.T.);
#695=FACE_OUTER_BOUND('',#859,.T.);
#696=FACE_OUTER_BOUND('',#860,.T.);
#697=FACE_OUTER_BOUND('',#861,.T.);
#698=FACE_OUTER_BOUND('',#862,.T.);
#699=FACE_OUTER_BOUND('',#863,.T.);
#700=FACE_OUTER_BOUND('',#864,.T.);
#701=FACE_OUTER_BOUND('',#865,.T.);
#702=FACE_OUTER_BOUND('',#866,.T.);
#703=FACE_OUTER_BOUND('',#867,.T.);
#704=FACE_OUTER_BOUND('',#868,.T.);
#705=FACE_OUTER_BOUND('',#869,.T.);
#706=FACE_OUTER_BOUND('',#870,.T.);
#707=FACE_OUTER_BOUND('',#871,.T.);
#708=FACE_OUTER_BOUND('',#872,.T.);
#709=FACE_OUTER_BOUND('',#873,.T.);
#710=FACE_OUTER_BOUND('',#874,.T.);
#711=FACE_OUTER_BOUND('',#875,.T.);
#712=FACE_OUTER_BOUND('',#876,.T.);
#713=FACE_OUTER_BOUND('',#877,.T.);
#714=FACE_OUTER_BOUND('',#878,.T.);
#715=FACE_OUTER_BOUND('',#879,.T.);
#716=FACE_OUTER_BOUND('',#880,.T.);
#717=FACE_OUTER_BOUND('',#881,.T.);
#718=FACE_OUTER_BOUND('',#883,.T.);
#719=FACE_OUTER_BOUND('',#884,.T.);
#720=FACE_OUTER_BOUND('',#886,.T.);
#721=FACE_OUTER_BOUND('',#887,.T.);
#722=FACE_OUTER_BOUND('',#888,.T.);
#723=FACE_OUTER_BOUND('',#889,.T.);
#724=FACE_OUTER_BOUND('',#890,.T.);
#725=FACE_OUTER_BOUND('',#891,.T.);
#726=FACE_OUTER_BOUND('',#892,.T.);
#727=FACE_OUTER_BOUND('',#894,.T.);
#728=FACE_OUTER_BOUND('',#895,.T.);
#729=FACE_OUTER_BOUND('',#896,.T.);
#730=FACE_OUTER_BOUND('',#898,.T.);
#731=FACE_OUTER_BOUND('',#899,.T.);
#732=FACE_OUTER_BOUND('',#900,.T.);
#733=FACE_OUTER_BOUND('',#903,.T.);
#734=FACE_OUTER_BOUND('',#904,.T.);
#735=FACE_OUTER_BOUND('',#905,.T.);
#736=FACE_OUTER_BOUND('',#908,.T.);
#737=FACE_OUTER_BOUND('',#909,.T.);
#738=FACE_OUTER_BOUND('',#910,.T.);
#739=FACE_OUTER_BOUND('',#911,.T.);
#740=EDGE_LOOP('',(#1588));
#741=EDGE_LOOP('',(#1589));
#742=EDGE_LOOP('',(#1590,#1591,#1592,#1593));
#743=EDGE_LOOP('',(#1594,#1595,#1596,#1597));
#744=EDGE_LOOP('',(#1598,#1599,#1600,#1601));
#745=EDGE_LOOP('',(#1602,#1603,#1604,#1605));
#746=EDGE_LOOP('',(#1606,#1607,#1608,#1609));
#747=EDGE_LOOP('',(#1610,#1611,#1612,#1613));
#748=EDGE_LOOP('',(#1614,#1615,#1616,#1617));
#749=EDGE_LOOP('',(#1618,#1619,#1620,#1621,#1622,#1623));
#750=EDGE_LOOP('',(#1624));
#751=EDGE_LOOP('',(#1625,#1626,#1627,#1628));
#752=EDGE_LOOP('',(#1629,#1630,#1631,#1632));
#753=EDGE_LOOP('',(#1633));
#754=EDGE_LOOP('',(#1634,#1635,#1636,#1637,#1638,#1639));
#755=EDGE_LOOP('',(#1640));
#756=EDGE_LOOP('',(#1641));
#757=EDGE_LOOP('',(#1642,#1643,#1644,#1645));
#758=EDGE_LOOP('',(#1646,#1647,#1648,#1649));
#759=EDGE_LOOP('',(#1650,#1651,#1652,#1653));
#760=EDGE_LOOP('',(#1654,#1655,#1656,#1657));
#761=EDGE_LOOP('',(#1658,#1659,#1660,#1661));
#762=EDGE_LOOP('',(#1662,#1663,#1664,#1665,#1666,#1667,#1668));
#763=EDGE_LOOP('',(#1669,#1670,#1671,#1672));
#764=EDGE_LOOP('',(#1673,#1674,#1675,#1676));
#765=EDGE_LOOP('',(#1677,#1678,#1679,#1680,#1681,#1682,#1683));
#766=EDGE_LOOP('',(#1684,#1685,#1686,#1687));
#767=EDGE_LOOP('',(#1688,#1689,#1690,#1691,#1692,#1693,#1694,#1695,#1696,
#1697,#1698,#1699));
#768=EDGE_LOOP('',(#1700,#1701,#1702,#1703,#1704,#1705,#1706,#1707));
#769=EDGE_LOOP('',(#1708,#1709,#1710,#1711,#1712,#1713,#1714,#1715,#1716));
#770=EDGE_LOOP('',(#1717,#1718,#1719,#1720,#1721));
#771=EDGE_LOOP('',(#1722,#1723));
#772=EDGE_LOOP('',(#1724,#1725,#1726,#1727,#1728,#1729,#1730,#1731));
#773=EDGE_LOOP('',(#1732,#1733,#1734,#1735));
#774=EDGE_LOOP('',(#1736));
#775=EDGE_LOOP('',(#1737,#1738));
#776=EDGE_LOOP('',(#1739,#1740,#1741,#1742));
#777=EDGE_LOOP('',(#1743));
#778=EDGE_LOOP('',(#1744,#1745,#1746,#1747));
#779=EDGE_LOOP('',(#1748,#1749,#1750,#1751));
#780=EDGE_LOOP('',(#1752));
#781=EDGE_LOOP('',(#1753,#1754,#1755,#1756));
#782=EDGE_LOOP('',(#1757,#1758,#1759,#1760));
#783=EDGE_LOOP('',(#1761));
#784=EDGE_LOOP('',(#1762,#1763,#1764,#1765));
#785=EDGE_LOOP('',(#1766,#1767,#1768,#1769));
#786=EDGE_LOOP('',(#1770));
#787=EDGE_LOOP('',(#1771,#1772,#1773,#1774));
#788=EDGE_LOOP('',(#1775,#1776,#1777,#1778));
#789=EDGE_LOOP('',(#1779));
#790=EDGE_LOOP('',(#1780,#1781,#1782,#1783));
#791=EDGE_LOOP('',(#1784,#1785,#1786,#1787));
#792=EDGE_LOOP('',(#1788));
#793=EDGE_LOOP('',(#1789,#1790,#1791,#1792));
#794=EDGE_LOOP('',(#1793,#1794,#1795,#1796));
#795=EDGE_LOOP('',(#1797,#1798,#1799,#1800));
#796=EDGE_LOOP('',(#1801,#1802,#1803,#1804));
#797=EDGE_LOOP('',(#1805,#1806,#1807,#1808));
#798=EDGE_LOOP('',(#1809));
#799=EDGE_LOOP('',(#1810));
#800=EDGE_LOOP('',(#1811,#1812,#1813,#1814));
#801=EDGE_LOOP('',(#1815,#1816,#1817,#1818));
#802=EDGE_LOOP('',(#1819,#1820,#1821,#1822));
#803=EDGE_LOOP('',(#1823,#1824,#1825,#1826));
#804=EDGE_LOOP('',(#1827,#1828,#1829,#1830));
#805=EDGE_LOOP('',(#1831));
#806=EDGE_LOOP('',(#1832,#1833,#1834,#1835));
#807=EDGE_LOOP('',(#1836,#1837,#1838,#1839));
#808=EDGE_LOOP('',(#1840,#1841,#1842,#1843));
#809=EDGE_LOOP('',(#1844,#1845,#1846,#1847));
#810=EDGE_LOOP('',(#1848));
#811=EDGE_LOOP('',(#1849,#1850,#1851,#1852));
#812=EDGE_LOOP('',(#1853,#1854,#1855,#1856));
#813=EDGE_LOOP('',(#1857,#1858,#1859,#1860));
#814=EDGE_LOOP('',(#1861,#1862,#1863,#1864,#1865,#1866,#1867,#1868));
#815=EDGE_LOOP('',(#1869));
#816=EDGE_LOOP('',(#1870));
#817=EDGE_LOOP('',(#1871,#1872,#1873,#1874));
#818=EDGE_LOOP('',(#1875,#1876,#1877,#1878));
#819=EDGE_LOOP('',(#1879,#1880,#1881,#1882));
#820=EDGE_LOOP('',(#1883,#1884,#1885,#1886));
#821=EDGE_LOOP('',(#1887,#1888,#1889,#1890));
#822=EDGE_LOOP('',(#1891,#1892,#1893,#1894,#1895,#1896,#1897,#1898));
#823=EDGE_LOOP('',(#1899));
#824=EDGE_LOOP('',(#1900));
#825=EDGE_LOOP('',(#1901,#1902,#1903,#1904));
#826=EDGE_LOOP('',(#1905,#1906,#1907,#1908));
#827=EDGE_LOOP('',(#1909,#1910,#1911,#1912));
#828=EDGE_LOOP('',(#1913,#1914,#1915,#1916));
#829=EDGE_LOOP('',(#1917,#1918));
#830=EDGE_LOOP('',(#1919,#1920,#1921,#1922,#1923,#1924));
#831=EDGE_LOOP('',(#1925,#1926,#1927,#1928,#1929,#1930));
#832=EDGE_LOOP('',(#1931,#1932,#1933,#1934,#1935,#1936,#1937));
#833=EDGE_LOOP('',(#1938,#1939,#1940,#1941));
#834=EDGE_LOOP('',(#1942));
#835=EDGE_LOOP('',(#1943,#1944,#1945,#1946,#1947,#1948,#1949,#1950));
#836=EDGE_LOOP('',(#1951));
#837=EDGE_LOOP('',(#1952));
#838=EDGE_LOOP('',(#1953,#1954,#1955,#1956,#1957));
#839=EDGE_LOOP('',(#1958,#1959,#1960,#1961));
#840=EDGE_LOOP('',(#1962,#1963,#1964,#1965,#1966));
#841=EDGE_LOOP('',(#1967,#1968,#1969,#1970,#1971,#1972));
#842=EDGE_LOOP('',(#1973));
#843=EDGE_LOOP('',(#1974,#1975,#1976,#1977));
#844=EDGE_LOOP('',(#1978,#1979,#1980,#1981));
#845=EDGE_LOOP('',(#1982,#1983,#1984,#1985));
#846=EDGE_LOOP('',(#1986,#1987,#1988,#1989,#1990,#1991,#1992,#1993,#1994,
#1995,#1996,#1997));
#847=EDGE_LOOP('',(#1998,#1999,#2000,#2001));
#848=EDGE_LOOP('',(#2002,#2003,#2004,#2005,#2006,#2007,#2008));
#849=EDGE_LOOP('',(#2009,#2010,#2011,#2012,#2013,#2014,#2015,#2016));
#850=EDGE_LOOP('',(#2017));
#851=EDGE_LOOP('',(#2018));
#852=EDGE_LOOP('',(#2019,#2020,#2021,#2022,#2023,#2024,#2025,#2026));
#853=EDGE_LOOP('',(#2027));
#854=EDGE_LOOP('',(#2028));
#855=EDGE_LOOP('',(#2029,#2030,#2031,#2032,#2033,#2034,#2035,#2036));
#856=EDGE_LOOP('',(#2037));
#857=EDGE_LOOP('',(#2038));
#858=EDGE_LOOP('',(#2039,#2040,#2041,#2042));
#859=EDGE_LOOP('',(#2043,#2044,#2045,#2046));
#860=EDGE_LOOP('',(#2047,#2048,#2049,#2050));
#861=EDGE_LOOP('',(#2051,#2052,#2053,#2054));
#862=EDGE_LOOP('',(#2055,#2056,#2057,#2058));
#863=EDGE_LOOP('',(#2059,#2060,#2061,#2062,#2063,#2064,#2065,#2066,#2067));
#864=EDGE_LOOP('',(#2068,#2069,#2070,#2071));
#865=EDGE_LOOP('',(#2072,#2073,#2074,#2075));
#866=EDGE_LOOP('',(#2076,#2077,#2078,#2079,#2080,#2081));
#867=EDGE_LOOP('',(#2082,#2083,#2084,#2085,#2086));
#868=EDGE_LOOP('',(#2087,#2088,#2089,#2090,#2091,#2092,#2093));
#869=EDGE_LOOP('',(#2094,#2095,#2096,#2097,#2098,#2099,#2100,#2101,#2102,
#2103,#2104,#2105));
#870=EDGE_LOOP('',(#2106,#2107,#2108,#2109));
#871=EDGE_LOOP('',(#2110,#2111,#2112,#2113,#2114,#2115,#2116,#2117,#2118,
#2119,#2120,#2121));
#872=EDGE_LOOP('',(#2122,#2123,#2124,#2125,#2126,#2127,#2128,#2129));
#873=EDGE_LOOP('',(#2130,#2131,#2132,#2133,#2134));
#874=EDGE_LOOP('',(#2135,#2136,#2137,#2138));
#875=EDGE_LOOP('',(#2139,#2140,#2141,#2142));
#876=EDGE_LOOP('',(#2143,#2144,#2145,#2146));
#877=EDGE_LOOP('',(#2147,#2148,#2149,#2150));
#878=EDGE_LOOP('',(#2151,#2152,#2153,#2154));
#879=EDGE_LOOP('',(#2155,#2156,#2157,#2158));
#880=EDGE_LOOP('',(#2159,#2160,#2161,#2162));
#881=EDGE_LOOP('',(#2163,#2164,#2165,#2166));
#882=EDGE_LOOP('',(#2167));
#883=EDGE_LOOP('',(#2168,#2169,#2170,#2171,#2172,#2173,#2174,#2175));
#884=EDGE_LOOP('',(#2176,#2177,#2178,#2179,#2180,#2181));
#885=EDGE_LOOP('',(#2182));
#886=EDGE_LOOP('',(#2183,#2184,#2185,#2186));
#887=EDGE_LOOP('',(#2187,#2188,#2189,#2190));
#888=EDGE_LOOP('',(#2191,#2192,#2193,#2194));
#889=EDGE_LOOP('',(#2195,#2196,#2197,#2198));
#890=EDGE_LOOP('',(#2199,#2200,#2201,#2202));
#891=EDGE_LOOP('',(#2203,#2204,#2205,#2206));
#892=EDGE_LOOP('',(#2207,#2208,#2209,#2210,#2211,#2212));
#893=EDGE_LOOP('',(#2213));
#894=EDGE_LOOP('',(#2214,#2215,#2216,#2217));
#895=EDGE_LOOP('',(#2218,#2219,#2220,#2221));
#896=EDGE_LOOP('',(#2222));
#897=EDGE_LOOP('',(#2223));
#898=EDGE_LOOP('',(#2224,#2225,#2226,#2227));
#899=EDGE_LOOP('',(#2228,#2229,#2230,#2231));
#900=EDGE_LOOP('',(#2232,#2233,#2234,#2235,#2236,#2237,#2238,#2239));
#901=EDGE_LOOP('',(#2240));
#902=EDGE_LOOP('',(#2241));
#903=EDGE_LOOP('',(#2242,#2243,#2244,#2245));
#904=EDGE_LOOP('',(#2246,#2247,#2248,#2249));
#905=EDGE_LOOP('',(#2250,#2251,#2252,#2253,#2254,#2255,#2256,#2257));
#906=EDGE_LOOP('',(#2258));
#907=EDGE_LOOP('',(#2259));
#908=EDGE_LOOP('',(#2260,#2261,#2262,#2263));
#909=EDGE_LOOP('',(#2264,#2265,#2266,#2267));
#910=EDGE_LOOP('',(#2268,#2269,#2270,#2271));
#911=EDGE_LOOP('',(#2272,#2273,#2274,#2275));
#912=CIRCLE('',#2582,4.5);
#913=CIRCLE('',#2583,4.);
#914=CIRCLE('',#2585,4.);
#915=CIRCLE('',#2594,4.5);
#916=CIRCLE('',#2596,7.7);
#917=CIRCLE('',#2597,7.7);
#918=CIRCLE('',#2602,0.625);
#919=CIRCLE('',#2603,0.625);
#920=CIRCLE('',#2605,0.625);
#921=CIRCLE('',#2606,0.625);
#922=CIRCLE('',#2608,0.625);
#923=CIRCLE('',#2609,0.625);
#924=CIRCLE('',#2611,0.5);
#925=CIRCLE('',#2612,0.5);
#926=CIRCLE('',#2621,1.5409610095854);
#927=CIRCLE('',#2622,1.5409610095854);
#928=CIRCLE('',#2623,0.5);
#929=CIRCLE('',#2624,1.21569800542758);
#930=CIRCLE('',#2625,1.21569800542758);
#931=CIRCLE('',#2626,1.21569800542758);
#932=CIRCLE('',#2627,1.5409610095854);
#933=CIRCLE('',#2632,0.450806661517034);
#934=CIRCLE('',#2633,2.);
#935=CIRCLE('',#2634,2.);
#936=CIRCLE('',#2636,2.5);
#937=CIRCLE('',#2637,2.5);
#938=CIRCLE('',#2640,1.25);
#939=CIRCLE('',#2642,1.25);
#940=CIRCLE('',#2646,1.25);
#941=CIRCLE('',#2648,1.25);
#942=CIRCLE('',#2652,1.25);
#943=CIRCLE('',#2654,1.25);
#944=CIRCLE('',#2661,1.);
#945=CIRCLE('',#2662,1.);
#946=CIRCLE('',#2665,1.);
#947=CIRCLE('',#2667,1.);
#948=CIRCLE('',#2669,1.);
#949=CIRCLE('',#2670,1.);
#950=CIRCLE('',#2672,1.);
#951=CIRCLE('',#2673,1.);
#952=CIRCLE('',#2675,1.);
#953=CIRCLE('',#2676,1.);
#954=CIRCLE('',#2678,1.);
#955=CIRCLE('',#2679,1.);
#956=CIRCLE('',#2682,1.);
#957=CIRCLE('',#2683,1.);
#958=CIRCLE('',#2685,1.);
#959=CIRCLE('',#2686,1.);
#960=CIRCLE('',#2688,1.);
#961=CIRCLE('',#2689,1.);
#962=CIRCLE('',#2691,1.);
#963=CIRCLE('',#2692,1.);
#964=CIRCLE('',#2695,1.);
#965=CIRCLE('',#2696,1.);
#966=CIRCLE('',#2699,1.);
#967=CIRCLE('',#2700,1.);
#968=CIRCLE('',#2701,1.);
#969=CIRCLE('',#2703,1.);
#970=CIRCLE('',#2706,1.);
#971=CIRCLE('',#2707,1.);
#972=CIRCLE('',#2713,2.);
#973=CIRCLE('',#2717,1.);
#974=CIRCLE('',#2719,1.);
#975=CIRCLE('',#2720,1.);
#976=CIRCLE('',#2723,3.);
#977=CIRCLE('',#2724,1.);
#978=CIRCLE('',#2726,1.);
#979=CIRCLE('',#2727,1.);
#980=CIRCLE('',#2729,1.);
#981=CIRCLE('',#2730,1.);
#982=CIRCLE('',#2732,1.);
#983=CIRCLE('',#2733,1.);
#984=CIRCLE('',#2734,1.);
#985=CIRCLE('',#2736,1.);
#986=CIRCLE('',#2737,1.);
#987=CIRCLE('',#2738,1.);
#988=CIRCLE('',#2739,1.);
#989=CIRCLE('',#2748,3.);
#990=CIRCLE('',#2749,1.);
#991=CIRCLE('',#2751,1.);
#992=CIRCLE('',#2752,3.);
#993=CIRCLE('',#2754,1.);
#994=CIRCLE('',#2755,3.);
#995=CIRCLE('',#2762,2.);
#996=CIRCLE('',#2763,2.);
#997=CIRCLE('',#2767,2.);
#998=CIRCLE('',#2769,1.);
#999=CIRCLE('',#2770,1.);
#1000=CIRCLE('',#2772,2.);
#1001=CIRCLE('',#2773,2.);
#1002=CIRCLE('',#2775,1.);
#1003=CIRCLE('',#2776,2.);
#1004=CIRCLE('',#2778,4.);
#1005=CIRCLE('',#2780,2.);
#1006=CIRCLE('',#2781,1.);
#1007=CIRCLE('',#2791,4.);
#1008=CIRCLE('',#2794,4.);
#1009=CIRCLE('',#2796,4.);
#1010=CIRCLE('',#2805,4.);
#1011=CIRCLE('',#2806,3.5);
#1012=CIRCLE('',#2810,1.);
#1013=CIRCLE('',#2811,1.);
#1014=CIRCLE('',#2814,1.);
#1015=CIRCLE('',#2815,1.);
#1016=CIRCLE('',#2816,1.);
#1017=CIRCLE('',#2818,1.);
#1018=CIRCLE('',#2821,1.);
#1019=CIRCLE('',#2822,1.);
#1020=VERTEX_POINT('',#3560);
#1021=VERTEX_POINT('',#3562);
#1022=VERTEX_POINT('',#3565);
#1023=VERTEX_POINT('',#3569);
#1024=VERTEX_POINT('',#3570);
#1025=VERTEX_POINT('',#3572);
#1026=VERTEX_POINT('',#3574);
#1027=VERTEX_POINT('',#3578);
#1028=VERTEX_POINT('',#3580);
#1029=VERTEX_POINT('',#3584);
#1030=VERTEX_POINT('',#3586);
#1031=VERTEX_POINT('',#3590);
#1032=VERTEX_POINT('',#3592);
#1033=VERTEX_POINT('',#3596);
#1034=VERTEX_POINT('',#3598);
#1035=VERTEX_POINT('',#3606);
#1036=VERTEX_POINT('',#3610);
#1037=VERTEX_POINT('',#3612);
#1038=VERTEX_POINT('',#3619);
#1039=VERTEX_POINT('',#3621);
#1040=VERTEX_POINT('',#3625);
#1041=VERTEX_POINT('',#3627);
#1042=VERTEX_POINT('',#3631);
#1043=VERTEX_POINT('',#3633);
#1044=VERTEX_POINT('',#3637);
#1045=VERTEX_POINT('',#3638);
#1046=VERTEX_POINT('',#3640);
#1047=VERTEX_POINT('',#3642);
#1048=VERTEX_POINT('',#3646);
#1049=VERTEX_POINT('',#3648);
#1050=VERTEX_POINT('',#3652);
#1051=VERTEX_POINT('',#3654);
#1052=VERTEX_POINT('',#3656);
#1053=VERTEX_POINT('',#3658);
#1054=VERTEX_POINT('',#3662);
#1055=VERTEX_POINT('',#3666);
#1056=VERTEX_POINT('',#3670);
#1057=VERTEX_POINT('',#3672);
#1058=VERTEX_POINT('',#3679);
#1059=VERTEX_POINT('',#3681);
#1060=VERTEX_POINT('',#3683);
#1061=VERTEX_POINT('',#3685);
#1062=VERTEX_POINT('',#3687);
#1063=VERTEX_POINT('',#3689);
#1064=VERTEX_POINT('',#3691);
#1065=VERTEX_POINT('',#3693);
#1066=VERTEX_POINT('',#3697);
#1067=VERTEX_POINT('',#3698);
#1068=VERTEX_POINT('',#3700);
#1069=VERTEX_POINT('',#3702);
#1070=VERTEX_POINT('',#3704);
#1071=VERTEX_POINT('',#3706);
#1072=VERTEX_POINT('',#3711);
#1073=VERTEX_POINT('',#3712);
#1074=VERTEX_POINT('',#3731);
#1075=VERTEX_POINT('',#3733);
#1076=VERTEX_POINT('',#3756);
#1077=VERTEX_POINT('',#3787);
#1078=VERTEX_POINT('',#3791);
#1079=VERTEX_POINT('',#3795);
#1080=VERTEX_POINT('',#3797);
#1081=VERTEX_POINT('',#3802);
#1082=VERTEX_POINT('',#3803);
#1083=VERTEX_POINT('',#3805);
#1084=VERTEX_POINT('',#3807);
#1085=VERTEX_POINT('',#3811);
#1086=VERTEX_POINT('',#3813);
#1087=VERTEX_POINT('',#3817);
#1088=VERTEX_POINT('',#3819);
#1089=VERTEX_POINT('',#3825);
#1090=VERTEX_POINT('',#3826);
#1091=VERTEX_POINT('',#3828);
#1092=VERTEX_POINT('',#3830);
#1093=VERTEX_POINT('',#3834);
#1094=VERTEX_POINT('',#3836);
#1095=VERTEX_POINT('',#3840);
#1096=VERTEX_POINT('',#3842);
#1097=VERTEX_POINT('',#3848);
#1098=VERTEX_POINT('',#3849);
#1099=VERTEX_POINT('',#3851);
#1100=VERTEX_POINT('',#3853);
#1101=VERTEX_POINT('',#3857);
#1102=VERTEX_POINT('',#3859);
#1103=VERTEX_POINT('',#3863);
#1104=VERTEX_POINT('',#3865);
#1105=VERTEX_POINT('',#3877);
#1106=VERTEX_POINT('',#3879);
#1107=VERTEX_POINT('',#3884);
#1108=VERTEX_POINT('',#3887);
#1109=VERTEX_POINT('',#3891);
#1110=VERTEX_POINT('',#3893);
#1111=VERTEX_POINT('',#3897);
#1112=VERTEX_POINT('',#3899);
#1113=VERTEX_POINT('',#3903);
#1114=VERTEX_POINT('',#3905);
#1115=VERTEX_POINT('',#3909);
#1116=VERTEX_POINT('',#3911);
#1117=VERTEX_POINT('',#3916);
#1118=VERTEX_POINT('',#3918);
#1119=VERTEX_POINT('',#3922);
#1120=VERTEX_POINT('',#3924);
#1121=VERTEX_POINT('',#3928);
#1122=VERTEX_POINT('',#3930);
#1123=VERTEX_POINT('',#3934);
#1124=VERTEX_POINT('',#3936);
#1125=VERTEX_POINT('',#3941);
#1126=VERTEX_POINT('',#3942);
#1127=VERTEX_POINT('',#3944);
#1128=VERTEX_POINT('',#3946);
#1129=VERTEX_POINT('',#3950);
#1130=VERTEX_POINT('',#3952);
#1131=VERTEX_POINT('',#3956);
#1132=VERTEX_POINT('',#3958);
#1133=VERTEX_POINT('',#3960);
#1134=VERTEX_POINT('',#3962);
#1135=VERTEX_POINT('',#3964);
#1136=VERTEX_POINT('',#3968);
#1137=VERTEX_POINT('',#3969);
#1138=VERTEX_POINT('',#3974);
#1139=VERTEX_POINT('',#3978);
#1140=VERTEX_POINT('',#3980);
#1141=VERTEX_POINT('',#3991);
#1142=VERTEX_POINT('',#3992);
#1143=VERTEX_POINT('',#3996);
#1144=VERTEX_POINT('',#3997);
#1145=VERTEX_POINT('',#4000);
#1146=VERTEX_POINT('',#4002);
#1147=VERTEX_POINT('',#4009);
#1148=VERTEX_POINT('',#4011);
#1149=VERTEX_POINT('',#4013);
#1150=VERTEX_POINT('',#4017);
#1151=VERTEX_POINT('',#4019);
#1152=VERTEX_POINT('',#4024);
#1153=VERTEX_POINT('',#4026);
#1154=VERTEX_POINT('',#4028);
#1155=VERTEX_POINT('',#4030);
#1156=VERTEX_POINT('',#4032);
#1157=VERTEX_POINT('',#4034);
#1158=VERTEX_POINT('',#4038);
#1159=VERTEX_POINT('',#4043);
#1160=VERTEX_POINT('',#4045);
#1161=VERTEX_POINT('',#4049);
#1162=VERTEX_POINT('',#4051);
#1163=VERTEX_POINT('',#4053);
#1164=VERTEX_POINT('',#4057);
#1165=VERTEX_POINT('',#4059);
#1166=VERTEX_POINT('',#4061);
#1167=VERTEX_POINT('',#4063);
#1168=VERTEX_POINT('',#4068);
#1169=VERTEX_POINT('',#4070);
#1170=VERTEX_POINT('',#4074);
#1171=VERTEX_POINT('',#4078);
#1172=VERTEX_POINT('',#4083);
#1173=VERTEX_POINT('',#4086);
#1174=VERTEX_POINT('',#4089);
#1175=VERTEX_POINT('',#4091);
#1176=VERTEX_POINT('',#4095);
#1177=VERTEX_POINT('',#4102);
#1178=VERTEX_POINT('',#4104);
#1179=VERTEX_POINT('',#4106);
#1180=VERTEX_POINT('',#4108);
#1181=VERTEX_POINT('',#4110);
#1182=VERTEX_POINT('',#4112);
#1183=VERTEX_POINT('',#4116);
#1184=VERTEX_POINT('',#4118);
#1185=VERTEX_POINT('',#4120);
#1186=VERTEX_POINT('',#4122);
#1187=VERTEX_POINT('',#4124);
#1188=VERTEX_POINT('',#4126);
#1189=VERTEX_POINT('',#4130);
#1190=VERTEX_POINT('',#4132);
#1191=VERTEX_POINT('',#4134);
#1192=VERTEX_POINT('',#4136);
#1193=VERTEX_POINT('',#4138);
#1194=VERTEX_POINT('',#4140);
#1195=VERTEX_POINT('',#4145);
#1196=VERTEX_POINT('',#4149);
#1197=VERTEX_POINT('',#4157);
#1198=VERTEX_POINT('',#4163);
#1199=VERTEX_POINT('',#4167);
#1200=VERTEX_POINT('',#4169);
#1201=VERTEX_POINT('',#4173);
#1202=VERTEX_POINT('',#4174);
#1203=VERTEX_POINT('',#4185);
#1204=VERTEX_POINT('',#4188);
#1205=VERTEX_POINT('',#4193);
#1206=VERTEX_POINT('',#4197);
#1207=VERTEX_POINT('',#4201);
#1208=VERTEX_POINT('',#4203);
#1209=VERTEX_POINT('',#4209);
#1210=VERTEX_POINT('',#4214);
#1211=VERTEX_POINT('',#4215);
#1212=VERTEX_POINT('',#4245);
#1213=VERTEX_POINT('',#4249);
#1214=VERTEX_POINT('',#4250);
#1215=VERTEX_POINT('',#4252);
#1216=VERTEX_POINT('',#4254);
#1217=VERTEX_POINT('',#4256);
#1218=VERTEX_POINT('',#4258);
#1219=VERTEX_POINT('',#4261);
#1220=VERTEX_POINT('',#4264);
#1221=VERTEX_POINT('',#4265);
#1222=VERTEX_POINT('',#4270);
#1223=VERTEX_POINT('',#4274);
#1224=VERTEX_POINT('',#4278);
#1225=VERTEX_POINT('',#4282);
#1226=VERTEX_POINT('',#4289);
#1227=VERTEX_POINT('',#4291);
#1228=VERTEX_POINT('',#4298);
#1229=VERTEX_POINT('',#4299);
#1230=VERTEX_POINT('',#4301);
#1231=VERTEX_POINT('',#4303);
#1232=VERTEX_POINT('',#4307);
#1233=VERTEX_POINT('',#4309);
#1234=VERTEX_POINT('',#4313);
#1235=VERTEX_POINT('',#4315);
#1236=VERTEX_POINT('',#4317);
#1237=VERTEX_POINT('',#4319);
#1238=VERTEX_POINT('',#4321);
#1239=VERTEX_POINT('',#4325);
#1240=VERTEX_POINT('',#4327);
#1241=VERTEX_POINT('',#4331);
#1242=VERTEX_POINT('',#4335);
#1243=VERTEX_POINT('',#4337);
#1244=EDGE_CURVE('',#1020,#1020,#912,.T.);
#1245=EDGE_CURVE('',#1021,#1021,#913,.T.);
#1246=EDGE_CURVE('',#1021,#1022,#67,.T.);
#1247=EDGE_CURVE('',#1022,#1022,#914,.T.);
#1248=EDGE_CURVE('',#1023,#1024,#68,.T.);
#1249=EDGE_CURVE('',#1025,#1024,#69,.T.);
#1250=EDGE_CURVE('',#1026,#1025,#70,.T.);
#1251=EDGE_CURVE('',#1026,#1023,#71,.T.);
#1252=EDGE_CURVE('',#1024,#1027,#72,.T.);
#1253=EDGE_CURVE('',#1028,#1027,#73,.T.);
#1254=EDGE_CURVE('',#1025,#1028,#74,.T.);
#1255=EDGE_CURVE('',#1027,#1029,#75,.T.);
#1256=EDGE_CURVE('',#1030,#1029,#76,.T.);
#1257=EDGE_CURVE('',#1028,#1030,#77,.T.);
#1258=EDGE_CURVE('',#1029,#1031,#78,.T.);
#1259=EDGE_CURVE('',#1032,#1031,#79,.T.);
#1260=EDGE_CURVE('',#1030,#1032,#80,.T.);
#1261=EDGE_CURVE('',#1031,#1033,#81,.T.);
#1262=EDGE_CURVE('',#1034,#1033,#82,.T.);
#1263=EDGE_CURVE('',#1032,#1034,#83,.T.);
#1264=EDGE_CURVE('',#1033,#1023,#84,.T.);
#1265=EDGE_CURVE('',#1034,#1026,#85,.T.);
#1266=EDGE_CURVE('',#1035,#1035,#915,.T.);
#1267=EDGE_CURVE('',#1035,#1020,#86,.T.);
#1268=EDGE_CURVE('',#1036,#1036,#916,.T.);
#1269=EDGE_CURVE('',#1036,#1037,#87,.T.);
#1270=EDGE_CURVE('',#1037,#1037,#917,.T.);
#1271=EDGE_CURVE('',#1038,#1038,#918,.T.);
#1272=EDGE_CURVE('',#1038,#1039,#88,.T.);
#1273=EDGE_CURVE('',#1039,#1039,#919,.T.);
#1274=EDGE_CURVE('',#1040,#1040,#920,.T.);
#1275=EDGE_CURVE('',#1040,#1041,#89,.T.);
#1276=EDGE_CURVE('',#1041,#1041,#921,.T.);
#1277=EDGE_CURVE('',#1042,#1042,#922,.T.);
#1278=EDGE_CURVE('',#1042,#1043,#90,.T.);
#1279=EDGE_CURVE('',#1043,#1043,#923,.T.);
#1280=EDGE_CURVE('',#1044,#1045,#924,.T.);
#1281=EDGE_CURVE('',#1045,#1046,#91,.T.);
#1282=EDGE_CURVE('',#1046,#1047,#925,.T.);
#1283=EDGE_CURVE('',#1044,#1047,#92,.T.);
#1284=EDGE_CURVE('',#1048,#1045,#93,.T.);
#1285=EDGE_CURVE('',#1048,#1049,#94,.T.);
#1286=EDGE_CURVE('',#1049,#1046,#95,.T.);
#1287=EDGE_CURVE('',#1050,#1044,#96,.T.);
#1288=EDGE_CURVE('',#1051,#1050,#97,.T.);
#1289=EDGE_CURVE('',#1052,#1051,#98,.T.);
#1290=EDGE_CURVE('',#1052,#1053,#99,.T.);
#1291=EDGE_CURVE('',#1053,#1048,#100,.T.);
#1292=EDGE_CURVE('',#1049,#1054,#101,.T.);
#1293=EDGE_CURVE('',#1053,#1054,#102,.T.);
#1294=EDGE_CURVE('',#1054,#1055,#103,.T.);
#1295=EDGE_CURVE('',#1052,#1055,#104,.T.);
#1296=EDGE_CURVE('',#1056,#1055,#105,.T.);
#1297=EDGE_CURVE('',#1056,#1057,#106,.T.);
#1298=EDGE_CURVE('',#1047,#1057,#107,.T.);
#1299=EDGE_CURVE('',#1057,#1050,#108,.T.);
#1300=EDGE_CURVE('',#1051,#1056,#109,.T.);
#1301=EDGE_CURVE('',#1058,#1044,#110,.T.);
#1302=EDGE_CURVE('',#1059,#1058,#111,.T.);
#1303=EDGE_CURVE('',#1059,#1060,#112,.T.);
#1304=EDGE_CURVE('',#1060,#1061,#113,.T.);
#1305=EDGE_CURVE('',#1061,#1062,#114,.T.);
#1306=EDGE_CURVE('',#1062,#1063,#115,.T.);
#1307=EDGE_CURVE('',#1063,#1064,#116,.T.);
#1308=EDGE_CURVE('',#1065,#1064,#117,.T.);
#1309=EDGE_CURVE('',#1047,#1065,#118,.T.);
#1310=EDGE_CURVE('',#1066,#1067,#926,.T.);
#1311=EDGE_CURVE('',#1067,#1068,#927,.T.);
#1312=EDGE_CURVE('',#1068,#1069,#928,.T.);
#1313=EDGE_CURVE('',#1069,#1070,#929,.T.);
#1314=EDGE_CURVE('',#1070,#1071,#930,.T.);
#1315=EDGE_CURVE('',#1071,#1069,#931,.T.);
#1316=EDGE_CURVE('',#1068,#1066,#932,.T.);
#1317=EDGE_CURVE('',#1072,#1073,#22,.T.);
#1318=EDGE_CURVE('',#1074,#1072,#21,.T.);
#1319=EDGE_CURVE('',#1075,#1074,#23,.T.);
#1320=EDGE_CURVE('',#1073,#1075,#24,.T.);
#1321=EDGE_CURVE('',#1073,#1067,#119,.T.);
#1322=EDGE_CURVE('',#1070,#1076,#120,.T.);
#1323=EDGE_CURVE('',#1074,#1072,#933,.T.);
#1324=EDGE_CURVE('',#1075,#1077,#19,.T.);
#1325=EDGE_CURVE('',#1078,#1077,#934,.T.);
#1326=EDGE_CURVE('',#1077,#1078,#935,.T.);
#1327=EDGE_CURVE('',#1079,#1079,#936,.T.);
#1328=EDGE_CURVE('',#1079,#1080,#121,.T.);
#1329=EDGE_CURVE('',#1080,#1080,#937,.T.);
#1330=EDGE_CURVE('',#1081,#1082,#938,.T.);
#1331=EDGE_CURVE('',#1083,#1081,#122,.T.);
#1332=EDGE_CURVE('',#1084,#1083,#123,.T.);
#1333=EDGE_CURVE('',#1084,#1082,#124,.T.);
#1334=EDGE_CURVE('',#1082,#1085,#125,.T.);
#1335=EDGE_CURVE('',#1085,#1086,#939,.T.);
#1336=EDGE_CURVE('',#1086,#1081,#126,.T.);
#1337=EDGE_CURVE('',#1087,#1085,#127,.T.);
#1338=EDGE_CURVE('',#1088,#1087,#128,.T.);
#1339=EDGE_CURVE('',#1088,#1086,#129,.T.);
#1340=EDGE_CURVE('',#1087,#1084,#130,.T.);
#1341=EDGE_CURVE('',#1089,#1090,#940,.T.);
#1342=EDGE_CURVE('',#1091,#1089,#131,.T.);
#1343=EDGE_CURVE('',#1092,#1091,#132,.T.);
#1344=EDGE_CURVE('',#1092,#1090,#133,.T.);
#1345=EDGE_CURVE('',#1090,#1093,#134,.T.);
#1346=EDGE_CURVE('',#1093,#1094,#941,.T.);
#1347=EDGE_CURVE('',#1094,#1089,#135,.T.);
#1348=EDGE_CURVE('',#1095,#1093,#136,.T.);
#1349=EDGE_CURVE('',#1096,#1095,#137,.T.);
#1350=EDGE_CURVE('',#1096,#1094,#138,.T.);
#1351=EDGE_CURVE('',#1095,#1092,#139,.T.);
#1352=EDGE_CURVE('',#1097,#1098,#942,.T.);
#1353=EDGE_CURVE('',#1099,#1097,#140,.T.);
#1354=EDGE_CURVE('',#1100,#1099,#141,.T.);
#1355=EDGE_CURVE('',#1100,#1098,#142,.T.);
#1356=EDGE_CURVE('',#1098,#1101,#143,.T.);
#1357=EDGE_CURVE('',#1101,#1102,#943,.T.);
#1358=EDGE_CURVE('',#1102,#1097,#144,.T.);
#1359=EDGE_CURVE('',#1103,#1101,#145,.T.);
#1360=EDGE_CURVE('',#1104,#1103,#146,.T.);
#1361=EDGE_CURVE('',#1104,#1102,#147,.T.);
#1362=EDGE_CURVE('',#1103,#1100,#148,.T.);
#1363=EDGE_CURVE('',#1099,#1104,#149,.T.);
#1364=EDGE_CURVE('',#1091,#1096,#150,.T.);
#1365=EDGE_CURVE('',#1083,#1088,#151,.T.);
#1366=EDGE_CURVE('',#1105,#1105,#944,.T.);
#1367=EDGE_CURVE('',#1105,#1106,#152,.T.);
#1368=EDGE_CURVE('',#1106,#1106,#945,.T.);
#1369=EDGE_CURVE('',#1107,#1107,#946,.T.);
#1370=EDGE_CURVE('',#1107,#1108,#153,.T.);
#1371=EDGE_CURVE('',#1108,#1108,#947,.T.);
#1372=EDGE_CURVE('',#1109,#1109,#948,.T.);
#1373=EDGE_CURVE('',#1109,#1110,#154,.T.);
#1374=EDGE_CURVE('',#1110,#1110,#949,.T.);
#1375=EDGE_CURVE('',#1111,#1111,#950,.T.);
#1376=EDGE_CURVE('',#1111,#1112,#155,.T.);
#1377=EDGE_CURVE('',#1112,#1112,#951,.T.);
#1378=EDGE_CURVE('',#1113,#1113,#952,.T.);
#1379=EDGE_CURVE('',#1113,#1114,#156,.T.);
#1380=EDGE_CURVE('',#1114,#1114,#953,.T.);
#1381=EDGE_CURVE('',#1115,#1115,#954,.T.);
#1382=EDGE_CURVE('',#1115,#1116,#157,.T.);
#1383=EDGE_CURVE('',#1116,#1116,#955,.T.);
#1384=EDGE_CURVE('',#1117,#1117,#956,.T.);
#1385=EDGE_CURVE('',#1117,#1118,#158,.T.);
#1386=EDGE_CURVE('',#1118,#1118,#957,.T.);
#1387=EDGE_CURVE('',#1119,#1119,#958,.T.);
#1388=EDGE_CURVE('',#1119,#1120,#159,.T.);
#1389=EDGE_CURVE('',#1120,#1120,#959,.T.);
#1390=EDGE_CURVE('',#1121,#1121,#960,.T.);
#1391=EDGE_CURVE('',#1121,#1122,#160,.T.);
#1392=EDGE_CURVE('',#1122,#1122,#961,.T.);
#1393=EDGE_CURVE('',#1123,#1123,#962,.T.);
#1394=EDGE_CURVE('',#1123,#1124,#161,.T.);
#1395=EDGE_CURVE('',#1124,#1124,#963,.T.);
#1396=EDGE_CURVE('',#1125,#1126,#964,.T.);
#1397=EDGE_CURVE('',#1126,#1127,#162,.T.);
#1398=EDGE_CURVE('',#1127,#1128,#965,.T.);
#1399=EDGE_CURVE('',#1128,#1125,#163,.T.);
#1400=EDGE_CURVE('',#1126,#1129,#164,.T.);
#1401=EDGE_CURVE('',#1130,#1129,#165,.T.);
#1402=EDGE_CURVE('',#1127,#1130,#166,.T.);
#1403=EDGE_CURVE('',#1125,#1131,#167,.T.);
#1404=EDGE_CURVE('',#1132,#1131,#966,.T.);
#1405=EDGE_CURVE('',#1132,#1133,#168,.T.);
#1406=EDGE_CURVE('',#1134,#1133,#967,.T.);
#1407=EDGE_CURVE('',#1134,#1135,#169,.T.);
#1408=EDGE_CURVE('',#1129,#1135,#968,.T.);
#1409=EDGE_CURVE('',#1136,#1137,#969,.T.);
#1410=EDGE_CURVE('',#1137,#1132,#170,.T.);
#1411=EDGE_CURVE('',#1131,#1136,#171,.T.);
#1412=EDGE_CURVE('',#1137,#1138,#172,.T.);
#1413=EDGE_CURVE('',#1133,#1138,#173,.T.);
#1414=EDGE_CURVE('',#1139,#1130,#970,.T.);
#1415=EDGE_CURVE('',#1139,#1140,#174,.T.);
#1416=EDGE_CURVE('',#1138,#1140,#971,.T.);
#1417=EDGE_CURVE('',#1136,#1128,#175,.T.);
#1418=EDGE_CURVE('',#1140,#1134,#176,.T.);
#1419=EDGE_CURVE('',#1135,#1139,#177,.T.);
#1420=EDGE_CURVE('',#1141,#1142,#972,.T.);
#1421=EDGE_CURVE('',#1141,#1142,#178,.T.);
#1422=EDGE_CURVE('',#1143,#1144,#179,.T.);
#1423=EDGE_CURVE('',#1142,#1143,#180,.T.);
#1424=EDGE_CURVE('',#1145,#1141,#181,.T.);
#1425=EDGE_CURVE('',#1146,#1145,#182,.T.);
#1426=EDGE_CURVE('',#1144,#1146,#183,.T.);
#1427=EDGE_CURVE('',#1146,#1058,#184,.T.);
#1428=EDGE_CURVE('',#1144,#1065,#185,.T.);
#1429=EDGE_CURVE('',#1147,#1145,#186,.T.);
#1430=EDGE_CURVE('',#1147,#1148,#973,.T.);
#1431=EDGE_CURVE('',#1148,#1149,#187,.T.);
#1432=EDGE_CURVE('',#1059,#1149,#188,.T.);
#1433=EDGE_CURVE('',#1150,#1150,#974,.T.);
#1434=EDGE_CURVE('',#1150,#1151,#189,.T.);
#1435=EDGE_CURVE('',#1151,#1151,#975,.T.);
#1436=EDGE_CURVE('',#1152,#1151,#190,.T.);
#1437=EDGE_CURVE('',#1152,#1153,#191,.T.);
#1438=EDGE_CURVE('',#1153,#1154,#192,.T.);
#1439=EDGE_CURVE('',#1155,#1154,#976,.T.);
#1440=EDGE_CURVE('',#1156,#1155,#977,.T.);
#1441=EDGE_CURVE('',#1157,#1156,#193,.T.);
#1442=EDGE_CURVE('',#1151,#1157,#194,.T.);
#1443=EDGE_CURVE('',#1147,#1158,#195,.T.);
#1444=EDGE_CURVE('',#1158,#1158,#978,.T.);
#1445=EDGE_CURVE('',#1148,#1147,#979,.T.);
#1446=EDGE_CURVE('',#1159,#1159,#980,.T.);
#1447=EDGE_CURVE('',#1159,#1160,#196,.T.);
#1448=EDGE_CURVE('',#1160,#1160,#981,.T.);
#1449=EDGE_CURVE('',#1161,#1161,#982,.T.);
#1450=EDGE_CURVE('',#1161,#1162,#197,.T.);
#1451=EDGE_CURVE('',#1163,#1162,#983,.T.);
#1452=EDGE_CURVE('',#1162,#1163,#984,.T.);
#1453=EDGE_CURVE('',#1062,#1164,#985,.T.);
#1454=EDGE_CURVE('',#1165,#1061,#986,.T.);
#1455=EDGE_CURVE('',#1166,#1165,#987,.T.);
#1456=EDGE_CURVE('',#1167,#1166,#198,.T.);
#1457=EDGE_CURVE('',#1164,#1167,#988,.T.);
#1458=EDGE_CURVE('',#1168,#1147,#199,.T.);
#1459=EDGE_CURVE('',#1168,#1169,#200,.T.);
#1460=EDGE_CURVE('',#1169,#1148,#201,.T.);
#1461=EDGE_CURVE('',#1060,#1170,#202,.T.);
#1462=EDGE_CURVE('',#1170,#1165,#203,.T.);
#1463=EDGE_CURVE('',#1164,#1171,#204,.T.);
#1464=EDGE_CURVE('',#1063,#1171,#205,.T.);
#1465=EDGE_CURVE('',#1149,#1170,#206,.T.);
#1466=EDGE_CURVE('',#1172,#1169,#207,.T.);
#1467=EDGE_CURVE('',#1163,#1172,#208,.T.);
#1468=EDGE_CURVE('',#1173,#1163,#209,.T.);
#1469=EDGE_CURVE('',#1171,#1173,#210,.T.);
#1470=EDGE_CURVE('',#1174,#1164,#211,.T.);
#1471=EDGE_CURVE('',#1175,#1174,#212,.T.);
#1472=EDGE_CURVE('',#1165,#1175,#213,.T.);
#1473=EDGE_CURVE('',#1176,#1172,#214,.T.);
#1474=EDGE_CURVE('',#1162,#1176,#215,.T.);
#1475=EDGE_CURVE('',#1064,#1173,#216,.T.);
#1476=EDGE_CURVE('',#1143,#1162,#217,.T.);
#1477=EDGE_CURVE('',#1177,#1161,#218,.T.);
#1478=EDGE_CURVE('',#1177,#1178,#219,.T.);
#1479=EDGE_CURVE('',#1178,#1179,#220,.T.);
#1480=EDGE_CURVE('',#1180,#1179,#989,.T.);
#1481=EDGE_CURVE('',#1181,#1180,#990,.T.);
#1482=EDGE_CURVE('',#1182,#1181,#221,.T.);
#1483=EDGE_CURVE('',#1161,#1182,#222,.T.);
#1484=EDGE_CURVE('',#1183,#1160,#223,.T.);
#1485=EDGE_CURVE('',#1183,#1184,#224,.T.);
#1486=EDGE_CURVE('',#1185,#1184,#991,.T.);
#1487=EDGE_CURVE('',#1186,#1185,#992,.T.);
#1488=EDGE_CURVE('',#1186,#1187,#225,.T.);
#1489=EDGE_CURVE('',#1188,#1187,#226,.T.);
#1490=EDGE_CURVE('',#1160,#1188,#227,.T.);
#1491=EDGE_CURVE('',#1189,#1158,#228,.T.);
#1492=EDGE_CURVE('',#1189,#1190,#229,.T.);
#1493=EDGE_CURVE('',#1191,#1190,#993,.T.);
#1494=EDGE_CURVE('',#1192,#1191,#994,.T.);
#1495=EDGE_CURVE('',#1192,#1193,#230,.T.);
#1496=EDGE_CURVE('',#1194,#1193,#231,.T.);
#1497=EDGE_CURVE('',#1158,#1194,#232,.T.);
#1498=EDGE_CURVE('',#1195,#1175,#233,.T.);
#1499=EDGE_CURVE('',#1166,#1195,#234,.T.);
#1500=EDGE_CURVE('',#1196,#1174,#235,.T.);
#1501=EDGE_CURVE('',#1195,#1196,#236,.T.);
#1502=EDGE_CURVE('',#1196,#1167,#237,.T.);
#1503=EDGE_CURVE('',#1176,#1168,#238,.T.);
#1504=EDGE_CURVE('',#1197,#1141,#995,.T.);
#1505=EDGE_CURVE('',#1142,#1197,#996,.T.);
#1506=EDGE_CURVE('',#1197,#1198,#239,.T.);
#1507=EDGE_CURVE('',#1198,#1198,#997,.T.);
#1508=EDGE_CURVE('',#1199,#1177,#998,.T.);
#1509=EDGE_CURVE('',#1182,#1200,#999,.T.);
#1510=EDGE_CURVE('',#1200,#1199,#240,.T.);
#1511=EDGE_CURVE('',#1201,#1202,#25,.T.);
#1512=EDGE_CURVE('',#1201,#1203,#241,.T.);
#1513=EDGE_CURVE('',#1203,#1183,#1000,.T.);
#1514=EDGE_CURVE('',#1188,#1204,#1001,.T.);
#1515=EDGE_CURVE('',#1204,#1202,#242,.T.);
#1516=EDGE_CURVE('',#1187,#1178,#243,.T.);
#1517=EDGE_CURVE('',#1199,#1205,#244,.T.);
#1518=EDGE_CURVE('',#1194,#1205,#1002,.T.);
#1519=EDGE_CURVE('',#1193,#1153,#245,.T.);
#1520=EDGE_CURVE('',#1206,#1152,#1003,.T.);
#1521=EDGE_CURVE('',#1204,#1206,#246,.T.);
#1522=EDGE_CURVE('',#1207,#1201,#1004,.T.);
#1523=EDGE_CURVE('',#1208,#1207,#247,.T.);
#1524=EDGE_CURVE('',#1208,#1203,#248,.T.);
#1525=EDGE_CURVE('',#1157,#1208,#1005,.T.);
#1526=EDGE_CURVE('',#1190,#1156,#249,.T.);
#1527=EDGE_CURVE('',#1209,#1189,#1006,.T.);
#1528=EDGE_CURVE('',#1209,#1200,#250,.T.);
#1529=EDGE_CURVE('',#1184,#1181,#251,.T.);
#1530=EDGE_CURVE('',#1210,#1211,#26,.T.);
#1531=EDGE_CURVE('',#1210,#1206,#252,.T.);
#1532=EDGE_CURVE('',#1211,#1207,#27,.T.);
#1533=EDGE_CURVE('',#1205,#1209,#253,.T.);
#1534=EDGE_CURVE('',#1191,#1155,#254,.T.);
#1535=EDGE_CURVE('',#1185,#1180,#255,.T.);
#1536=EDGE_CURVE('',#1179,#1186,#256,.T.);
#1537=EDGE_CURVE('',#1154,#1192,#257,.T.);
#1538=EDGE_CURVE('',#1202,#1210,#1007,.T.);
#1539=EDGE_CURVE('',#1211,#1212,#258,.T.);
#1540=EDGE_CURVE('',#1212,#1212,#1008,.T.);
#1541=EDGE_CURVE('',#1213,#1214,#259,.T.);
#1542=EDGE_CURVE('',#1214,#1215,#260,.T.);
#1543=EDGE_CURVE('',#1215,#1216,#261,.T.);
#1544=EDGE_CURVE('',#1216,#1217,#262,.T.);
#1545=EDGE_CURVE('',#1217,#1218,#263,.T.);
#1546=EDGE_CURVE('',#1218,#1213,#264,.T.);
#1547=EDGE_CURVE('',#1219,#1219,#1009,.T.);
#1548=EDGE_CURVE('',#1220,#1221,#265,.T.);
#1549=EDGE_CURVE('',#1215,#1221,#266,.T.);
#1550=EDGE_CURVE('',#1214,#1220,#267,.T.);
#1551=EDGE_CURVE('',#1221,#1222,#268,.T.);
#1552=EDGE_CURVE('',#1216,#1222,#269,.T.);
#1553=EDGE_CURVE('',#1222,#1223,#270,.T.);
#1554=EDGE_CURVE('',#1217,#1223,#271,.T.);
#1555=EDGE_CURVE('',#1223,#1224,#272,.T.);
#1556=EDGE_CURVE('',#1218,#1224,#273,.T.);
#1557=EDGE_CURVE('',#1224,#1225,#274,.T.);
#1558=EDGE_CURVE('',#1213,#1225,#275,.T.);
#1559=EDGE_CURVE('',#1225,#1220,#276,.T.);
#1560=EDGE_CURVE('',#1226,#1226,#1010,.T.);
#1561=EDGE_CURVE('',#1226,#1227,#277,.T.);
#1562=EDGE_CURVE('',#1227,#1227,#1011,.T.);
#1563=EDGE_CURVE('',#1226,#1219,#278,.T.);
#1564=EDGE_CURVE('',#1228,#1229,#1012,.T.);
#1565=EDGE_CURVE('',#1229,#1230,#279,.T.);
#1566=EDGE_CURVE('',#1230,#1231,#1013,.T.);
#1567=EDGE_CURVE('',#1231,#1228,#280,.T.);
#1568=EDGE_CURVE('',#1229,#1232,#281,.T.);
#1569=EDGE_CURVE('',#1233,#1232,#282,.T.);
#1570=EDGE_CURVE('',#1233,#1230,#283,.T.);
#1571=EDGE_CURVE('',#1228,#1234,#284,.T.);
#1572=EDGE_CURVE('',#1235,#1234,#1014,.T.);
#1573=EDGE_CURVE('',#1235,#1236,#285,.T.);
#1574=EDGE_CURVE('',#1237,#1236,#1015,.T.);
#1575=EDGE_CURVE('',#1238,#1237,#286,.T.);
#1576=EDGE_CURVE('',#1232,#1238,#1016,.T.);
#1577=EDGE_CURVE('',#1234,#1239,#287,.T.);
#1578=EDGE_CURVE('',#1239,#1240,#1017,.T.);
#1579=EDGE_CURVE('',#1240,#1235,#288,.T.);
#1580=EDGE_CURVE('',#1241,#1240,#289,.T.);
#1581=EDGE_CURVE('',#1236,#1241,#290,.T.);
#1582=EDGE_CURVE('',#1242,#1233,#1018,.T.);
#1583=EDGE_CURVE('',#1242,#1243,#291,.T.);
#1584=EDGE_CURVE('',#1241,#1243,#1019,.T.);
#1585=EDGE_CURVE('',#1231,#1239,#292,.T.);
#1586=EDGE_CURVE('',#1243,#1237,#293,.T.);
#1587=EDGE_CURVE('',#1238,#1242,#294,.T.);
#1588=ORIENTED_EDGE('',*,*,#1244,.T.);
#1589=ORIENTED_EDGE('',*,*,#1245,.T.);
#1590=ORIENTED_EDGE('',*,*,#1245,.F.);
#1591=ORIENTED_EDGE('',*,*,#1246,.T.);
#1592=ORIENTED_EDGE('',*,*,#1247,.F.);
#1593=ORIENTED_EDGE('',*,*,#1246,.F.);
#1594=ORIENTED_EDGE('',*,*,#1248,.T.);
#1595=ORIENTED_EDGE('',*,*,#1249,.F.);
#1596=ORIENTED_EDGE('',*,*,#1250,.F.);
#1597=ORIENTED_EDGE('',*,*,#1251,.T.);
#1598=ORIENTED_EDGE('',*,*,#1252,.T.);
#1599=ORIENTED_EDGE('',*,*,#1253,.F.);
#1600=ORIENTED_EDGE('',*,*,#1254,.F.);
#1601=ORIENTED_EDGE('',*,*,#1249,.T.);
#1602=ORIENTED_EDGE('',*,*,#1255,.T.);
#1603=ORIENTED_EDGE('',*,*,#1256,.F.);
#1604=ORIENTED_EDGE('',*,*,#1257,.F.);
#1605=ORIENTED_EDGE('',*,*,#1253,.T.);
#1606=ORIENTED_EDGE('',*,*,#1258,.T.);
#1607=ORIENTED_EDGE('',*,*,#1259,.F.);
#1608=ORIENTED_EDGE('',*,*,#1260,.F.);
#1609=ORIENTED_EDGE('',*,*,#1256,.T.);
#1610=ORIENTED_EDGE('',*,*,#1261,.T.);
#1611=ORIENTED_EDGE('',*,*,#1262,.F.);
#1612=ORIENTED_EDGE('',*,*,#1263,.F.);
#1613=ORIENTED_EDGE('',*,*,#1259,.T.);
#1614=ORIENTED_EDGE('',*,*,#1264,.T.);
#1615=ORIENTED_EDGE('',*,*,#1251,.F.);
#1616=ORIENTED_EDGE('',*,*,#1265,.F.);
#1617=ORIENTED_EDGE('',*,*,#1262,.T.);
#1618=ORIENTED_EDGE('',*,*,#1248,.F.);
#1619=ORIENTED_EDGE('',*,*,#1264,.F.);
#1620=ORIENTED_EDGE('',*,*,#1261,.F.);
#1621=ORIENTED_EDGE('',*,*,#1258,.F.);
#1622=ORIENTED_EDGE('',*,*,#1255,.F.);
#1623=ORIENTED_EDGE('',*,*,#1252,.F.);
#1624=ORIENTED_EDGE('',*,*,#1247,.T.);
#1625=ORIENTED_EDGE('',*,*,#1266,.F.);
#1626=ORIENTED_EDGE('',*,*,#1267,.T.);
#1627=ORIENTED_EDGE('',*,*,#1244,.F.);
#1628=ORIENTED_EDGE('',*,*,#1267,.F.);
#1629=ORIENTED_EDGE('',*,*,#1268,.T.);
#1630=ORIENTED_EDGE('',*,*,#1269,.T.);
#1631=ORIENTED_EDGE('',*,*,#1270,.F.);
#1632=ORIENTED_EDGE('',*,*,#1269,.F.);
#1633=ORIENTED_EDGE('',*,*,#1268,.F.);
#1634=ORIENTED_EDGE('',*,*,#1250,.T.);
#1635=ORIENTED_EDGE('',*,*,#1254,.T.);
#1636=ORIENTED_EDGE('',*,*,#1257,.T.);
#1637=ORIENTED_EDGE('',*,*,#1260,.T.);
#1638=ORIENTED_EDGE('',*,*,#1263,.T.);
#1639=ORIENTED_EDGE('',*,*,#1265,.T.);
#1640=ORIENTED_EDGE('',*,*,#1270,.T.);
#1641=ORIENTED_EDGE('',*,*,#1266,.T.);
#1642=ORIENTED_EDGE('',*,*,#1271,.F.);
#1643=ORIENTED_EDGE('',*,*,#1272,.T.);
#1644=ORIENTED_EDGE('',*,*,#1273,.F.);
#1645=ORIENTED_EDGE('',*,*,#1272,.F.);
#1646=ORIENTED_EDGE('',*,*,#1274,.F.);
#1647=ORIENTED_EDGE('',*,*,#1275,.T.);
#1648=ORIENTED_EDGE('',*,*,#1276,.F.);
#1649=ORIENTED_EDGE('',*,*,#1275,.F.);
#1650=ORIENTED_EDGE('',*,*,#1277,.F.);
#1651=ORIENTED_EDGE('',*,*,#1278,.T.);
#1652=ORIENTED_EDGE('',*,*,#1279,.F.);
#1653=ORIENTED_EDGE('',*,*,#1278,.F.);
#1654=ORIENTED_EDGE('',*,*,#1280,.T.);
#1655=ORIENTED_EDGE('',*,*,#1281,.T.);
#1656=ORIENTED_EDGE('',*,*,#1282,.T.);
#1657=ORIENTED_EDGE('',*,*,#1283,.F.);
#1658=ORIENTED_EDGE('',*,*,#1281,.F.);
#1659=ORIENTED_EDGE('',*,*,#1284,.F.);
#1660=ORIENTED_EDGE('',*,*,#1285,.T.);
#1661=ORIENTED_EDGE('',*,*,#1286,.T.);
#1662=ORIENTED_EDGE('',*,*,#1280,.F.);
#1663=ORIENTED_EDGE('',*,*,#1287,.F.);
#1664=ORIENTED_EDGE('',*,*,#1288,.F.);
#1665=ORIENTED_EDGE('',*,*,#1289,.F.);
#1666=ORIENTED_EDGE('',*,*,#1290,.T.);
#1667=ORIENTED_EDGE('',*,*,#1291,.T.);
#1668=ORIENTED_EDGE('',*,*,#1284,.T.);
#1669=ORIENTED_EDGE('',*,*,#1292,.F.);
#1670=ORIENTED_EDGE('',*,*,#1285,.F.);
#1671=ORIENTED_EDGE('',*,*,#1291,.F.);
#1672=ORIENTED_EDGE('',*,*,#1293,.T.);
#1673=ORIENTED_EDGE('',*,*,#1294,.F.);
#1674=ORIENTED_EDGE('',*,*,#1293,.F.);
#1675=ORIENTED_EDGE('',*,*,#1290,.F.);
#1676=ORIENTED_EDGE('',*,*,#1295,.T.);
#1677=ORIENTED_EDGE('',*,*,#1282,.F.);
#1678=ORIENTED_EDGE('',*,*,#1286,.F.);
#1679=ORIENTED_EDGE('',*,*,#1292,.T.);
#1680=ORIENTED_EDGE('',*,*,#1294,.T.);
#1681=ORIENTED_EDGE('',*,*,#1296,.F.);
#1682=ORIENTED_EDGE('',*,*,#1297,.T.);
#1683=ORIENTED_EDGE('',*,*,#1298,.F.);
#1684=ORIENTED_EDGE('',*,*,#1299,.F.);
#1685=ORIENTED_EDGE('',*,*,#1297,.F.);
#1686=ORIENTED_EDGE('',*,*,#1300,.F.);
#1687=ORIENTED_EDGE('',*,*,#1288,.T.);
#1688=ORIENTED_EDGE('',*,*,#1298,.T.);
#1689=ORIENTED_EDGE('',*,*,#1299,.T.);
#1690=ORIENTED_EDGE('',*,*,#1287,.T.);
#1691=ORIENTED_EDGE('',*,*,#1301,.F.);
#1692=ORIENTED_EDGE('',*,*,#1302,.F.);
#1693=ORIENTED_EDGE('',*,*,#1303,.T.);
#1694=ORIENTED_EDGE('',*,*,#1304,.T.);
#1695=ORIENTED_EDGE('',*,*,#1305,.T.);
#1696=ORIENTED_EDGE('',*,*,#1306,.T.);
#1697=ORIENTED_EDGE('',*,*,#1307,.T.);
#1698=ORIENTED_EDGE('',*,*,#1308,.F.);
#1699=ORIENTED_EDGE('',*,*,#1309,.F.);
#1700=ORIENTED_EDGE('',*,*,#1310,.T.);
#1701=ORIENTED_EDGE('',*,*,#1311,.T.);
#1702=ORIENTED_EDGE('',*,*,#1312,.T.);
#1703=ORIENTED_EDGE('',*,*,#1313,.T.);
#1704=ORIENTED_EDGE('',*,*,#1314,.T.);
#1705=ORIENTED_EDGE('',*,*,#1315,.T.);
#1706=ORIENTED_EDGE('',*,*,#1312,.F.);
#1707=ORIENTED_EDGE('',*,*,#1316,.T.);
#1708=ORIENTED_EDGE('',*,*,#1317,.F.);
#1709=ORIENTED_EDGE('',*,*,#1318,.F.);
#1710=ORIENTED_EDGE('',*,*,#1319,.F.);
#1711=ORIENTED_EDGE('',*,*,#1320,.F.);
#1712=ORIENTED_EDGE('',*,*,#1321,.T.);
#1713=ORIENTED_EDGE('',*,*,#1310,.F.);
#1714=ORIENTED_EDGE('',*,*,#1316,.F.);
#1715=ORIENTED_EDGE('',*,*,#1311,.F.);
#1716=ORIENTED_EDGE('',*,*,#1321,.F.);
#1717=ORIENTED_EDGE('',*,*,#1315,.F.);
#1718=ORIENTED_EDGE('',*,*,#1314,.F.);
#1719=ORIENTED_EDGE('',*,*,#1322,.T.);
#1720=ORIENTED_EDGE('',*,*,#1322,.F.);
#1721=ORIENTED_EDGE('',*,*,#1313,.F.);
#1722=ORIENTED_EDGE('',*,*,#1318,.T.);
#1723=ORIENTED_EDGE('',*,*,#1323,.F.);
#1724=ORIENTED_EDGE('',*,*,#1317,.T.);
#1725=ORIENTED_EDGE('',*,*,#1320,.T.);
#1726=ORIENTED_EDGE('',*,*,#1324,.T.);
#1727=ORIENTED_EDGE('',*,*,#1325,.F.);
#1728=ORIENTED_EDGE('',*,*,#1326,.F.);
#1729=ORIENTED_EDGE('',*,*,#1324,.F.);
#1730=ORIENTED_EDGE('',*,*,#1319,.T.);
#1731=ORIENTED_EDGE('',*,*,#1323,.T.);
#1732=ORIENTED_EDGE('',*,*,#1327,.F.);
#1733=ORIENTED_EDGE('',*,*,#1328,.T.);
#1734=ORIENTED_EDGE('',*,*,#1329,.F.);
#1735=ORIENTED_EDGE('',*,*,#1328,.F.);
#1736=ORIENTED_EDGE('',*,*,#1329,.T.);
#1737=ORIENTED_EDGE('',*,*,#1325,.T.);
#1738=ORIENTED_EDGE('',*,*,#1326,.T.);
#1739=ORIENTED_EDGE('',*,*,#1330,.F.);
#1740=ORIENTED_EDGE('',*,*,#1331,.F.);
#1741=ORIENTED_EDGE('',*,*,#1332,.F.);
#1742=ORIENTED_EDGE('',*,*,#1333,.T.);
#1743=ORIENTED_EDGE('',*,*,#1277,.T.);
#1744=ORIENTED_EDGE('',*,*,#1330,.T.);
#1745=ORIENTED_EDGE('',*,*,#1334,.T.);
#1746=ORIENTED_EDGE('',*,*,#1335,.T.);
#1747=ORIENTED_EDGE('',*,*,#1336,.T.);
#1748=ORIENTED_EDGE('',*,*,#1335,.F.);
#1749=ORIENTED_EDGE('',*,*,#1337,.F.);
#1750=ORIENTED_EDGE('',*,*,#1338,.F.);
#1751=ORIENTED_EDGE('',*,*,#1339,.T.);
#1752=ORIENTED_EDGE('',*,*,#1279,.T.);
#1753=ORIENTED_EDGE('',*,*,#1334,.F.);
#1754=ORIENTED_EDGE('',*,*,#1333,.F.);
#1755=ORIENTED_EDGE('',*,*,#1340,.F.);
#1756=ORIENTED_EDGE('',*,*,#1337,.T.);
#1757=ORIENTED_EDGE('',*,*,#1341,.F.);
#1758=ORIENTED_EDGE('',*,*,#1342,.F.);
#1759=ORIENTED_EDGE('',*,*,#1343,.F.);
#1760=ORIENTED_EDGE('',*,*,#1344,.T.);
#1761=ORIENTED_EDGE('',*,*,#1274,.T.);
#1762=ORIENTED_EDGE('',*,*,#1341,.T.);
#1763=ORIENTED_EDGE('',*,*,#1345,.T.);
#1764=ORIENTED_EDGE('',*,*,#1346,.T.);
#1765=ORIENTED_EDGE('',*,*,#1347,.T.);
#1766=ORIENTED_EDGE('',*,*,#1346,.F.);
#1767=ORIENTED_EDGE('',*,*,#1348,.F.);
#1768=ORIENTED_EDGE('',*,*,#1349,.F.);
#1769=ORIENTED_EDGE('',*,*,#1350,.T.);
#1770=ORIENTED_EDGE('',*,*,#1276,.T.);
#1771=ORIENTED_EDGE('',*,*,#1345,.F.);
#1772=ORIENTED_EDGE('',*,*,#1344,.F.);
#1773=ORIENTED_EDGE('',*,*,#1351,.F.);
#1774=ORIENTED_EDGE('',*,*,#1348,.T.);
#1775=ORIENTED_EDGE('',*,*,#1352,.F.);
#1776=ORIENTED_EDGE('',*,*,#1353,.F.);
#1777=ORIENTED_EDGE('',*,*,#1354,.F.);
#1778=ORIENTED_EDGE('',*,*,#1355,.T.);
#1779=ORIENTED_EDGE('',*,*,#1271,.T.);
#1780=ORIENTED_EDGE('',*,*,#1352,.T.);
#1781=ORIENTED_EDGE('',*,*,#1356,.T.);
#1782=ORIENTED_EDGE('',*,*,#1357,.T.);
#1783=ORIENTED_EDGE('',*,*,#1358,.T.);
#1784=ORIENTED_EDGE('',*,*,#1357,.F.);
#1785=ORIENTED_EDGE('',*,*,#1359,.F.);
#1786=ORIENTED_EDGE('',*,*,#1360,.F.);
#1787=ORIENTED_EDGE('',*,*,#1361,.T.);
#1788=ORIENTED_EDGE('',*,*,#1273,.T.);
#1789=ORIENTED_EDGE('',*,*,#1356,.F.);
#1790=ORIENTED_EDGE('',*,*,#1355,.F.);
#1791=ORIENTED_EDGE('',*,*,#1362,.F.);
#1792=ORIENTED_EDGE('',*,*,#1359,.T.);
#1793=ORIENTED_EDGE('',*,*,#1358,.F.);
#1794=ORIENTED_EDGE('',*,*,#1361,.F.);
#1795=ORIENTED_EDGE('',*,*,#1363,.F.);
#1796=ORIENTED_EDGE('',*,*,#1353,.T.);
#1797=ORIENTED_EDGE('',*,*,#1347,.F.);
#1798=ORIENTED_EDGE('',*,*,#1350,.F.);
#1799=ORIENTED_EDGE('',*,*,#1364,.F.);
#1800=ORIENTED_EDGE('',*,*,#1342,.T.);
#1801=ORIENTED_EDGE('',*,*,#1336,.F.);
#1802=ORIENTED_EDGE('',*,*,#1339,.F.);
#1803=ORIENTED_EDGE('',*,*,#1365,.F.);
#1804=ORIENTED_EDGE('',*,*,#1331,.T.);
#1805=ORIENTED_EDGE('',*,*,#1366,.T.);
#1806=ORIENTED_EDGE('',*,*,#1367,.T.);
#1807=ORIENTED_EDGE('',*,*,#1368,.F.);
#1808=ORIENTED_EDGE('',*,*,#1367,.F.);
#1809=ORIENTED_EDGE('',*,*,#1366,.F.);
#1810=ORIENTED_EDGE('',*,*,#1369,.F.);
#1811=ORIENTED_EDGE('',*,*,#1369,.T.);
#1812=ORIENTED_EDGE('',*,*,#1370,.T.);
#1813=ORIENTED_EDGE('',*,*,#1371,.F.);
#1814=ORIENTED_EDGE('',*,*,#1370,.F.);
#1815=ORIENTED_EDGE('',*,*,#1372,.F.);
#1816=ORIENTED_EDGE('',*,*,#1373,.T.);
#1817=ORIENTED_EDGE('',*,*,#1374,.F.);
#1818=ORIENTED_EDGE('',*,*,#1373,.F.);
#1819=ORIENTED_EDGE('',*,*,#1375,.F.);
#1820=ORIENTED_EDGE('',*,*,#1376,.T.);
#1821=ORIENTED_EDGE('',*,*,#1377,.F.);
#1822=ORIENTED_EDGE('',*,*,#1376,.F.);
#1823=ORIENTED_EDGE('',*,*,#1378,.F.);
#1824=ORIENTED_EDGE('',*,*,#1379,.T.);
#1825=ORIENTED_EDGE('',*,*,#1380,.F.);
#1826=ORIENTED_EDGE('',*,*,#1379,.F.);
#1827=ORIENTED_EDGE('',*,*,#1381,.F.);
#1828=ORIENTED_EDGE('',*,*,#1382,.T.);
#1829=ORIENTED_EDGE('',*,*,#1383,.F.);
#1830=ORIENTED_EDGE('',*,*,#1382,.F.);
#1831=ORIENTED_EDGE('',*,*,#1381,.T.);
#1832=ORIENTED_EDGE('',*,*,#1384,.F.);
#1833=ORIENTED_EDGE('',*,*,#1385,.T.);
#1834=ORIENTED_EDGE('',*,*,#1386,.F.);
#1835=ORIENTED_EDGE('',*,*,#1385,.F.);
#1836=ORIENTED_EDGE('',*,*,#1387,.F.);
#1837=ORIENTED_EDGE('',*,*,#1388,.T.);
#1838=ORIENTED_EDGE('',*,*,#1389,.F.);
#1839=ORIENTED_EDGE('',*,*,#1388,.F.);
#1840=ORIENTED_EDGE('',*,*,#1390,.F.);
#1841=ORIENTED_EDGE('',*,*,#1391,.T.);
#1842=ORIENTED_EDGE('',*,*,#1392,.F.);
#1843=ORIENTED_EDGE('',*,*,#1391,.F.);
#1844=ORIENTED_EDGE('',*,*,#1393,.F.);
#1845=ORIENTED_EDGE('',*,*,#1394,.T.);
#1846=ORIENTED_EDGE('',*,*,#1395,.F.);
#1847=ORIENTED_EDGE('',*,*,#1394,.F.);
#1848=ORIENTED_EDGE('',*,*,#1393,.T.);
#1849=ORIENTED_EDGE('',*,*,#1396,.T.);
#1850=ORIENTED_EDGE('',*,*,#1397,.T.);
#1851=ORIENTED_EDGE('',*,*,#1398,.T.);
#1852=ORIENTED_EDGE('',*,*,#1399,.T.);
#1853=ORIENTED_EDGE('',*,*,#1397,.F.);
#1854=ORIENTED_EDGE('',*,*,#1400,.T.);
#1855=ORIENTED_EDGE('',*,*,#1401,.F.);
#1856=ORIENTED_EDGE('',*,*,#1402,.F.);
#1857=ORIENTED_EDGE('',*,*,#1289,.T.);
#1858=ORIENTED_EDGE('',*,*,#1300,.T.);
#1859=ORIENTED_EDGE('',*,*,#1296,.T.);
#1860=ORIENTED_EDGE('',*,*,#1295,.F.);
#1861=ORIENTED_EDGE('',*,*,#1396,.F.);
#1862=ORIENTED_EDGE('',*,*,#1403,.T.);
#1863=ORIENTED_EDGE('',*,*,#1404,.F.);
#1864=ORIENTED_EDGE('',*,*,#1405,.T.);
#1865=ORIENTED_EDGE('',*,*,#1406,.F.);
#1866=ORIENTED_EDGE('',*,*,#1407,.T.);
#1867=ORIENTED_EDGE('',*,*,#1408,.F.);
#1868=ORIENTED_EDGE('',*,*,#1400,.F.);
#1869=ORIENTED_EDGE('',*,*,#1377,.T.);
#1870=ORIENTED_EDGE('',*,*,#1389,.T.);
#1871=ORIENTED_EDGE('',*,*,#1409,.T.);
#1872=ORIENTED_EDGE('',*,*,#1410,.T.);
#1873=ORIENTED_EDGE('',*,*,#1404,.T.);
#1874=ORIENTED_EDGE('',*,*,#1411,.T.);
#1875=ORIENTED_EDGE('',*,*,#1410,.F.);
#1876=ORIENTED_EDGE('',*,*,#1412,.T.);
#1877=ORIENTED_EDGE('',*,*,#1413,.F.);
#1878=ORIENTED_EDGE('',*,*,#1405,.F.);
#1879=ORIENTED_EDGE('',*,*,#1362,.T.);
#1880=ORIENTED_EDGE('',*,*,#1354,.T.);
#1881=ORIENTED_EDGE('',*,*,#1363,.T.);
#1882=ORIENTED_EDGE('',*,*,#1360,.T.);
#1883=ORIENTED_EDGE('',*,*,#1351,.T.);
#1884=ORIENTED_EDGE('',*,*,#1343,.T.);
#1885=ORIENTED_EDGE('',*,*,#1364,.T.);
#1886=ORIENTED_EDGE('',*,*,#1349,.T.);
#1887=ORIENTED_EDGE('',*,*,#1340,.T.);
#1888=ORIENTED_EDGE('',*,*,#1332,.T.);
#1889=ORIENTED_EDGE('',*,*,#1365,.T.);
#1890=ORIENTED_EDGE('',*,*,#1338,.T.);
#1891=ORIENTED_EDGE('',*,*,#1398,.F.);
#1892=ORIENTED_EDGE('',*,*,#1402,.T.);
#1893=ORIENTED_EDGE('',*,*,#1414,.F.);
#1894=ORIENTED_EDGE('',*,*,#1415,.T.);
#1895=ORIENTED_EDGE('',*,*,#1416,.F.);
#1896=ORIENTED_EDGE('',*,*,#1412,.F.);
#1897=ORIENTED_EDGE('',*,*,#1409,.F.);
#1898=ORIENTED_EDGE('',*,*,#1417,.T.);
#1899=ORIENTED_EDGE('',*,*,#1372,.T.);
#1900=ORIENTED_EDGE('',*,*,#1384,.T.);
#1901=ORIENTED_EDGE('',*,*,#1406,.T.);
#1902=ORIENTED_EDGE('',*,*,#1413,.T.);
#1903=ORIENTED_EDGE('',*,*,#1416,.T.);
#1904=ORIENTED_EDGE('',*,*,#1418,.T.);
#1905=ORIENTED_EDGE('',*,*,#1418,.F.);
#1906=ORIENTED_EDGE('',*,*,#1415,.F.);
#1907=ORIENTED_EDGE('',*,*,#1419,.F.);
#1908=ORIENTED_EDGE('',*,*,#1407,.F.);
#1909=ORIENTED_EDGE('',*,*,#1414,.T.);
#1910=ORIENTED_EDGE('',*,*,#1401,.T.);
#1911=ORIENTED_EDGE('',*,*,#1408,.T.);
#1912=ORIENTED_EDGE('',*,*,#1419,.T.);
#1913=ORIENTED_EDGE('',*,*,#1399,.F.);
#1914=ORIENTED_EDGE('',*,*,#1417,.F.);
#1915=ORIENTED_EDGE('',*,*,#1411,.F.);
#1916=ORIENTED_EDGE('',*,*,#1403,.F.);
#1917=ORIENTED_EDGE('',*,*,#1420,.F.);
#1918=ORIENTED_EDGE('',*,*,#1421,.T.);
#1919=ORIENTED_EDGE('',*,*,#1422,.F.);
#1920=ORIENTED_EDGE('',*,*,#1423,.F.);
#1921=ORIENTED_EDGE('',*,*,#1421,.F.);
#1922=ORIENTED_EDGE('',*,*,#1424,.F.);
#1923=ORIENTED_EDGE('',*,*,#1425,.F.);
#1924=ORIENTED_EDGE('',*,*,#1426,.F.);
#1925=ORIENTED_EDGE('',*,*,#1426,.T.);
#1926=ORIENTED_EDGE('',*,*,#1427,.T.);
#1927=ORIENTED_EDGE('',*,*,#1301,.T.);
#1928=ORIENTED_EDGE('',*,*,#1283,.T.);
#1929=ORIENTED_EDGE('',*,*,#1309,.T.);
#1930=ORIENTED_EDGE('',*,*,#1428,.F.);
#1931=ORIENTED_EDGE('',*,*,#1425,.T.);
#1932=ORIENTED_EDGE('',*,*,#1429,.F.);
#1933=ORIENTED_EDGE('',*,*,#1430,.T.);
#1934=ORIENTED_EDGE('',*,*,#1431,.T.);
#1935=ORIENTED_EDGE('',*,*,#1432,.F.);
#1936=ORIENTED_EDGE('',*,*,#1302,.T.);
#1937=ORIENTED_EDGE('',*,*,#1427,.F.);
#1938=ORIENTED_EDGE('',*,*,#1433,.T.);
#1939=ORIENTED_EDGE('',*,*,#1434,.T.);
#1940=ORIENTED_EDGE('',*,*,#1435,.F.);
#1941=ORIENTED_EDGE('',*,*,#1434,.F.);
#1942=ORIENTED_EDGE('',*,*,#1433,.F.);
#1943=ORIENTED_EDGE('',*,*,#1436,.F.);
#1944=ORIENTED_EDGE('',*,*,#1437,.T.);
#1945=ORIENTED_EDGE('',*,*,#1438,.T.);
#1946=ORIENTED_EDGE('',*,*,#1439,.F.);
#1947=ORIENTED_EDGE('',*,*,#1440,.F.);
#1948=ORIENTED_EDGE('',*,*,#1441,.F.);
#1949=ORIENTED_EDGE('',*,*,#1442,.F.);
#1950=ORIENTED_EDGE('',*,*,#1435,.T.);
#1951=ORIENTED_EDGE('',*,*,#1383,.T.);
#1952=ORIENTED_EDGE('',*,*,#1395,.T.);
#1953=ORIENTED_EDGE('',*,*,#1430,.F.);
#1954=ORIENTED_EDGE('',*,*,#1443,.T.);
#1955=ORIENTED_EDGE('',*,*,#1444,.F.);
#1956=ORIENTED_EDGE('',*,*,#1443,.F.);
#1957=ORIENTED_EDGE('',*,*,#1445,.F.);
#1958=ORIENTED_EDGE('',*,*,#1446,.T.);
#1959=ORIENTED_EDGE('',*,*,#1447,.T.);
#1960=ORIENTED_EDGE('',*,*,#1448,.F.);
#1961=ORIENTED_EDGE('',*,*,#1447,.F.);
#1962=ORIENTED_EDGE('',*,*,#1449,.F.);
#1963=ORIENTED_EDGE('',*,*,#1450,.T.);
#1964=ORIENTED_EDGE('',*,*,#1451,.F.);
#1965=ORIENTED_EDGE('',*,*,#1452,.F.);
#1966=ORIENTED_EDGE('',*,*,#1450,.F.);
#1967=ORIENTED_EDGE('',*,*,#1453,.F.);
#1968=ORIENTED_EDGE('',*,*,#1305,.F.);
#1969=ORIENTED_EDGE('',*,*,#1454,.F.);
#1970=ORIENTED_EDGE('',*,*,#1455,.F.);
#1971=ORIENTED_EDGE('',*,*,#1456,.F.);
#1972=ORIENTED_EDGE('',*,*,#1457,.F.);
#1973=ORIENTED_EDGE('',*,*,#1446,.F.);
#1974=ORIENTED_EDGE('',*,*,#1445,.T.);
#1975=ORIENTED_EDGE('',*,*,#1458,.F.);
#1976=ORIENTED_EDGE('',*,*,#1459,.T.);
#1977=ORIENTED_EDGE('',*,*,#1460,.T.);
#1978=ORIENTED_EDGE('',*,*,#1454,.T.);
#1979=ORIENTED_EDGE('',*,*,#1304,.F.);
#1980=ORIENTED_EDGE('',*,*,#1461,.T.);
#1981=ORIENTED_EDGE('',*,*,#1462,.T.);
#1982=ORIENTED_EDGE('',*,*,#1453,.T.);
#1983=ORIENTED_EDGE('',*,*,#1463,.T.);
#1984=ORIENTED_EDGE('',*,*,#1464,.F.);
#1985=ORIENTED_EDGE('',*,*,#1306,.F.);
#1986=ORIENTED_EDGE('',*,*,#1462,.F.);
#1987=ORIENTED_EDGE('',*,*,#1465,.F.);
#1988=ORIENTED_EDGE('',*,*,#1431,.F.);
#1989=ORIENTED_EDGE('',*,*,#1460,.F.);
#1990=ORIENTED_EDGE('',*,*,#1466,.F.);
#1991=ORIENTED_EDGE('',*,*,#1467,.F.);
#1992=ORIENTED_EDGE('',*,*,#1468,.F.);
#1993=ORIENTED_EDGE('',*,*,#1469,.F.);
#1994=ORIENTED_EDGE('',*,*,#1463,.F.);
#1995=ORIENTED_EDGE('',*,*,#1470,.F.);
#1996=ORIENTED_EDGE('',*,*,#1471,.F.);
#1997=ORIENTED_EDGE('',*,*,#1472,.F.);
#1998=ORIENTED_EDGE('',*,*,#1452,.T.);
#1999=ORIENTED_EDGE('',*,*,#1467,.T.);
#2000=ORIENTED_EDGE('',*,*,#1473,.F.);
#2001=ORIENTED_EDGE('',*,*,#1474,.F.);
#2002=ORIENTED_EDGE('',*,*,#1422,.T.);
#2003=ORIENTED_EDGE('',*,*,#1428,.T.);
#2004=ORIENTED_EDGE('',*,*,#1308,.T.);
#2005=ORIENTED_EDGE('',*,*,#1475,.T.);
#2006=ORIENTED_EDGE('',*,*,#1468,.T.);
#2007=ORIENTED_EDGE('',*,*,#1451,.T.);
#2008=ORIENTED_EDGE('',*,*,#1476,.F.);
#2009=ORIENTED_EDGE('',*,*,#1477,.F.);
#2010=ORIENTED_EDGE('',*,*,#1478,.T.);
#2011=ORIENTED_EDGE('',*,*,#1479,.T.);
#2012=ORIENTED_EDGE('',*,*,#1480,.F.);
#2013=ORIENTED_EDGE('',*,*,#1481,.F.);
#2014=ORIENTED_EDGE('',*,*,#1482,.F.);
#2015=ORIENTED_EDGE('',*,*,#1483,.F.);
#2016=ORIENTED_EDGE('',*,*,#1449,.T.);
#2017=ORIENTED_EDGE('',*,*,#1380,.T.);
#2018=ORIENTED_EDGE('',*,*,#1392,.T.);
#2019=ORIENTED_EDGE('',*,*,#1484,.F.);
#2020=ORIENTED_EDGE('',*,*,#1485,.T.);
#2021=ORIENTED_EDGE('',*,*,#1486,.F.);
#2022=ORIENTED_EDGE('',*,*,#1487,.F.);
#2023=ORIENTED_EDGE('',*,*,#1488,.T.);
#2024=ORIENTED_EDGE('',*,*,#1489,.F.);
#2025=ORIENTED_EDGE('',*,*,#1490,.F.);
#2026=ORIENTED_EDGE('',*,*,#1448,.T.);
#2027=ORIENTED_EDGE('',*,*,#1368,.T.);
#2028=ORIENTED_EDGE('',*,*,#1371,.T.);
#2029=ORIENTED_EDGE('',*,*,#1491,.F.);
#2030=ORIENTED_EDGE('',*,*,#1492,.T.);
#2031=ORIENTED_EDGE('',*,*,#1493,.F.);
#2032=ORIENTED_EDGE('',*,*,#1494,.F.);
#2033=ORIENTED_EDGE('',*,*,#1495,.T.);
#2034=ORIENTED_EDGE('',*,*,#1496,.F.);
#2035=ORIENTED_EDGE('',*,*,#1497,.F.);
#2036=ORIENTED_EDGE('',*,*,#1444,.T.);
#2037=ORIENTED_EDGE('',*,*,#1375,.T.);
#2038=ORIENTED_EDGE('',*,*,#1387,.T.);
#2039=ORIENTED_EDGE('',*,*,#1465,.T.);
#2040=ORIENTED_EDGE('',*,*,#1461,.F.);
#2041=ORIENTED_EDGE('',*,*,#1303,.F.);
#2042=ORIENTED_EDGE('',*,*,#1432,.T.);
#2043=ORIENTED_EDGE('',*,*,#1455,.T.);
#2044=ORIENTED_EDGE('',*,*,#1472,.T.);
#2045=ORIENTED_EDGE('',*,*,#1498,.F.);
#2046=ORIENTED_EDGE('',*,*,#1499,.F.);
#2047=ORIENTED_EDGE('',*,*,#1471,.T.);
#2048=ORIENTED_EDGE('',*,*,#1500,.F.);
#2049=ORIENTED_EDGE('',*,*,#1501,.F.);
#2050=ORIENTED_EDGE('',*,*,#1498,.T.);
#2051=ORIENTED_EDGE('',*,*,#1457,.T.);
#2052=ORIENTED_EDGE('',*,*,#1502,.F.);
#2053=ORIENTED_EDGE('',*,*,#1500,.T.);
#2054=ORIENTED_EDGE('',*,*,#1470,.T.);
#2055=ORIENTED_EDGE('',*,*,#1469,.T.);
#2056=ORIENTED_EDGE('',*,*,#1475,.F.);
#2057=ORIENTED_EDGE('',*,*,#1307,.F.);
#2058=ORIENTED_EDGE('',*,*,#1464,.T.);
#2059=ORIENTED_EDGE('',*,*,#1423,.T.);
#2060=ORIENTED_EDGE('',*,*,#1476,.T.);
#2061=ORIENTED_EDGE('',*,*,#1474,.T.);
#2062=ORIENTED_EDGE('',*,*,#1503,.T.);
#2063=ORIENTED_EDGE('',*,*,#1458,.T.);
#2064=ORIENTED_EDGE('',*,*,#1429,.T.);
#2065=ORIENTED_EDGE('',*,*,#1424,.T.);
#2066=ORIENTED_EDGE('',*,*,#1504,.F.);
#2067=ORIENTED_EDGE('',*,*,#1505,.F.);
#2068=ORIENTED_EDGE('',*,*,#1459,.F.);
#2069=ORIENTED_EDGE('',*,*,#1503,.F.);
#2070=ORIENTED_EDGE('',*,*,#1473,.T.);
#2071=ORIENTED_EDGE('',*,*,#1466,.T.);
#2072=ORIENTED_EDGE('',*,*,#1456,.T.);
#2073=ORIENTED_EDGE('',*,*,#1499,.T.);
#2074=ORIENTED_EDGE('',*,*,#1501,.T.);
#2075=ORIENTED_EDGE('',*,*,#1502,.T.);
#2076=ORIENTED_EDGE('',*,*,#1505,.T.);
#2077=ORIENTED_EDGE('',*,*,#1506,.T.);
#2078=ORIENTED_EDGE('',*,*,#1507,.F.);
#2079=ORIENTED_EDGE('',*,*,#1506,.F.);
#2080=ORIENTED_EDGE('',*,*,#1504,.T.);
#2081=ORIENTED_EDGE('',*,*,#1420,.T.);
#2082=ORIENTED_EDGE('',*,*,#1508,.T.);
#2083=ORIENTED_EDGE('',*,*,#1477,.T.);
#2084=ORIENTED_EDGE('',*,*,#1483,.T.);
#2085=ORIENTED_EDGE('',*,*,#1509,.T.);
#2086=ORIENTED_EDGE('',*,*,#1510,.T.);
#2087=ORIENTED_EDGE('',*,*,#1511,.F.);
#2088=ORIENTED_EDGE('',*,*,#1512,.T.);
#2089=ORIENTED_EDGE('',*,*,#1513,.T.);
#2090=ORIENTED_EDGE('',*,*,#1484,.T.);
#2091=ORIENTED_EDGE('',*,*,#1490,.T.);
#2092=ORIENTED_EDGE('',*,*,#1514,.T.);
#2093=ORIENTED_EDGE('',*,*,#1515,.T.);
#2094=ORIENTED_EDGE('',*,*,#1514,.F.);
#2095=ORIENTED_EDGE('',*,*,#1489,.T.);
#2096=ORIENTED_EDGE('',*,*,#1516,.T.);
#2097=ORIENTED_EDGE('',*,*,#1478,.F.);
#2098=ORIENTED_EDGE('',*,*,#1508,.F.);
#2099=ORIENTED_EDGE('',*,*,#1517,.T.);
#2100=ORIENTED_EDGE('',*,*,#1518,.F.);
#2101=ORIENTED_EDGE('',*,*,#1496,.T.);
#2102=ORIENTED_EDGE('',*,*,#1519,.T.);
#2103=ORIENTED_EDGE('',*,*,#1437,.F.);
#2104=ORIENTED_EDGE('',*,*,#1520,.F.);
#2105=ORIENTED_EDGE('',*,*,#1521,.F.);
#2106=ORIENTED_EDGE('',*,*,#1512,.F.);
#2107=ORIENTED_EDGE('',*,*,#1522,.F.);
#2108=ORIENTED_EDGE('',*,*,#1523,.F.);
#2109=ORIENTED_EDGE('',*,*,#1524,.T.);
#2110=ORIENTED_EDGE('',*,*,#1513,.F.);
#2111=ORIENTED_EDGE('',*,*,#1524,.F.);
#2112=ORIENTED_EDGE('',*,*,#1525,.F.);
#2113=ORIENTED_EDGE('',*,*,#1441,.T.);
#2114=ORIENTED_EDGE('',*,*,#1526,.F.);
#2115=ORIENTED_EDGE('',*,*,#1492,.F.);
#2116=ORIENTED_EDGE('',*,*,#1527,.F.);
#2117=ORIENTED_EDGE('',*,*,#1528,.T.);
#2118=ORIENTED_EDGE('',*,*,#1509,.F.);
#2119=ORIENTED_EDGE('',*,*,#1482,.T.);
#2120=ORIENTED_EDGE('',*,*,#1529,.F.);
#2121=ORIENTED_EDGE('',*,*,#1485,.F.);
#2122=ORIENTED_EDGE('',*,*,#1530,.F.);
#2123=ORIENTED_EDGE('',*,*,#1531,.T.);
#2124=ORIENTED_EDGE('',*,*,#1520,.T.);
#2125=ORIENTED_EDGE('',*,*,#1436,.T.);
#2126=ORIENTED_EDGE('',*,*,#1442,.T.);
#2127=ORIENTED_EDGE('',*,*,#1525,.T.);
#2128=ORIENTED_EDGE('',*,*,#1523,.T.);
#2129=ORIENTED_EDGE('',*,*,#1532,.F.);
#2130=ORIENTED_EDGE('',*,*,#1527,.T.);
#2131=ORIENTED_EDGE('',*,*,#1491,.T.);
#2132=ORIENTED_EDGE('',*,*,#1497,.T.);
#2133=ORIENTED_EDGE('',*,*,#1518,.T.);
#2134=ORIENTED_EDGE('',*,*,#1533,.T.);
#2135=ORIENTED_EDGE('',*,*,#1493,.T.);
#2136=ORIENTED_EDGE('',*,*,#1526,.T.);
#2137=ORIENTED_EDGE('',*,*,#1440,.T.);
#2138=ORIENTED_EDGE('',*,*,#1534,.F.);
#2139=ORIENTED_EDGE('',*,*,#1481,.T.);
#2140=ORIENTED_EDGE('',*,*,#1535,.F.);
#2141=ORIENTED_EDGE('',*,*,#1486,.T.);
#2142=ORIENTED_EDGE('',*,*,#1529,.T.);
#2143=ORIENTED_EDGE('',*,*,#1487,.T.);
#2144=ORIENTED_EDGE('',*,*,#1535,.T.);
#2145=ORIENTED_EDGE('',*,*,#1480,.T.);
#2146=ORIENTED_EDGE('',*,*,#1536,.T.);
#2147=ORIENTED_EDGE('',*,*,#1536,.F.);
#2148=ORIENTED_EDGE('',*,*,#1479,.F.);
#2149=ORIENTED_EDGE('',*,*,#1516,.F.);
#2150=ORIENTED_EDGE('',*,*,#1488,.F.);
#2151=ORIENTED_EDGE('',*,*,#1537,.F.);
#2152=ORIENTED_EDGE('',*,*,#1438,.F.);
#2153=ORIENTED_EDGE('',*,*,#1519,.F.);
#2154=ORIENTED_EDGE('',*,*,#1495,.F.);
#2155=ORIENTED_EDGE('',*,*,#1439,.T.);
#2156=ORIENTED_EDGE('',*,*,#1537,.T.);
#2157=ORIENTED_EDGE('',*,*,#1494,.T.);
#2158=ORIENTED_EDGE('',*,*,#1534,.T.);
#2159=ORIENTED_EDGE('',*,*,#1515,.F.);
#2160=ORIENTED_EDGE('',*,*,#1521,.T.);
#2161=ORIENTED_EDGE('',*,*,#1531,.F.);
#2162=ORIENTED_EDGE('',*,*,#1538,.F.);
#2163=ORIENTED_EDGE('',*,*,#1510,.F.);
#2164=ORIENTED_EDGE('',*,*,#1528,.F.);
#2165=ORIENTED_EDGE('',*,*,#1533,.F.);
#2166=ORIENTED_EDGE('',*,*,#1517,.F.);
#2167=ORIENTED_EDGE('',*,*,#1507,.T.);
#2168=ORIENTED_EDGE('',*,*,#1522,.T.);
#2169=ORIENTED_EDGE('',*,*,#1511,.T.);
#2170=ORIENTED_EDGE('',*,*,#1538,.T.);
#2171=ORIENTED_EDGE('',*,*,#1530,.T.);
#2172=ORIENTED_EDGE('',*,*,#1539,.T.);
#2173=ORIENTED_EDGE('',*,*,#1540,.F.);
#2174=ORIENTED_EDGE('',*,*,#1539,.F.);
#2175=ORIENTED_EDGE('',*,*,#1532,.T.);
#2176=ORIENTED_EDGE('',*,*,#1541,.T.);
#2177=ORIENTED_EDGE('',*,*,#1542,.T.);
#2178=ORIENTED_EDGE('',*,*,#1543,.T.);
#2179=ORIENTED_EDGE('',*,*,#1544,.T.);
#2180=ORIENTED_EDGE('',*,*,#1545,.T.);
#2181=ORIENTED_EDGE('',*,*,#1546,.T.);
#2182=ORIENTED_EDGE('',*,*,#1547,.T.);
#2183=ORIENTED_EDGE('',*,*,#1548,.T.);
#2184=ORIENTED_EDGE('',*,*,#1549,.F.);
#2185=ORIENTED_EDGE('',*,*,#1542,.F.);
#2186=ORIENTED_EDGE('',*,*,#1550,.T.);
#2187=ORIENTED_EDGE('',*,*,#1551,.T.);
#2188=ORIENTED_EDGE('',*,*,#1552,.F.);
#2189=ORIENTED_EDGE('',*,*,#1543,.F.);
#2190=ORIENTED_EDGE('',*,*,#1549,.T.);
#2191=ORIENTED_EDGE('',*,*,#1553,.T.);
#2192=ORIENTED_EDGE('',*,*,#1554,.F.);
#2193=ORIENTED_EDGE('',*,*,#1544,.F.);
#2194=ORIENTED_EDGE('',*,*,#1552,.T.);
#2195=ORIENTED_EDGE('',*,*,#1555,.T.);
#2196=ORIENTED_EDGE('',*,*,#1556,.F.);
#2197=ORIENTED_EDGE('',*,*,#1545,.F.);
#2198=ORIENTED_EDGE('',*,*,#1554,.T.);
#2199=ORIENTED_EDGE('',*,*,#1557,.T.);
#2200=ORIENTED_EDGE('',*,*,#1558,.F.);
#2201=ORIENTED_EDGE('',*,*,#1546,.F.);
#2202=ORIENTED_EDGE('',*,*,#1556,.T.);
#2203=ORIENTED_EDGE('',*,*,#1559,.T.);
#2204=ORIENTED_EDGE('',*,*,#1550,.F.);
#2205=ORIENTED_EDGE('',*,*,#1541,.F.);
#2206=ORIENTED_EDGE('',*,*,#1558,.T.);
#2207=ORIENTED_EDGE('',*,*,#1548,.F.);
#2208=ORIENTED_EDGE('',*,*,#1559,.F.);
#2209=ORIENTED_EDGE('',*,*,#1557,.F.);
#2210=ORIENTED_EDGE('',*,*,#1555,.F.);
#2211=ORIENTED_EDGE('',*,*,#1553,.F.);
#2212=ORIENTED_EDGE('',*,*,#1551,.F.);
#2213=ORIENTED_EDGE('',*,*,#1540,.T.);
#2214=ORIENTED_EDGE('',*,*,#1560,.T.);
#2215=ORIENTED_EDGE('',*,*,#1561,.T.);
#2216=ORIENTED_EDGE('',*,*,#1562,.T.);
#2217=ORIENTED_EDGE('',*,*,#1561,.F.);
#2218=ORIENTED_EDGE('',*,*,#1560,.F.);
#2219=ORIENTED_EDGE('',*,*,#1563,.T.);
#2220=ORIENTED_EDGE('',*,*,#1547,.F.);
#2221=ORIENTED_EDGE('',*,*,#1563,.F.);
#2222=ORIENTED_EDGE('',*,*,#1562,.F.);
#2223=ORIENTED_EDGE('',*,*,#1327,.T.);
#2224=ORIENTED_EDGE('',*,*,#1564,.T.);
#2225=ORIENTED_EDGE('',*,*,#1565,.T.);
#2226=ORIENTED_EDGE('',*,*,#1566,.T.);
#2227=ORIENTED_EDGE('',*,*,#1567,.T.);
#2228=ORIENTED_EDGE('',*,*,#1565,.F.);
#2229=ORIENTED_EDGE('',*,*,#1568,.T.);
#2230=ORIENTED_EDGE('',*,*,#1569,.F.);
#2231=ORIENTED_EDGE('',*,*,#1570,.T.);
#2232=ORIENTED_EDGE('',*,*,#1564,.F.);
#2233=ORIENTED_EDGE('',*,*,#1571,.T.);
#2234=ORIENTED_EDGE('',*,*,#1572,.F.);
#2235=ORIENTED_EDGE('',*,*,#1573,.T.);
#2236=ORIENTED_EDGE('',*,*,#1574,.F.);
#2237=ORIENTED_EDGE('',*,*,#1575,.F.);
#2238=ORIENTED_EDGE('',*,*,#1576,.F.);
#2239=ORIENTED_EDGE('',*,*,#1568,.F.);
#2240=ORIENTED_EDGE('',*,*,#1378,.T.);
#2241=ORIENTED_EDGE('',*,*,#1390,.T.);
#2242=ORIENTED_EDGE('',*,*,#1572,.T.);
#2243=ORIENTED_EDGE('',*,*,#1577,.T.);
#2244=ORIENTED_EDGE('',*,*,#1578,.T.);
#2245=ORIENTED_EDGE('',*,*,#1579,.T.);
#2246=ORIENTED_EDGE('',*,*,#1579,.F.);
#2247=ORIENTED_EDGE('',*,*,#1580,.F.);
#2248=ORIENTED_EDGE('',*,*,#1581,.F.);
#2249=ORIENTED_EDGE('',*,*,#1573,.F.);
#2250=ORIENTED_EDGE('',*,*,#1566,.F.);
#2251=ORIENTED_EDGE('',*,*,#1570,.F.);
#2252=ORIENTED_EDGE('',*,*,#1582,.F.);
#2253=ORIENTED_EDGE('',*,*,#1583,.T.);
#2254=ORIENTED_EDGE('',*,*,#1584,.F.);
#2255=ORIENTED_EDGE('',*,*,#1580,.T.);
#2256=ORIENTED_EDGE('',*,*,#1578,.F.);
#2257=ORIENTED_EDGE('',*,*,#1585,.F.);
#2258=ORIENTED_EDGE('',*,*,#1374,.T.);
#2259=ORIENTED_EDGE('',*,*,#1386,.T.);
#2260=ORIENTED_EDGE('',*,*,#1584,.T.);
#2261=ORIENTED_EDGE('',*,*,#1586,.T.);
#2262=ORIENTED_EDGE('',*,*,#1574,.T.);
#2263=ORIENTED_EDGE('',*,*,#1581,.T.);
#2264=ORIENTED_EDGE('',*,*,#1586,.F.);
#2265=ORIENTED_EDGE('',*,*,#1583,.F.);
#2266=ORIENTED_EDGE('',*,*,#1587,.F.);
#2267=ORIENTED_EDGE('',*,*,#1575,.T.);
#2268=ORIENTED_EDGE('',*,*,#1582,.T.);
#2269=ORIENTED_EDGE('',*,*,#1569,.T.);
#2270=ORIENTED_EDGE('',*,*,#1576,.T.);
#2271=ORIENTED_EDGE('',*,*,#1587,.T.);
#2272=ORIENTED_EDGE('',*,*,#1567,.F.);
#2273=ORIENTED_EDGE('',*,*,#1585,.T.);
#2274=ORIENTED_EDGE('',*,*,#1577,.F.);
#2275=ORIENTED_EDGE('',*,*,#1571,.F.);
#2276=PLANE('',#2581);
#2277=PLANE('',#2586);
#2278=PLANE('',#2587);
#2279=PLANE('',#2588);
#2280=PLANE('',#2589);
#2281=PLANE('',#2590);
#2282=PLANE('',#2591);
#2283=PLANE('',#2592);
#2284=PLANE('',#2598);
#2285=PLANE('',#2599);
#2286=PLANE('',#2613);
#2287=PLANE('',#2614);
#2288=PLANE('',#2615);
#2289=PLANE('',#2616);
#2290=PLANE('',#2617);
#2291=PLANE('',#2618);
#2292=PLANE('',#2619);
#2293=PLANE('',#2631);
#2294=PLANE('',#2638);
#2295=PLANE('',#2639);
#2296=PLANE('',#2643);
#2297=PLANE('',#2644);
#2298=PLANE('',#2645);
#2299=PLANE('',#2649);
#2300=PLANE('',#2650);
#2301=PLANE('',#2651);
#2302=PLANE('',#2655);
#2303=PLANE('',#2656);
#2304=PLANE('',#2657);
#2305=PLANE('',#2658);
#2306=PLANE('',#2659);
#2307=PLANE('',#2663);
#2308=PLANE('',#2664);
#2309=PLANE('',#2680);
#2310=PLANE('',#2693);
#2311=PLANE('',#2697);
#2312=PLANE('',#2698);
#2313=PLANE('',#2704);
#2314=PLANE('',#2705);
#2315=PLANE('',#2709);
#2316=PLANE('',#2711);
#2317=PLANE('',#2712);
#2318=PLANE('',#2714);
#2319=PLANE('',#2715);
#2320=PLANE('',#2716);
#2321=PLANE('',#2721);
#2322=PLANE('',#2722);
#2323=PLANE('',#2740);
#2324=PLANE('',#2741);
#2325=PLANE('',#2742);
#2326=PLANE('',#2743);
#2327=PLANE('',#2744);
#2328=PLANE('',#2745);
#2329=PLANE('',#2746);
#2330=PLANE('',#2747);
#2331=PLANE('',#2750);
#2332=PLANE('',#2753);
#2333=PLANE('',#2756);
#2334=PLANE('',#2757);
#2335=PLANE('',#2758);
#2336=PLANE('',#2759);
#2337=PLANE('',#2760);
#2338=PLANE('',#2761);
#2339=PLANE('',#2764);
#2340=PLANE('',#2765);
#2341=PLANE('',#2774);
#2342=PLANE('',#2777);
#2343=PLANE('',#2779);
#2344=PLANE('',#2787);
#2345=PLANE('',#2788);
#2346=PLANE('',#2790);
#2347=PLANE('',#2792);
#2348=PLANE('',#2795);
#2349=PLANE('',#2797);
#2350=PLANE('',#2798);
#2351=PLANE('',#2799);
#2352=PLANE('',#2800);
#2353=PLANE('',#2801);
#2354=PLANE('',#2802);
#2355=PLANE('',#2803);
#2356=PLANE('',#2808);
#2357=PLANE('',#2812);
#2358=PLANE('',#2813);
#2359=PLANE('',#2819);
#2360=PLANE('',#2820);
#2361=PLANE('',#2824);
#2362=PLANE('',#2826);
#2363=ADVANCED_FACE('',(#603,#568),#2276,.F.);
#2364=ADVANCED_FACE('',(#604),#523,.F.);
#2365=ADVANCED_FACE('',(#605),#2277,.T.);
#2366=ADVANCED_FACE('',(#606),#2278,.T.);
#2367=ADVANCED_FACE('',(#607),#2279,.T.);
#2368=ADVANCED_FACE('',(#608),#2280,.T.);
#2369=ADVANCED_FACE('',(#609),#2281,.T.);
#2370=ADVANCED_FACE('',(#610),#2282,.T.);
#2371=ADVANCED_FACE('',(#611,#569),#2283,.T.);
#2372=ADVANCED_FACE('',(#612),#524,.F.);
#2373=ADVANCED_FACE('',(#613),#525,.T.);
#2374=ADVANCED_FACE('',(#614,#570),#2284,.F.);
#2375=ADVANCED_FACE('',(#615,#571),#2285,.T.);
#2376=ADVANCED_FACE('',(#616),#526,.F.);
#2377=ADVANCED_FACE('',(#617),#527,.F.);
#2378=ADVANCED_FACE('',(#618),#528,.F.);
#2379=ADVANCED_FACE('',(#619),#529,.T.);
#2380=ADVANCED_FACE('',(#620),#2286,.T.);
#2381=ADVANCED_FACE('',(#621),#2287,.T.);
#2382=ADVANCED_FACE('',(#622),#2288,.F.);
#2383=ADVANCED_FACE('',(#623),#2289,.F.);
#2384=ADVANCED_FACE('',(#624),#2290,.T.);
#2385=ADVANCED_FACE('',(#625),#2291,.T.);
#2386=ADVANCED_FACE('',(#626),#2292,.F.);
#2387=ADVANCED_FACE('',(#627),#31,.T.);
#2388=ADVANCED_FACE('',(#628),#28,.T.);
#2389=ADVANCED_FACE('',(#629),#29,.T.);
#2390=ADVANCED_FACE('',(#630),#2293,.F.);
#2391=ADVANCED_FACE('',(#631),#20,.T.);
#2392=ADVANCED_FACE('',(#632),#530,.F.);
#2393=ADVANCED_FACE('',(#633,#572),#2294,.F.);
#2394=ADVANCED_FACE('',(#634,#573),#2295,.T.);
#2395=ADVANCED_FACE('',(#635),#531,.T.);
#2396=ADVANCED_FACE('',(#636,#574),#2296,.T.);
#2397=ADVANCED_FACE('',(#637),#2297,.T.);
#2398=ADVANCED_FACE('',(#638,#575),#2298,.T.);
#2399=ADVANCED_FACE('',(#639),#532,.T.);
#2400=ADVANCED_FACE('',(#640,#576),#2299,.T.);
#2401=ADVANCED_FACE('',(#641),#2300,.T.);
#2402=ADVANCED_FACE('',(#642,#577),#2301,.T.);
#2403=ADVANCED_FACE('',(#643),#533,.T.);
#2404=ADVANCED_FACE('',(#644,#578),#2302,.T.);
#2405=ADVANCED_FACE('',(#645),#2303,.T.);
#2406=ADVANCED_FACE('',(#646),#2304,.T.);
#2407=ADVANCED_FACE('',(#647),#2305,.T.);
#2408=ADVANCED_FACE('',(#648),#2306,.T.);
#2409=ADVANCED_FACE('',(#649),#534,.T.);
#2410=ADVANCED_FACE('',(#650),#2307,.T.);
#2411=ADVANCED_FACE('',(#651),#2308,.T.);
#2412=ADVANCED_FACE('',(#652),#535,.T.);
#2413=ADVANCED_FACE('',(#653),#536,.T.);
#2414=ADVANCED_FACE('',(#654),#537,.T.);
#2415=ADVANCED_FACE('',(#655),#538,.T.);
#2416=ADVANCED_FACE('',(#656),#539,.T.);
#2417=ADVANCED_FACE('',(#657),#2309,.F.);
#2418=ADVANCED_FACE('',(#658),#540,.T.);
#2419=ADVANCED_FACE('',(#659),#541,.T.);
#2420=ADVANCED_FACE('',(#660),#542,.T.);
#2421=ADVANCED_FACE('',(#661),#543,.T.);
#2422=ADVANCED_FACE('',(#662),#2310,.F.);
#2423=ADVANCED_FACE('',(#663),#544,.T.);
#2424=ADVANCED_FACE('',(#664,#579),#2311,.T.);
#2425=ADVANCED_FACE('',(#665,#580,#581),#2312,.T.);
#2426=ADVANCED_FACE('',(#666),#545,.T.);
#2427=ADVANCED_FACE('',(#667,#582,#583,#584),#2313,.T.);
#2428=ADVANCED_FACE('',(#668,#585,#586),#2314,.T.);
#2429=ADVANCED_FACE('',(#669),#546,.T.);
#2430=ADVANCED_FACE('',(#670),#2315,.F.);
#2431=ADVANCED_FACE('',(#671),#547,.T.);
#2432=ADVANCED_FACE('',(#672),#2316,.T.);
#2433=ADVANCED_FACE('',(#673),#2317,.F.);
#2434=ADVANCED_FACE('',(#674),#2318,.F.);
#2435=ADVANCED_FACE('',(#675),#2319,.T.);
#2436=ADVANCED_FACE('',(#676),#2320,.T.);
#2437=ADVANCED_FACE('',(#677),#548,.T.);
#2438=ADVANCED_FACE('',(#678),#2321,.F.);
#2439=ADVANCED_FACE('',(#679,#587,#588),#2322,.T.);
#2440=ADVANCED_FACE('',(#680),#549,.T.);
#2441=ADVANCED_FACE('',(#681),#550,.T.);
#2442=ADVANCED_FACE('',(#682),#551,.T.);
#2443=ADVANCED_FACE('',(#683),#552,.T.);
#2444=ADVANCED_FACE('',(#684),#2323,.T.);
#2445=ADVANCED_FACE('',(#685),#2324,.T.);
#2446=ADVANCED_FACE('',(#686),#2325,.T.);
#2447=ADVANCED_FACE('',(#687),#2326,.T.);
#2448=ADVANCED_FACE('',(#688),#2327,.F.);
#2449=ADVANCED_FACE('',(#689),#2328,.T.);
#2450=ADVANCED_FACE('',(#690),#2329,.T.);
#2451=ADVANCED_FACE('',(#691,#589,#590),#2330,.T.);
#2452=ADVANCED_FACE('',(#692,#591,#592),#2331,.T.);
#2453=ADVANCED_FACE('',(#693,#593,#594),#2332,.T.);
#2454=ADVANCED_FACE('',(#694),#2333,.T.);
#2455=ADVANCED_FACE('',(#695),#2334,.T.);
#2456=ADVANCED_FACE('',(#696),#2335,.T.);
#2457=ADVANCED_FACE('',(#697),#2336,.T.);
#2458=ADVANCED_FACE('',(#698),#2337,.T.);
#2459=ADVANCED_FACE('',(#699),#2338,.T.);
#2460=ADVANCED_FACE('',(#700),#2339,.T.);
#2461=ADVANCED_FACE('',(#701),#2340,.F.);
#2462=ADVANCED_FACE('',(#702),#553,.T.);
#2463=ADVANCED_FACE('',(#703),#554,.F.);
#2464=ADVANCED_FACE('',(#704),#555,.T.);
#2465=ADVANCED_FACE('',(#705),#2341,.T.);
#2466=ADVANCED_FACE('',(#706),#2342,.T.);
#2467=ADVANCED_FACE('',(#707),#2343,.T.);
#2468=ADVANCED_FACE('',(#708),#556,.T.);
#2469=ADVANCED_FACE('',(#709),#557,.F.);
#2470=ADVANCED_FACE('',(#710),#558,.F.);
#2471=ADVANCED_FACE('',(#711),#559,.F.);
#2472=ADVANCED_FACE('',(#712),#560,.T.);
#2473=ADVANCED_FACE('',(#713),#2344,.F.);
#2474=ADVANCED_FACE('',(#714),#2345,.F.);
#2475=ADVANCED_FACE('',(#715),#561,.T.);
#2476=ADVANCED_FACE('',(#716),#2346,.T.);
#2477=ADVANCED_FACE('',(#717,#595),#2347,.F.);
#2478=ADVANCED_FACE('',(#718),#562,.T.);
#2479=ADVANCED_FACE('',(#719,#596),#2348,.T.);
#2480=ADVANCED_FACE('',(#720),#2349,.T.);
#2481=ADVANCED_FACE('',(#721),#2350,.T.);
#2482=ADVANCED_FACE('',(#722),#2351,.T.);
#2483=ADVANCED_FACE('',(#723),#2352,.T.);
#2484=ADVANCED_FACE('',(#724),#2353,.T.);
#2485=ADVANCED_FACE('',(#725),#2354,.T.);
#2486=ADVANCED_FACE('',(#726,#597),#2355,.F.);
#2487=ADVANCED_FACE('',(#727),#30,.T.);
#2488=ADVANCED_FACE('',(#728),#563,.T.);
#2489=ADVANCED_FACE('',(#729,#598),#2356,.F.);
#2490=ADVANCED_FACE('',(#730),#564,.T.);
#2491=ADVANCED_FACE('',(#731),#2357,.F.);
#2492=ADVANCED_FACE('',(#732,#599,#600),#2358,.T.);
#2493=ADVANCED_FACE('',(#733),#565,.T.);
#2494=ADVANCED_FACE('',(#734),#2359,.T.);
#2495=ADVANCED_FACE('',(#735,#601,#602),#2360,.T.);
#2496=ADVANCED_FACE('',(#736),#566,.T.);
#2497=ADVANCED_FACE('',(#737),#2361,.T.);
#2498=ADVANCED_FACE('',(#738),#567,.T.);
#2499=ADVANCED_FACE('',(#739),#2362,.T.);
#2500=CLOSED_SHELL('',(#2363,#2364,#2365,#2366,#2367,#2368,#2369,#2370,
#2371,#2372,#2373,#2374,#2375));
#2501=CLOSED_SHELL('',(#2376,#2377,#2378,#2379,#2380,#2381,#2382,#2383,
#2384,#2385,#2386,#2387,#2388,#2389,#2390,#2391,#2392,#2393,#2394,#2395,
#2396,#2397,#2398,#2399,#2400,#2401,#2402,#2403,#2404,#2405,#2406,#2407,
#2408,#2409,#2410,#2411,#2412,#2413,#2414,#2415,#2416,#2417,#2418,#2419,
#2420,#2421,#2422,#2423,#2424,#2425,#2426,#2427,#2428,#2429,#2430,#2431,
#2432,#2433,#2434,#2435,#2436,#2437,#2438,#2439,#2440,#2441,#2442,#2443,
#2444,#2445,#2446,#2447,#2448,#2449,#2450,#2451,#2452,#2453,#2454,#2455,
#2456,#2457,#2458,#2459,#2460,#2461,#2462,#2463,#2464,#2465,#2466,#2467,
#2468,#2469,#2470,#2471,#2472,#2473,#2474,#2475,#2476,#2477,#2478,#2479,
#2480,#2481,#2482,#2483,#2484,#2485,#2486,#2487,#2488,#2489,#2490,#2491,
#2492,#2493,#2494,#2495,#2496,#2497,#2498,#2499));
#2502=DERIVED_UNIT_ELEMENT(#2506,1.);
#2503=DERIVED_UNIT_ELEMENT(#4358,3.);
#2504=DERIVED_UNIT_ELEMENT(#2506,1.);
#2505=DERIVED_UNIT_ELEMENT(#4358,3.);
#2506=(
MASS_UNIT()
NAMED_UNIT(*)
SI_UNIT($,.GRAM.)
);
#2507=DERIVED_UNIT((#2502,#2503));
#2508=DERIVED_UNIT((#2504,#2505));
#2509=MEASURE_REPRESENTATION_ITEM('density measure',
POSITIVE_RATIO_MEASURE(1.),#2507);
#2510=MEASURE_REPRESENTATION_ITEM('density measure',
POSITIVE_RATIO_MEASURE(1.),#2508);
#2511=PROPERTY_DEFINITION_REPRESENTATION(#2521,#2515);
#2512=PROPERTY_DEFINITION_REPRESENTATION(#2522,#2516);
#2513=PROPERTY_DEFINITION_REPRESENTATION(#2523,#2517);
#2514=PROPERTY_DEFINITION_REPRESENTATION(#2524,#2518);
#2515=REPRESENTATION('material name',(#2519),#4354);
#2516=REPRESENTATION('density',(#2509),#4354);
#2517=REPRESENTATION('material name',(#2520),#4355);
#2518=REPRESENTATION('density',(#2510),#4355);
#2519=DESCRIPTIVE_REPRESENTATION_ITEM('\X2\04220438043F043E0432044B0435\X0\',
'\X2\04220438043F043E0432044B0435\X0\');
#2520=DESCRIPTIVE_REPRESENTATION_ITEM('\X2\041E0431044B0447043D044B0439\X0\',
'\X2\041E0431044B0447043D044B0439\X0\');
#2521=PROPERTY_DEFINITION('material property','material name',#4374);
#2522=PROPERTY_DEFINITION('material property','density of part',#4374);
#2523=PROPERTY_DEFINITION('material property','material name',#4375);
#2524=PROPERTY_DEFINITION('material property','density of part',#4375);
#2525=PRESENTATION_STYLE_ASSIGNMENT((#2529));
#2526=PRESENTATION_STYLE_ASSIGNMENT((#2530));
#2527=PRESENTATION_STYLE_ASSIGNMENT((#2531));
#2528=PRESENTATION_STYLE_ASSIGNMENT((#2532));
#2529=SURFACE_STYLE_USAGE(.BOTH.,#2541);
#2530=SURFACE_STYLE_USAGE(.BOTH.,#2542);
#2531=SURFACE_STYLE_USAGE(.BOTH.,#2543);
#2532=SURFACE_STYLE_USAGE(.BOTH.,#2544);
#2533=SURFACE_STYLE_RENDERING_WITH_PROPERTIES($,#2557,(#2537));
#2534=SURFACE_STYLE_RENDERING_WITH_PROPERTIES($,#2558,(#2538));
#2535=SURFACE_STYLE_RENDERING_WITH_PROPERTIES($,#2559,(#2539));
#2536=SURFACE_STYLE_RENDERING_WITH_PROPERTIES($,#2560,(#2540));
#2537=SURFACE_STYLE_TRANSPARENT(0.);
#2538=SURFACE_STYLE_TRANSPARENT(0.);
#2539=SURFACE_STYLE_TRANSPARENT(0.);
#2540=SURFACE_STYLE_TRANSPARENT(0.);
#2541=SURFACE_SIDE_STYLE('',(#2545,#2533));
#2542=SURFACE_SIDE_STYLE('',(#2546,#2534));
#2543=SURFACE_SIDE_STYLE('',(#2547,#2535));
#2544=SURFACE_SIDE_STYLE('',(#2548,#2536));
#2545=SURFACE_STYLE_FILL_AREA(#2549);
#2546=SURFACE_STYLE_FILL_AREA(#2550);
#2547=SURFACE_STYLE_FILL_AREA(#2551);
#2548=SURFACE_STYLE_FILL_AREA(#2552);
#2549=FILL_AREA_STYLE('',(#2553));
#2550=FILL_AREA_STYLE('',(#2554));
#2551=FILL_AREA_STYLE('',(#2555));
#2552=FILL_AREA_STYLE('',(#2556));
#2553=FILL_AREA_STYLE_COLOUR('',#2557);
#2554=FILL_AREA_STYLE_COLOUR('',#2558);
#2555=FILL_AREA_STYLE_COLOUR('',#2559);
#2556=FILL_AREA_STYLE_COLOUR('',#2560);
#2557=COLOUR_RGB('',0.949019607843137,0.925490196078431,0.933333333333333);
#2558=COLOUR_RGB('',0.949019607843137,0.925490196078431,0.933333333333333);
#2559=COLOUR_RGB('',0.658823529411765,0.349019607843137,0.125490196078431);
#2560=COLOUR_RGB('',0.862745098039216,0.843137254901961,0.76078431372549);
#2561=DATE_TIME_ROLE('creation_date');
#2562=DATE_TIME_ROLE('creation_date');
#2563=DATE_TIME_ROLE('creation_date');
#2564=APPLIED_DATE_AND_TIME_ASSIGNMENT(#2567,#2561,(#4373));
#2565=APPLIED_DATE_AND_TIME_ASSIGNMENT(#2568,#2562,(#4374));
#2566=APPLIED_DATE_AND_TIME_ASSIGNMENT(#2569,#2563,(#4375));
#2567=DATE_AND_TIME(#2570,#2573);
#2568=DATE_AND_TIME(#2571,#2574);
#2569=DATE_AND_TIME(#2572,#2575);
#2570=CALENDAR_DATE(2008,20,10);
#2571=CALENDAR_DATE(2008,16,10);
#2572=CALENDAR_DATE(2008,20,10);
#2573=LOCAL_TIME(0,0,0.,#2576);
#2574=LOCAL_TIME(0,0,0.,#2577);
#2575=LOCAL_TIME(0,0,0.,#2578);
#2576=COORDINATED_UNIVERSAL_TIME_OFFSET(0,0,.BEHIND.);
#2577=COORDINATED_UNIVERSAL_TIME_OFFSET(0,0,.BEHIND.);
#2578=COORDINATED_UNIVERSAL_TIME_OFFSET(0,0,.BEHIND.);
#2579=AXIS2_PLACEMENT_3D('placement',#3557,#2829,#2830);
#2580=AXIS2_PLACEMENT_3D('placement',#3558,#2831,#2832);
#2581=AXIS2_PLACEMENT_3D('',#3559,#2833,#2834);
#2582=AXIS2_PLACEMENT_3D('',#3561,#2835,#2836);
#2583=AXIS2_PLACEMENT_3D('',#3563,#2837,#2838);
#2584=AXIS2_PLACEMENT_3D('',#3564,#2839,#2840);
#2585=AXIS2_PLACEMENT_3D('',#3567,#2842,#2843);
#2586=AXIS2_PLACEMENT_3D('',#3568,#2844,#2845);
#2587=AXIS2_PLACEMENT_3D('',#3577,#2850,#2851);
#2588=AXIS2_PLACEMENT_3D('',#3583,#2855,#2856);
#2589=AXIS2_PLACEMENT_3D('',#3589,#2860,#2861);
#2590=AXIS2_PLACEMENT_3D('',#3595,#2865,#2866);
#2591=AXIS2_PLACEMENT_3D('',#3601,#2870,#2871);
#2592=AXIS2_PLACEMENT_3D('',#3604,#2874,#2875);
#2593=AXIS2_PLACEMENT_3D('',#3605,#2876,#2877);
#2594=AXIS2_PLACEMENT_3D('',#3607,#2878,#2879);
#2595=AXIS2_PLACEMENT_3D('',#3609,#2881,#2882);
#2596=AXIS2_PLACEMENT_3D('',#3611,#2883,#2884);
#2597=AXIS2_PLACEMENT_3D('',#3614,#2886,#2887);
#2598=AXIS2_PLACEMENT_3D('',#3615,#2888,#2889);
#2599=AXIS2_PLACEMENT_3D('',#3616,#2890,#2891);
#2600=AXIS2_PLACEMENT_3D('placement',#3617,#2892,#2893);
#2601=AXIS2_PLACEMENT_3D('',#3618,#2894,#2895);
#2602=AXIS2_PLACEMENT_3D('',#3620,#2896,#2897);
#2603=AXIS2_PLACEMENT_3D('',#3623,#2899,#2900);
#2604=AXIS2_PLACEMENT_3D('',#3624,#2901,#2902);
#2605=AXIS2_PLACEMENT_3D('',#3626,#2903,#2904);
#2606=AXIS2_PLACEMENT_3D('',#3629,#2906,#2907);
#2607=AXIS2_PLACEMENT_3D('',#3630,#2908,#2909);
#2608=AXIS2_PLACEMENT_3D('',#3632,#2910,#2911);
#2609=AXIS2_PLACEMENT_3D('',#3635,#2913,#2914);
#2610=AXIS2_PLACEMENT_3D('',#3636,#2915,#2916);
#2611=AXIS2_PLACEMENT_3D('',#3639,#2917,#2918);
#2612=AXIS2_PLACEMENT_3D('',#3643,#2920,#2921);
#2613=AXIS2_PLACEMENT_3D('',#3645,#2923,#2924);
#2614=AXIS2_PLACEMENT_3D('',#3651,#2928,#2929);
#2615=AXIS2_PLACEMENT_3D('',#3661,#2935,#2936);
#2616=AXIS2_PLACEMENT_3D('',#3665,#2939,#2940);
#2617=AXIS2_PLACEMENT_3D('',#3669,#2943,#2944);
#2618=AXIS2_PLACEMENT_3D('',#3675,#2948,#2949);
#2619=AXIS2_PLACEMENT_3D('',#3678,#2952,#2953);
#2620=AXIS2_PLACEMENT_3D('',#3696,#2963,#2964);
#2621=AXIS2_PLACEMENT_3D('',#3699,#2965,#2966);
#2622=AXIS2_PLACEMENT_3D('',#3701,#2967,#2968);
#2623=AXIS2_PLACEMENT_3D('',#3703,#2969,#2970);
#2624=AXIS2_PLACEMENT_3D('',#3705,#2971,#2972);
#2625=AXIS2_PLACEMENT_3D('',#3707,#2973,#2974);
#2626=AXIS2_PLACEMENT_3D('',#3708,#2975,#2976);
#2627=AXIS2_PLACEMENT_3D('',#3709,#2977,#2978);
#2628=AXIS2_PLACEMENT_3D('',#3710,#2979,#2980);
#2629=AXIS2_PLACEMENT_3D('',#3732,#2981,#2982);
#2630=AXIS2_PLACEMENT_3D('',#3755,#2984,#2985);
#2631=AXIS2_PLACEMENT_3D('',#3758,#2987,#2988);
#2632=AXIS2_PLACEMENT_3D('',#3759,#2989,#2990);
#2633=AXIS2_PLACEMENT_3D('',#3792,#2991,#2992);
#2634=AXIS2_PLACEMENT_3D('',#3793,#2993,#2994);
#2635=AXIS2_PLACEMENT_3D('',#3794,#2995,#2996);
#2636=AXIS2_PLACEMENT_3D('',#3796,#2997,#2998);
#2637=AXIS2_PLACEMENT_3D('',#3799,#3000,#3001);
#2638=AXIS2_PLACEMENT_3D('',#3800,#3002,#3003);
#2639=AXIS2_PLACEMENT_3D('',#3801,#3004,#3005);
#2640=AXIS2_PLACEMENT_3D('',#3804,#3006,#3007);
#2641=AXIS2_PLACEMENT_3D('',#3810,#3011,#3012);
#2642=AXIS2_PLACEMENT_3D('',#3814,#3014,#3015);
#2643=AXIS2_PLACEMENT_3D('',#3816,#3017,#3018);
#2644=AXIS2_PLACEMENT_3D('',#3822,#3022,#3023);
#2645=AXIS2_PLACEMENT_3D('',#3824,#3025,#3026);
#2646=AXIS2_PLACEMENT_3D('',#3827,#3027,#3028);
#2647=AXIS2_PLACEMENT_3D('',#3833,#3032,#3033);
#2648=AXIS2_PLACEMENT_3D('',#3837,#3035,#3036);
#2649=AXIS2_PLACEMENT_3D('',#3839,#3038,#3039);
#2650=AXIS2_PLACEMENT_3D('',#3845,#3043,#3044);
#2651=AXIS2_PLACEMENT_3D('',#3847,#3046,#3047);
#2652=AXIS2_PLACEMENT_3D('',#3850,#3048,#3049);
#2653=AXIS2_PLACEMENT_3D('',#3856,#3053,#3054);
#2654=AXIS2_PLACEMENT_3D('',#3860,#3056,#3057);
#2655=AXIS2_PLACEMENT_3D('',#3862,#3059,#3060);
#2656=AXIS2_PLACEMENT_3D('',#3868,#3064,#3065);
#2657=AXIS2_PLACEMENT_3D('',#3870,#3067,#3068);
#2658=AXIS2_PLACEMENT_3D('',#3872,#3070,#3071);
#2659=AXIS2_PLACEMENT_3D('',#3874,#3073,#3074);
#2660=AXIS2_PLACEMENT_3D('',#3876,#3076,#3077);
#2661=AXIS2_PLACEMENT_3D('',#3878,#3078,#3079);
#2662=AXIS2_PLACEMENT_3D('',#3881,#3081,#3082);
#2663=AXIS2_PLACEMENT_3D('',#3882,#3083,#3084);
#2664=AXIS2_PLACEMENT_3D('',#3883,#3085,#3086);
#2665=AXIS2_PLACEMENT_3D('',#3885,#3087,#3088);
#2666=AXIS2_PLACEMENT_3D('',#3886,#3089,#3090);
#2667=AXIS2_PLACEMENT_3D('',#3889,#3092,#3093);
#2668=AXIS2_PLACEMENT_3D('',#3890,#3094,#3095);
#2669=AXIS2_PLACEMENT_3D('',#3892,#3096,#3097);
#2670=AXIS2_PLACEMENT_3D('',#3895,#3099,#3100);
#2671=AXIS2_PLACEMENT_3D('',#3896,#3101,#3102);
#2672=AXIS2_PLACEMENT_3D('',#3898,#3103,#3104);
#2673=AXIS2_PLACEMENT_3D('',#3901,#3106,#3107);
#2674=AXIS2_PLACEMENT_3D('',#3902,#3108,#3109);
#2675=AXIS2_PLACEMENT_3D('',#3904,#3110,#3111);
#2676=AXIS2_PLACEMENT_3D('',#3907,#3113,#3114);
#2677=AXIS2_PLACEMENT_3D('',#3908,#3115,#3116);
#2678=AXIS2_PLACEMENT_3D('',#3910,#3117,#3118);
#2679=AXIS2_PLACEMENT_3D('',#3913,#3120,#3121);
#2680=AXIS2_PLACEMENT_3D('',#3914,#3122,#3123);
#2681=AXIS2_PLACEMENT_3D('',#3915,#3124,#3125);
#2682=AXIS2_PLACEMENT_3D('',#3917,#3126,#3127);
#2683=AXIS2_PLACEMENT_3D('',#3920,#3129,#3130);
#2684=AXIS2_PLACEMENT_3D('',#3921,#3131,#3132);
#2685=AXIS2_PLACEMENT_3D('',#3923,#3133,#3134);
#2686=AXIS2_PLACEMENT_3D('',#3926,#3136,#3137);
#2687=AXIS2_PLACEMENT_3D('',#3927,#3138,#3139);
#2688=AXIS2_PLACEMENT_3D('',#3929,#3140,#3141);
#2689=AXIS2_PLACEMENT_3D('',#3932,#3143,#3144);
#2690=AXIS2_PLACEMENT_3D('',#3933,#3145,#3146);
#2691=AXIS2_PLACEMENT_3D('',#3935,#3147,#3148);
#2692=AXIS2_PLACEMENT_3D('',#3938,#3150,#3151);
#2693=AXIS2_PLACEMENT_3D('',#3939,#3152,#3153);
#2694=AXIS2_PLACEMENT_3D('',#3940,#3154,#3155);
#2695=AXIS2_PLACEMENT_3D('',#3943,#3156,#3157);
#2696=AXIS2_PLACEMENT_3D('',#3947,#3159,#3160);
#2697=AXIS2_PLACEMENT_3D('',#3949,#3162,#3163);
#2698=AXIS2_PLACEMENT_3D('',#3955,#3167,#3168);
#2699=AXIS2_PLACEMENT_3D('',#3959,#3170,#3171);
#2700=AXIS2_PLACEMENT_3D('',#3963,#3173,#3174);
#2701=AXIS2_PLACEMENT_3D('',#3966,#3176,#3177);
#2702=AXIS2_PLACEMENT_3D('',#3967,#3178,#3179);
#2703=AXIS2_PLACEMENT_3D('',#3970,#3180,#3181);
#2704=AXIS2_PLACEMENT_3D('',#3973,#3184,#3185);
#2705=AXIS2_PLACEMENT_3D('',#3977,#3188,#3189);
#2706=AXIS2_PLACEMENT_3D('',#3979,#3190,#3191);
#2707=AXIS2_PLACEMENT_3D('',#3982,#3193,#3194);
#2708=AXIS2_PLACEMENT_3D('',#3984,#3196,#3197);
#2709=AXIS2_PLACEMENT_3D('',#3986,#3199,#3200);
#2710=AXIS2_PLACEMENT_3D('',#3988,#3202,#3203);
#2711=AXIS2_PLACEMENT_3D('',#3989,#3204,#3205);
#2712=AXIS2_PLACEMENT_3D('',#3990,#3206,#3207);
#2713=AXIS2_PLACEMENT_3D('',#3993,#3208,#3209);
#2714=AXIS2_PLACEMENT_3D('',#3995,#3211,#3212);
#2715=AXIS2_PLACEMENT_3D('',#4005,#3218,#3219);
#2716=AXIS2_PLACEMENT_3D('',#4008,#3222,#3223);
#2717=AXIS2_PLACEMENT_3D('',#4012,#3225,#3226);
#2718=AXIS2_PLACEMENT_3D('',#4016,#3229,#3230);
#2719=AXIS2_PLACEMENT_3D('',#4018,#3231,#3232);
#2720=AXIS2_PLACEMENT_3D('',#4021,#3234,#3235);
#2721=AXIS2_PLACEMENT_3D('',#4022,#3236,#3237);
#2722=AXIS2_PLACEMENT_3D('',#4023,#3238,#3239);
#2723=AXIS2_PLACEMENT_3D('',#4031,#3243,#3244);
#2724=AXIS2_PLACEMENT_3D('',#4033,#3245,#3246);
#2725=AXIS2_PLACEMENT_3D('',#4037,#3249,#3250);
#2726=AXIS2_PLACEMENT_3D('',#4040,#3252,#3253);
#2727=AXIS2_PLACEMENT_3D('',#4041,#3254,#3255);
#2728=AXIS2_PLACEMENT_3D('',#4042,#3256,#3257);
#2729=AXIS2_PLACEMENT_3D('',#4044,#3258,#3259);
#2730=AXIS2_PLACEMENT_3D('',#4047,#3261,#3262);
#2731=AXIS2_PLACEMENT_3D('',#4048,#3263,#3264);
#2732=AXIS2_PLACEMENT_3D('',#4050,#3265,#3266);
#2733=AXIS2_PLACEMENT_3D('',#4054,#3268,#3269);
#2734=AXIS2_PLACEMENT_3D('',#4055,#3270,#3271);
#2735=AXIS2_PLACEMENT_3D('',#4056,#3272,#3273);
#2736=AXIS2_PLACEMENT_3D('',#4058,#3274,#3275);
#2737=AXIS2_PLACEMENT_3D('',#4060,#3276,#3277);
#2738=AXIS2_PLACEMENT_3D('',#4062,#3278,#3279);
#2739=AXIS2_PLACEMENT_3D('',#4065,#3281,#3282);
#2740=AXIS2_PLACEMENT_3D('',#4066,#3283,#3284);
#2741=AXIS2_PLACEMENT_3D('',#4067,#3285,#3286);
#2742=AXIS2_PLACEMENT_3D('',#4073,#3290,#3291);
#2743=AXIS2_PLACEMENT_3D('',#4077,#3294,#3295);
#2744=AXIS2_PLACEMENT_3D('',#4081,#3298,#3299);
#2745=AXIS2_PLACEMENT_3D('',#4094,#3308,#3309);
#2746=AXIS2_PLACEMENT_3D('',#4098,#3312,#3313);
#2747=AXIS2_PLACEMENT_3D('',#4101,#3316,#3317);
#2748=AXIS2_PLACEMENT_3D('',#4109,#3321,#3322);
#2749=AXIS2_PLACEMENT_3D('',#4111,#3323,#3324);
#2750=AXIS2_PLACEMENT_3D('',#4115,#3327,#3328);
#2751=AXIS2_PLACEMENT_3D('',#4121,#3331,#3332);
#2752=AXIS2_PLACEMENT_3D('',#4123,#3333,#3334);
#2753=AXIS2_PLACEMENT_3D('',#4129,#3338,#3339);
#2754=AXIS2_PLACEMENT_3D('',#4135,#3342,#3343);
#2755=AXIS2_PLACEMENT_3D('',#4137,#3344,#3345);
#2756=AXIS2_PLACEMENT_3D('',#4143,#3349,#3350);
#2757=AXIS2_PLACEMENT_3D('',#4144,#3351,#3352);
#2758=AXIS2_PLACEMENT_3D('',#4148,#3355,#3356);
#2759=AXIS2_PLACEMENT_3D('',#4152,#3359,#3360);
#2760=AXIS2_PLACEMENT_3D('',#4154,#3362,#3363);
#2761=AXIS2_PLACEMENT_3D('',#4155,#3364,#3365);
#2762=AXIS2_PLACEMENT_3D('',#4158,#3367,#3368);
#2763=AXIS2_PLACEMENT_3D('',#4159,#3369,#3370);
#2764=AXIS2_PLACEMENT_3D('',#4160,#3371,#3372);
#2765=AXIS2_PLACEMENT_3D('',#4161,#3373,#3374);
#2766=AXIS2_PLACEMENT_3D('',#4162,#3375,#3376);
#2767=AXIS2_PLACEMENT_3D('',#4165,#3378,#3379);
#2768=AXIS2_PLACEMENT_3D('',#4166,#3380,#3381);
#2769=AXIS2_PLACEMENT_3D('',#4168,#3382,#3383);
#2770=AXIS2_PLACEMENT_3D('',#4170,#3384,#3385);
#2771=AXIS2_PLACEMENT_3D('',#4172,#3387,#3388);
#2772=AXIS2_PLACEMENT_3D('',#4187,#3390,#3391);
#2773=AXIS2_PLACEMENT_3D('',#4189,#3392,#3393);
#2774=AXIS2_PLACEMENT_3D('',#4191,#3395,#3396);
#2775=AXIS2_PLACEMENT_3D('',#4195,#3399,#3400);
#2776=AXIS2_PLACEMENT_3D('',#4198,#3402,#3403);
#2777=AXIS2_PLACEMENT_3D('',#4200,#3405,#3406);
#2778=AXIS2_PLACEMENT_3D('',#4202,#3407,#3408);
#2779=AXIS2_PLACEMENT_3D('',#4206,#3411,#3412);
#2780=AXIS2_PLACEMENT_3D('',#4207,#3413,#3414);
#2781=AXIS2_PLACEMENT_3D('',#4210,#3416,#3417);
#2782=AXIS2_PLACEMENT_3D('',#4213,#3420,#3421);
#2783=AXIS2_PLACEMENT_3D('',#4229,#3423,#3424);
#2784=AXIS2_PLACEMENT_3D('',#4231,#3426,#3427);
#2785=AXIS2_PLACEMENT_3D('',#4233,#3429,#3430);
#2786=AXIS2_PLACEMENT_3D('',#4235,#3432,#3433);
#2787=AXIS2_PLACEMENT_3D('',#4237,#3435,#3436);
#2788=AXIS2_PLACEMENT_3D('',#4238,#3437,#3438);
#2789=AXIS2_PLACEMENT_3D('',#4240,#3440,#3441);
#2790=AXIS2_PLACEMENT_3D('',#4241,#3442,#3443);
#2791=AXIS2_PLACEMENT_3D('',#4242,#3444,#3445);
#2792=AXIS2_PLACEMENT_3D('',#4243,#3446,#3447);
#2793=AXIS2_PLACEMENT_3D('',#4244,#3448,#3449);
#2794=AXIS2_PLACEMENT_3D('',#4247,#3451,#3452);
#2795=AXIS2_PLACEMENT_3D('',#4248,#3453,#3454);
#2796=AXIS2_PLACEMENT_3D('',#4262,#3461,#3462);
#2797=AXIS2_PLACEMENT_3D('',#4263,#3463,#3464);
#2798=AXIS2_PLACEMENT_3D('',#4269,#3468,#3469);
#2799=AXIS2_PLACEMENT_3D('',#4273,#3472,#3473);
#2800=AXIS2_PLACEMENT_3D('',#4277,#3476,#3477);
#2801=AXIS2_PLACEMENT_3D('',#4281,#3480,#3481);
#2802=AXIS2_PLACEMENT_3D('',#4285,#3484,#3485);
#2803=AXIS2_PLACEMENT_3D('',#4287,#3487,#3488);
#2804=AXIS2_PLACEMENT_3D('',#4288,#3489,#3490);
#2805=AXIS2_PLACEMENT_3D('',#4290,#3491,#3492);
#2806=AXIS2_PLACEMENT_3D('',#4293,#3494,#3495);
#2807=AXIS2_PLACEMENT_3D('',#4294,#3496,#3497);
#2808=AXIS2_PLACEMENT_3D('',#4296,#3499,#3500);
#2809=AXIS2_PLACEMENT_3D('',#4297,#3501,#3502);
#2810=AXIS2_PLACEMENT_3D('',#4300,#3503,#3504);
#2811=AXIS2_PLACEMENT_3D('',#4304,#3506,#3507);
#2812=AXIS2_PLACEMENT_3D('',#4306,#3509,#3510);
#2813=AXIS2_PLACEMENT_3D('',#4312,#3514,#3515);
#2814=AXIS2_PLACEMENT_3D('',#4316,#3517,#3518);
#2815=AXIS2_PLACEMENT_3D('',#4320,#3520,#3521);
#2816=AXIS2_PLACEMENT_3D('',#4323,#3523,#3524);
#2817=AXIS2_PLACEMENT_3D('',#4324,#3525,#3526);
#2818=AXIS2_PLACEMENT_3D('',#4328,#3528,#3529);
#2819=AXIS2_PLACEMENT_3D('',#4330,#3531,#3532);
#2820=AXIS2_PLACEMENT_3D('',#4334,#3535,#3536);
#2821=AXIS2_PLACEMENT_3D('',#4336,#3537,#3538);
#2822=AXIS2_PLACEMENT_3D('',#4339,#3540,#3541);
#2823=AXIS2_PLACEMENT_3D('',#4341,#3543,#3544);
#2824=AXIS2_PLACEMENT_3D('',#4343,#3546,#3547);
#2825=AXIS2_PLACEMENT_3D('',#4345,#3549,#3550);
#2826=AXIS2_PLACEMENT_3D('',#4346,#3551,#3552);
#2827=AXIS2_PLACEMENT_3D('',#4347,#3553,#3554);
#2828=AXIS2_PLACEMENT_3D('',#4348,#3555,#3556);
#2829=DIRECTION('axis',(0.,0.,1.));
#2830=DIRECTION('refdir',(1.,0.,0.));
#2831=DIRECTION('axis',(0.,0.,1.));
#2832=DIRECTION('refdir',(1.,0.,0.));
#2833=DIRECTION('center_axis',(3.11377895200332E-32,2.05022482436433E-33,
1.));
#2834=DIRECTION('ref_axis',(1.,0.,-3.11377895200332E-32));
#2835=DIRECTION('center_axis',(0.,0.,-1.));
#2836=DIRECTION('ref_axis',(-1.,0.,0.));
#2837=DIRECTION('center_axis',(3.11377895200332E-32,2.05022482436433E-33,
1.));
#2838=DIRECTION('ref_axis',(-1.,0.,0.));
#2839=DIRECTION('center_axis',(0.,0.,1.));
#2840=DIRECTION('ref_axis',(-1.,0.,0.));
#2841=DIRECTION('',(0.,0.,1.));
#2842=DIRECTION('center_axis',(4.10044964872865E-32,2.30650292740987E-33,
-1.));
#2843=DIRECTION('ref_axis',(-1.,0.,0.));
#2844=DIRECTION('center_axis',(1.,0.,0.));
#2845=DIRECTION('ref_axis',(0.,0.,-1.));
#2846=DIRECTION('',(0.,-1.,0.));
#2847=DIRECTION('',(0.,0.,1.));
#2848=DIRECTION('',(0.,-1.,0.));
#2849=DIRECTION('',(0.,0.,1.));
#2850=DIRECTION('center_axis',(0.5,-0.866025403784439,0.));
#2851=DIRECTION('ref_axis',(0.,0.,-1.));
#2852=DIRECTION('',(-0.866025403784439,-0.5,0.));
#2853=DIRECTION('',(0.,0.,1.));
#2854=DIRECTION('',(-0.866025403784439,-0.5,0.));
#2855=DIRECTION('center_axis',(-0.5,-0.866025403784439,0.));
#2856=DIRECTION('ref_axis',(0.,0.,-1.));
#2857=DIRECTION('',(-0.866025403784439,0.5,0.));
#2858=DIRECTION('',(0.,0.,1.));
#2859=DIRECTION('',(-0.866025403784439,0.5,0.));
#2860=DIRECTION('center_axis',(-1.,-6.40987562127855E-16,0.));
#2861=DIRECTION('ref_axis',(0.,0.,1.));
#2862=DIRECTION('',(-6.40987562127855E-16,1.,0.));
#2863=DIRECTION('',(0.,0.,1.));
#2864=DIRECTION('',(-6.40987562127855E-16,1.,0.));
#2865=DIRECTION('center_axis',(-0.500000000000001,0.866025403784438,0.));
#2866=DIRECTION('ref_axis',(0.,0.,1.));
#2867=DIRECTION('',(0.866025403784438,0.500000000000001,0.));
#2868=DIRECTION('',(0.,0.,1.));
#2869=DIRECTION('',(0.866025403784438,0.500000000000001,0.));
#2870=DIRECTION('center_axis',(0.5,0.866025403784439,0.));
#2871=DIRECTION('ref_axis',(0.,0.,1.));
#2872=DIRECTION('',(0.866025403784439,-0.5,0.));
#2873=DIRECTION('',(0.866025403784439,-0.5,0.));
#2874=DIRECTION('center_axis',(-4.10044964872865E-32,-2.30650292740987E-33,
1.));
#2875=DIRECTION('ref_axis',(1.,0.,4.10044964872865E-32));
#2876=DIRECTION('center_axis',(0.,0.,1.));
#2877=DIRECTION('ref_axis',(-1.,0.,0.));
#2878=DIRECTION('center_axis',(0.,0.,1.));
#2879=DIRECTION('ref_axis',(-1.,0.,0.));
#2880=DIRECTION('',(0.,0.,1.));
#2881=DIRECTION('center_axis',(0.,0.,1.));
#2882=DIRECTION('ref_axis',(-1.,0.,0.));
#2883=DIRECTION('center_axis',(0.,0.,-1.));
#2884=DIRECTION('ref_axis',(-1.,0.,0.));
#2885=DIRECTION('',(0.,0.,-1.));
#2886=DIRECTION('center_axis',(0.,0.,-1.));
#2887=DIRECTION('ref_axis',(-1.,0.,0.));
#2888=DIRECTION('center_axis',(0.,0.,-1.));
#2889=DIRECTION('ref_axis',(-1.,0.,0.));
#2890=DIRECTION('center_axis',(0.,0.,-1.));
#2891=DIRECTION('ref_axis',(-1.,0.,0.));
#2892=DIRECTION('axis',(0.,0.,1.));
#2893=DIRECTION('refdir',(1.,0.,0.));
#2894=DIRECTION('center_axis',(-2.63992822173085E-16,-1.,0.));
#2895=DIRECTION('ref_axis',(-1.,2.63992822173085E-16,0.));
#2896=DIRECTION('center_axis',(-2.63677968348475E-16,-1.,0.));
#2897=DIRECTION('ref_axis',(-1.,2.63992822173085E-16,0.));
#2898=DIRECTION('',(-2.63992822173085E-16,-1.,0.));
#2899=DIRECTION('center_axis',(0.,1.,0.));
#2900=DIRECTION('ref_axis',(-1.,2.63992822173085E-16,0.));
#2901=DIRECTION('center_axis',(-2.63992822173085E-16,-1.,0.));
#2902=DIRECTION('ref_axis',(-1.,2.63992822173085E-16,0.));
#2903=DIRECTION('center_axis',(-4.44089209850063E-16,-1.,0.));
#2904=DIRECTION('ref_axis',(-1.,2.63992822173085E-16,0.));
#2905=DIRECTION('',(-2.63992822173085E-16,-1.,0.));
#2906=DIRECTION('center_axis',(0.,1.,0.));
#2907=DIRECTION('ref_axis',(-1.,2.63992822173085E-16,0.));
#2908=DIRECTION('center_axis',(-2.63992822173085E-16,-1.,0.));
#2909=DIRECTION('ref_axis',(-1.,2.63992822173085E-16,0.));
#2910=DIRECTION('center_axis',(0.,-1.,0.));
#2911=DIRECTION('ref_axis',(-1.,2.63992822173085E-16,0.));
#2912=DIRECTION('',(-2.63992822173085E-16,-1.,0.));
#2913=DIRECTION('center_axis',(0.,1.,0.));
#2914=DIRECTION('ref_axis',(-1.,2.63992822173085E-16,0.));
#2915=DIRECTION('center_axis',(-1.,0.,4.31178345758336E-32));
#2916=DIRECTION('ref_axis',(0.,-0.707106781186548,0.707106781186548));
#2917=DIRECTION('center_axis',(1.,1.85037170770859E-16,0.));
#2918=DIRECTION('ref_axis',(0.,-0.707106781186548,0.707106781186548));
#2919=DIRECTION('',(1.,0.,-4.31178345758336E-32));
#2920=DIRECTION('center_axis',(-1.,0.,0.));
#2921=DIRECTION('ref_axis',(0.,-0.707106781186548,0.707106781186548));
#2922=DIRECTION('',(1.,-1.38777878078145E-16,3.27464271134847E-33));
#2923=DIRECTION('center_axis',(0.,-1.,0.));
#2924=DIRECTION('ref_axis',(0.,0.,-1.));
#2925=DIRECTION('',(0.,0.,1.));
#2926=DIRECTION('',(1.,0.,0.));
#2927=DIRECTION('',(0.,0.,1.));
#2928=DIRECTION('center_axis',(-1.,-1.85037170770859E-16,0.));
#2929=DIRECTION('ref_axis',(0.,0.,1.));
#2930=DIRECTION('',(1.85037170770859E-16,-1.,6.81368250087246E-33));
#2931=DIRECTION('',(0.,0.,1.));
#2932=DIRECTION('',(-1.85037170770859E-16,1.,0.));
#2933=DIRECTION('',(0.,0.,1.));
#2934=DIRECTION('',(1.85037170770859E-16,-1.,0.));
#2935=DIRECTION('center_axis',(0.,0.,1.));
#2936=DIRECTION('ref_axis',(1.,0.,0.));
#2937=DIRECTION('',(0.,1.,0.));
#2938=DIRECTION('',(1.,2.96059473233375E-16,0.));
#2939=DIRECTION('center_axis',(-2.96059473233375E-16,1.,0.));
#2940=DIRECTION('ref_axis',(0.,0.,1.));
#2941=DIRECTION('',(0.,0.,-1.));
#2942=DIRECTION('',(1.,2.96059473233375E-16,0.));
#2943=DIRECTION('center_axis',(1.,0.,0.));
#2944=DIRECTION('ref_axis',(0.,0.,-1.));
#2945=DIRECTION('',(0.,-1.,0.));
#2946=DIRECTION('',(0.,0.,1.));
#2947=DIRECTION('',(0.,1.,-6.81368250087247E-33));
#2948=DIRECTION('center_axis',(0.,1.,0.));
#2949=DIRECTION('ref_axis',(0.,0.,1.));
#2950=DIRECTION('',(-1.,0.,4.31178345758336E-32));
#2951=DIRECTION('',(1.,0.,0.));
#2952=DIRECTION('center_axis',(4.31178345758336E-32,6.81368250087247E-33,
1.));
#2953=DIRECTION('ref_axis',(1.,0.,-4.31178345758336E-32));
#2954=DIRECTION('',(1.,-1.38777878078145E-16,3.27464271134847E-33));
#2955=DIRECTION('',(-1.85037170770859E-16,-1.,7.40987971969881E-32));
#2956=DIRECTION('',(1.,1.11022302462516E-15,-4.31178345758336E-32));
#2957=DIRECTION('',(4.44089209850063E-16,1.,-6.81368250087249E-33));
#2958=DIRECTION('',(1.,9.25185853854296E-17,0.));
#2959=DIRECTION('',(-2.22044604925031E-16,-1.,6.81368250087248E-33));
#2960=DIRECTION('',(1.,-3.16103610663796E-64,-4.31178345758336E-32));
#2961=DIRECTION('',(1.85037170770859E-16,1.,-7.40987971969881E-32));
#2962=DIRECTION('',(1.,-1.38777878078145E-16,3.27464271134847E-33));
#2963=DIRECTION('center_axis',(0.,0.342020143325669,-0.939692620785908));
#2964=DIRECTION('ref_axis',(-1.,0.,0.));
#2965=DIRECTION('center_axis',(3.69625158239323E-16,-0.34202014332567,0.939692620785908));
#2966=DIRECTION('ref_axis',(1.79974645864907E-31,-0.939692620785908,-0.34202014332567));
#2967=DIRECTION('center_axis',(3.69625158239323E-16,-0.34202014332567,0.939692620785908));
#2968=DIRECTION('ref_axis',(1.79974645864907E-31,-0.939692620785908,-0.34202014332567));
#2969=DIRECTION('center_axis',(0.,-0.939692620785908,-0.342020143325669));
#2970=DIRECTION('ref_axis',(1.,0.,0.));
#2971=DIRECTION('center_axis',(-1.87250129240443E-15,0.342020143325656,
-0.939692620785913));
#2972=DIRECTION('ref_axis',(0.,-0.939692620785913,-0.342020143325656));
#2973=DIRECTION('center_axis',(-1.87250129240443E-15,0.342020143325656,
-0.939692620785913));
#2974=DIRECTION('ref_axis',(0.,-0.939692620785913,-0.342020143325656));
#2975=DIRECTION('center_axis',(-1.87250129240443E-15,0.342020143325656,
-0.939692620785913));
#2976=DIRECTION('ref_axis',(0.,-0.939692620785913,-0.342020143325656));
#2977=DIRECTION('center_axis',(3.69625158239323E-16,-0.34202014332567,0.939692620785908));
#2978=DIRECTION('ref_axis',(1.79974645864907E-31,-0.939692620785908,-0.34202014332567));
#2979=DIRECTION('center_axis',(0.,-0.342020143325669,0.939692620785908));
#2980=DIRECTION('ref_axis',(0.,0.939692620785911,0.34202014332566));
#2981=DIRECTION('center_axis',(0.,0.,-1.));
#2982=DIRECTION('ref_axis',(6.50580893402324E-17,-1.,0.));
#2983=DIRECTION('',(-1.49246901315303E-17,-0.453990499739547,0.891006524188368));
#2984=DIRECTION('center_axis',(0.,0.342020143325669,-0.939692620785908));
#2985=DIRECTION('ref_axis',(0.,0.939692620785913,0.342020143325657));
#2986=DIRECTION('',(1.15079156022786E-16,0.766044443118986,0.64278760968653));
#2987=DIRECTION('center_axis',(0.,0.,-1.));
#2988=DIRECTION('ref_axis',(-1.,0.,0.));
#2989=DIRECTION('center_axis',(0.,0.,-1.));
#2990=DIRECTION('ref_axis',(1.,0.,0.));
#2991=DIRECTION('center_axis',(0.,0.,-1.));
#2992=DIRECTION('ref_axis',(-1.,0.,0.));
#2993=DIRECTION('center_axis',(0.,0.,-1.));
#2994=DIRECTION('ref_axis',(-1.,0.,0.));
#2995=DIRECTION('center_axis',(0.,0.,-1.));
#2996=DIRECTION('ref_axis',(-1.,0.,0.));
#2997=DIRECTION('center_axis',(0.,0.,-1.));
#2998=DIRECTION('ref_axis',(-1.,0.,0.));
#2999=DIRECTION('',(0.,0.,-1.));
#3000=DIRECTION('center_axis',(0.,0.,1.));
#3001=DIRECTION('ref_axis',(-1.,0.,0.));
#3002=DIRECTION('center_axis',(0.,0.,-1.));
#3003=DIRECTION('ref_axis',(-1.,0.,0.));
#3004=DIRECTION('center_axis',(0.,1.,0.));
#3005=DIRECTION('ref_axis',(0.,0.,1.));
#3006=DIRECTION('center_axis',(0.,-1.,0.));
#3007=DIRECTION('ref_axis',(-0.707106781186547,0.,-0.707106781186547));
#3008=DIRECTION('',(0.,0.,-1.));
#3009=DIRECTION('',(-1.,0.,0.));
#3010=DIRECTION('',(0.,0.,-1.));
#3011=DIRECTION('center_axis',(0.,1.,-1.93167898899736E-28));
#3012=DIRECTION('ref_axis',(0.707106781186547,0.,-0.707106781186547));
#3013=DIRECTION('',(0.,-1.,1.93167898899736E-28));
#3014=DIRECTION('center_axis',(0.,1.,0.));
#3015=DIRECTION('ref_axis',(0.707106781186547,0.,-0.707106781186547));
#3016=DIRECTION('',(0.,1.,-1.93167898899736E-28));
#3017=DIRECTION('center_axis',(0.,-1.,0.));
#3018=DIRECTION('ref_axis',(0.,0.,-1.));
#3019=DIRECTION('',(0.,0.,-1.));
#3020=DIRECTION('',(1.,0.,0.));
#3021=DIRECTION('',(0.,0.,-1.));
#3022=DIRECTION('center_axis',(1.,0.,0.));
#3023=DIRECTION('ref_axis',(0.,0.,-1.));
#3024=DIRECTION('',(0.,1.,0.));
#3025=DIRECTION('center_axis',(4.44089209850063E-16,1.,0.));
#3026=DIRECTION('ref_axis',(0.,0.,1.));
#3027=DIRECTION('center_axis',(-4.44089209850063E-16,-1.,0.));
#3028=DIRECTION('ref_axis',(-0.707106781186547,0.,-0.707106781186547));
#3029=DIRECTION('',(0.,0.,-1.));
#3030=DIRECTION('',(-1.,4.44089209850063E-16,0.));
#3031=DIRECTION('',(0.,0.,-1.));
#3032=DIRECTION('center_axis',(0.,1.,1.39701784025701E-28));
#3033=DIRECTION('ref_axis',(0.707106781186547,0.,-0.707106781186547));
#3034=DIRECTION('',(0.,-1.,-1.39701784025701E-28));
#3035=DIRECTION('center_axis',(0.,1.,0.));
#3036=DIRECTION('ref_axis',(0.707106781186547,0.,-0.707106781186547));
#3037=DIRECTION('',(0.,1.,1.39701784025701E-28));
#3038=DIRECTION('center_axis',(0.,-1.,0.));
#3039=DIRECTION('ref_axis',(0.,0.,-1.));
#3040=DIRECTION('',(0.,0.,-1.));
#3041=DIRECTION('',(1.,0.,0.));
#3042=DIRECTION('',(0.,0.,-1.));
#3043=DIRECTION('center_axis',(1.,0.,0.));
#3044=DIRECTION('ref_axis',(0.,0.,-1.));
#3045=DIRECTION('',(0.,1.,0.));
#3046=DIRECTION('center_axis',(2.63677968348475E-16,1.,0.));
#3047=DIRECTION('ref_axis',(0.,0.,1.));
#3048=DIRECTION('center_axis',(-2.63677968348475E-16,-1.,0.));
#3049=DIRECTION('ref_axis',(-0.707106781186547,0.,-0.707106781186547));
#3050=DIRECTION('',(0.,0.,-1.));
#3051=DIRECTION('',(-1.,2.63677968348475E-16,0.));
#3052=DIRECTION('',(0.,0.,-1.));
#3053=DIRECTION('center_axis',(0.,1.,-2.5755719853298E-28));
#3054=DIRECTION('ref_axis',(0.707106781186547,0.,-0.707106781186547));
#3055=DIRECTION('',(0.,-1.,2.5755719853298E-28));
#3056=DIRECTION('center_axis',(0.,1.,0.));
#3057=DIRECTION('ref_axis',(0.707106781186547,0.,-0.707106781186547));
#3058=DIRECTION('',(0.,1.,-2.5755719853298E-28));
#3059=DIRECTION('center_axis',(0.,-1.,0.));
#3060=DIRECTION('ref_axis',(0.,0.,-1.));
#3061=DIRECTION('',(0.,0.,-1.));
#3062=DIRECTION('',(1.,0.,0.));
#3063=DIRECTION('',(0.,0.,-1.));
#3064=DIRECTION('center_axis',(1.,0.,0.));
#3065=DIRECTION('ref_axis',(0.,0.,-1.));
#3066=DIRECTION('',(0.,1.,0.));
#3067=DIRECTION('center_axis',(-1.,0.,0.));
#3068=DIRECTION('ref_axis',(0.,0.,1.));
#3069=DIRECTION('',(0.,-1.,0.));
#3070=DIRECTION('center_axis',(-1.,0.,0.));
#3071=DIRECTION('ref_axis',(0.,0.,1.));
#3072=DIRECTION('',(0.,-1.,0.));
#3073=DIRECTION('center_axis',(-1.,0.,0.));
#3074=DIRECTION('ref_axis',(0.,0.,1.));
#3075=DIRECTION('',(0.,-1.,0.));
#3076=DIRECTION('center_axis',(1.,0.,0.));
#3077=DIRECTION('ref_axis',(0.,3.41607084500048E-16,1.));
#3078=DIRECTION('center_axis',(-1.,-9.25185853854297E-17,0.));
#3079=DIRECTION('ref_axis',(0.,3.41607084500048E-16,1.));
#3080=DIRECTION('',(-1.,0.,0.));
#3081=DIRECTION('center_axis',(-1.,9.25185853854297E-17,0.));
#3082=DIRECTION('ref_axis',(0.,3.41607084500048E-16,1.));
#3083=DIRECTION('center_axis',(1.,9.25185853854297E-17,0.));
#3084=DIRECTION('ref_axis',(0.,0.,-1.));
#3085=DIRECTION('center_axis',(1.,9.25185853854297E-17,0.));
#3086=DIRECTION('ref_axis',(0.,0.,-1.));
#3087=DIRECTION('center_axis',(-1.,-9.25185853854297E-17,0.));
#3088=DIRECTION('ref_axis',(0.,3.41607084500048E-16,1.));
#3089=DIRECTION('center_axis',(1.,0.,0.));
#3090=DIRECTION('ref_axis',(0.,3.41607084500048E-16,1.));
#3091=DIRECTION('',(-1.,0.,0.));
#3092=DIRECTION('center_axis',(-1.,9.25185853854297E-17,0.));
#3093=DIRECTION('ref_axis',(0.,3.41607084500048E-16,1.));
#3094=DIRECTION('center_axis',(-1.,6.79035489067373E-17,0.));
#3095=DIRECTION('ref_axis',(2.3196333369237E-32,3.41607084500048E-16,1.));
#3096=DIRECTION('center_axis',(-1.,0.,9.25185853854297E-17));
#3097=DIRECTION('ref_axis',(2.3196333369237E-32,3.41607084500048E-16,1.));
#3098=DIRECTION('',(1.,-6.79035489067373E-17,0.));
#3099=DIRECTION('center_axis',(1.,0.,-2.40548322002117E-15));
#3100=DIRECTION('ref_axis',(2.3196333369237E-32,3.41607084500048E-16,1.));
#3101=DIRECTION('center_axis',(-1.,6.79035489067373E-17,0.));
#3102=DIRECTION('ref_axis',(2.3196333369237E-32,3.41607084500048E-16,1.));
#3103=DIRECTION('center_axis',(-1.,1.85037170770859E-16,0.));
#3104=DIRECTION('ref_axis',(2.3196333369237E-32,3.41607084500048E-16,1.));
#3105=DIRECTION('',(1.,-6.79035489067373E-17,0.));
#3106=DIRECTION('center_axis',(1.,0.,0.));
#3107=DIRECTION('ref_axis',(2.3196333369237E-32,3.41607084500048E-16,1.));
#3108=DIRECTION('center_axis',(-1.,6.79035489067373E-17,0.));
#3109=DIRECTION('ref_axis',(2.3196333369237E-32,3.41607084500048E-16,1.));
#3110=DIRECTION('center_axis',(-1.,0.,2.4980018054066E-15));
#3111=DIRECTION('ref_axis',(2.3196333369237E-32,3.41607084500048E-16,1.));
#3112=DIRECTION('',(1.,-6.79035489067373E-17,0.));
#3113=DIRECTION('center_axis',(1.,-1.38777878078145E-16,0.));
#3114=DIRECTION('ref_axis',(2.3196333369237E-32,3.41607084500048E-16,1.));
#3115=DIRECTION('center_axis',(-1.,6.79035489067373E-17,0.));
#3116=DIRECTION('ref_axis',(2.3196333369237E-32,3.41607084500048E-16,1.));
#3117=DIRECTION('center_axis',(-1.,-9.25185853854297E-17,0.));
#3118=DIRECTION('ref_axis',(2.3196333369237E-32,3.41607084500048E-16,1.));
#3119=DIRECTION('',(1.,-6.79035489067373E-17,0.));
#3120=DIRECTION('center_axis',(1.,9.25185853854297E-17,0.));
#3121=DIRECTION('ref_axis',(2.3196333369237E-32,3.41607084500048E-16,1.));
#3122=DIRECTION('center_axis',(1.,9.25185853854297E-17,0.));
#3123=DIRECTION('ref_axis',(0.,0.,-1.));
#3124=DIRECTION('center_axis',(-1.,1.01855323360106E-16,0.));
#3125=DIRECTION('ref_axis',(3.47945000538555E-32,3.41607084500048E-16,1.));
#3126=DIRECTION('center_axis',(-1.,0.,9.25185853854297E-17));
#3127=DIRECTION('ref_axis',(3.47945000538555E-32,3.41607084500048E-16,1.));
#3128=DIRECTION('',(1.,-1.01855323360106E-16,0.));
#3129=DIRECTION('center_axis',(1.,0.,-2.40548322002117E-15));
#3130=DIRECTION('ref_axis',(3.47945000538555E-32,3.41607084500048E-16,1.));
#3131=DIRECTION('center_axis',(-1.,1.01855323360106E-16,0.));
#3132=DIRECTION('ref_axis',(3.47945000538555E-32,3.41607084500048E-16,1.));
#3133=DIRECTION('center_axis',(-1.,1.85037170770859E-16,0.));
#3134=DIRECTION('ref_axis',(3.47945000538555E-32,3.41607084500048E-16,1.));
#3135=DIRECTION('',(1.,-1.01855323360106E-16,0.));
#3136=DIRECTION('center_axis',(1.,0.,0.));
#3137=DIRECTION('ref_axis',(3.47945000538555E-32,3.41607084500048E-16,1.));
#3138=DIRECTION('center_axis',(-1.,1.01855323360106E-16,0.));
#3139=DIRECTION('ref_axis',(3.47945000538555E-32,3.41607084500048E-16,1.));
#3140=DIRECTION('center_axis',(-1.,0.,2.4980018054066E-15));
#3141=DIRECTION('ref_axis',(3.47945000538555E-32,3.41607084500048E-16,1.));
#3142=DIRECTION('',(1.,-1.01855323360106E-16,0.));
#3143=DIRECTION('center_axis',(1.,-1.38777878078145E-16,0.));
#3144=DIRECTION('ref_axis',(3.47945000538555E-32,3.41607084500048E-16,1.));
#3145=DIRECTION('center_axis',(-1.,1.01855323360106E-16,0.));
#3146=DIRECTION('ref_axis',(3.47945000538555E-32,3.41607084500048E-16,1.));
#3147=DIRECTION('center_axis',(-1.,-9.25185853854297E-17,0.));
#3148=DIRECTION('ref_axis',(3.47945000538555E-32,3.41607084500048E-16,1.));
#3149=DIRECTION('',(1.,-1.01855323360106E-16,0.));
#3150=DIRECTION('center_axis',(1.,9.25185853854297E-17,0.));
#3151=DIRECTION('ref_axis',(3.47945000538555E-32,3.41607084500048E-16,1.));
#3152=DIRECTION('center_axis',(1.,9.25185853854297E-17,0.));
#3153=DIRECTION('ref_axis',(0.,0.,-1.));
#3154=DIRECTION('center_axis',(-1.,-1.749530290375E-31,0.));
#3155=DIRECTION('ref_axis',(0.,0.707106781186548,0.707106781186548));
#3156=DIRECTION('center_axis',(1.,0.,0.));
#3157=DIRECTION('ref_axis',(0.,0.707106781186548,0.707106781186548));
#3158=DIRECTION('',(1.,1.749530290375E-31,0.));
#3159=DIRECTION('center_axis',(-1.,0.,9.25185853854297E-17));
#3160=DIRECTION('ref_axis',(0.,0.707106781186548,0.707106781186548));
#3161=DIRECTION('',(-1.,-1.749530290375E-31,0.));
#3162=DIRECTION('center_axis',(0.,0.,1.));
#3163=DIRECTION('ref_axis',(1.,0.,0.));
#3164=DIRECTION('',(0.,-1.,0.));
#3165=DIRECTION('',(-1.,-1.86518998058706E-31,0.));
#3166=DIRECTION('',(0.,-1.,0.));
#3167=DIRECTION('center_axis',(-1.,0.,0.));
#3168=DIRECTION('ref_axis',(0.,0.,1.));
#3169=DIRECTION('',(0.,0.,-1.));
#3170=DIRECTION('center_axis',(1.,0.,0.));
#3171=DIRECTION('ref_axis',(0.,0.707106781186548,-0.707106781186548));
#3172=DIRECTION('',(0.,-1.,0.));
#3173=DIRECTION('center_axis',(1.,0.,0.));
#3174=DIRECTION('ref_axis',(0.,-0.707106781186548,-0.707106781186548));
#3175=DIRECTION('',(0.,0.,1.));
#3176=DIRECTION('center_axis',(1.,0.,0.));
#3177=DIRECTION('ref_axis',(0.,-0.707106781186548,0.707106781186547));
#3178=DIRECTION('center_axis',(1.,1.749530290375E-31,0.));
#3179=DIRECTION('ref_axis',(0.,0.707106781186548,-0.707106781186548));
#3180=DIRECTION('center_axis',(-1.,0.,9.25185853854297E-17));
#3181=DIRECTION('ref_axis',(0.,0.707106781186548,-0.707106781186548));
#3182=DIRECTION('',(-1.,-1.749530290375E-31,0.));
#3183=DIRECTION('',(1.,1.749530290375E-31,0.));
#3184=DIRECTION('center_axis',(0.,0.,-1.));
#3185=DIRECTION('ref_axis',(-1.,0.,0.));
#3186=DIRECTION('',(0.,-1.,0.));
#3187=DIRECTION('',(1.,1.86518998058706E-31,0.));
#3188=DIRECTION('center_axis',(1.,0.,-9.25185853854297E-17));
#3189=DIRECTION('ref_axis',(-9.25185853854297E-17,0.,-1.));
#3190=DIRECTION('center_axis',(-1.,0.,9.25185853854297E-17));
#3191=DIRECTION('ref_axis',(0.,-0.707106781186548,0.707106781186547));
#3192=DIRECTION('',(-9.25185853854297E-17,0.,-1.));
#3193=DIRECTION('center_axis',(-1.,0.,9.25185853854297E-17));
#3194=DIRECTION('ref_axis',(0.,-0.707106781186548,-0.707106781186548));
#3195=DIRECTION('',(9.25185853854297E-17,0.,1.));
#3196=DIRECTION('center_axis',(-1.,-1.86518998058706E-31,0.));
#3197=DIRECTION('ref_axis',(0.,-0.707106781186548,-0.707106781186548));
#3198=DIRECTION('',(-1.,-1.86518998058706E-31,0.));
#3199=DIRECTION('center_axis',(-1.86518998058706E-31,1.,3.93097903844883E-30));
#3200=DIRECTION('ref_axis',(0.,-3.93097903844883E-30,1.));
#3201=DIRECTION('',(1.,1.86518998058706E-31,0.));
#3202=DIRECTION('center_axis',(1.,1.86518998058706E-31,0.));
#3203=DIRECTION('ref_axis',(0.,-0.707106781186548,0.707106781186547));
#3204=DIRECTION('center_axis',(-1.749530290375E-31,1.,3.31381808050297E-30));
#3205=DIRECTION('ref_axis',(0.,-3.31381808050297E-30,1.));
#3206=DIRECTION('center_axis',(0.,0.,1.));
#3207=DIRECTION('ref_axis',(1.,0.,0.));
#3208=DIRECTION('center_axis',(-3.27464271134846E-33,7.40987971969881E-32,
1.));
#3209=DIRECTION('ref_axis',(1.,2.42647086160805E-64,3.27464271134846E-33));
#3210=DIRECTION('',(1.,-1.85037170770859E-16,0.));
#3211=DIRECTION('center_axis',(1.84118866488242E-17,0.0995037190209988,
-0.995037190209989));
#3212=DIRECTION('ref_axis',(-1.,0.,-1.85037170770859E-17));
#3213=DIRECTION('',(-1.84118866488242E-16,-0.995037190209989,-0.0995037190209988));
#3214=DIRECTION('',(1.,-1.85037170770859E-16,3.16197453556113E-32));
#3215=DIRECTION('',(1.,-1.85037170770859E-16,3.16197453556113E-32));
#3216=DIRECTION('',(1.84118866488242E-16,0.995037190209989,0.0995037190209988));
#3217=DIRECTION('',(-1.,1.38777878078145E-16,-4.62592926927147E-18));
#3218=DIRECTION('center_axis',(-1.38777878078145E-16,-1.,0.));
#3219=DIRECTION('ref_axis',(0.,0.,-1.));
#3220=DIRECTION('',(0.,0.,-1.));
#3221=DIRECTION('',(0.,0.,-1.));
#3222=DIRECTION('center_axis',(-1.,1.85037170770859E-16,0.));
#3223=DIRECTION('ref_axis',(0.,0.,1.));
#3224=DIRECTION('',(-1.85037170770859E-16,-1.,7.40987971969881E-32));
#3225=DIRECTION('center_axis',(1.,-1.85037170770859E-16,0.));
#3226=DIRECTION('ref_axis',(4.74075063233781E-32,-5.12410626750072E-16,
-1.));
#3227=DIRECTION('',(-1.85037170770859E-16,-1.,6.81368250087248E-33));
#3228=DIRECTION('',(0.,0.,-1.));
#3229=DIRECTION('center_axis',(-1.,-9.25185853854309E-17,0.));
#3230=DIRECTION('ref_axis',(4.74075063233788E-32,-5.12410626750072E-16,
-1.));
#3231=DIRECTION('center_axis',(1.,9.25185853854297E-17,0.));
#3232=DIRECTION('ref_axis',(4.74075063233781E-32,-5.12410626750072E-16,
-1.));
#3233=DIRECTION('',(1.,9.2518585385431E-17,0.));
#3234=DIRECTION('center_axis',(1.,9.25185853854297E-17,0.));
#3235=DIRECTION('ref_axis',(4.74075063233788E-32,-5.12410626750072E-16,
-1.));
#3236=DIRECTION('center_axis',(1.,9.25185853854297E-17,0.));
#3237=DIRECTION('ref_axis',(0.,0.,-1.));
#3238=DIRECTION('center_axis',(-1.,-9.25185853854297E-17,0.));
#3239=DIRECTION('ref_axis',(0.,0.,1.));
#3240=DIRECTION('',(9.25185853854297E-17,-1.,1.02205237513087E-32));
#3241=DIRECTION('',(0.,0.,-1.));
#3242=DIRECTION('',(2.92849931573391E-64,-1.,-1.53307856269607E-32));
#3243=DIRECTION('center_axis',(1.,9.25185853854297E-17,0.));
#3244=DIRECTION('ref_axis',(5.23364152894591E-16,-0.707106781186547,-0.707106781186548));
#3245=DIRECTION('center_axis',(-1.,-9.25185853854297E-17,0.));
#3246=DIRECTION('ref_axis',(0.,0.707106781186548,-0.707106781186548));
#3247=DIRECTION('',(0.,0.,-1.));
#3248=DIRECTION('',(9.25185853854297E-17,-1.,1.02205237513087E-32));
#3249=DIRECTION('center_axis',(1.,9.25185853854296E-17,0.));
#3250=DIRECTION('ref_axis',(4.74075063233781E-32,-5.12410626750072E-16,
-1.));
#3251=DIRECTION('',(-1.,-9.25185853854296E-17,0.));
#3252=DIRECTION('center_axis',(-1.,1.85037170770859E-16,0.));
#3253=DIRECTION('ref_axis',(4.74075063233781E-32,-5.12410626750072E-16,
-1.));
#3254=DIRECTION('center_axis',(1.,-1.85037170770859E-16,0.));
#3255=DIRECTION('ref_axis',(4.74075063233781E-32,-5.12410626750072E-16,
-1.));
#3256=DIRECTION('center_axis',(1.,9.25185853854296E-17,0.));
#3257=DIRECTION('ref_axis',(4.74075063233781E-32,-5.12410626750072E-16,
-1.));
#3258=DIRECTION('center_axis',(-1.,-9.25185853854297E-17,0.));
#3259=DIRECTION('ref_axis',(4.74075063233781E-32,-5.12410626750072E-16,
-1.));
#3260=DIRECTION('',(-1.,-9.25185853854296E-17,0.));
#3261=DIRECTION('center_axis',(-1.,9.25185853854297E-17,0.));
#3262=DIRECTION('ref_axis',(4.74075063233781E-32,-5.12410626750072E-16,
-1.));
#3263=DIRECTION('center_axis',(1.,9.25185853854296E-17,0.));
#3264=DIRECTION('ref_axis',(4.74075063233781E-32,-5.12410626750072E-16,
-1.));
#3265=DIRECTION('center_axis',(1.,-1.38777878078145E-16,0.));
#3266=DIRECTION('ref_axis',(4.74075063233781E-32,-5.12410626750072E-16,
-1.));
#3267=DIRECTION('',(-1.,-9.25185853854296E-17,0.));
#3268=DIRECTION('center_axis',(-1.,1.85037170770859E-16,0.));
#3269=DIRECTION('ref_axis',(4.74075063233781E-32,-5.12410626750072E-16,
-1.));
#3270=DIRECTION('center_axis',(-1.,1.85037170770859E-16,0.));
#3271=DIRECTION('ref_axis',(4.74075063233781E-32,-5.12410626750072E-16,
-1.));
#3272=DIRECTION('center_axis',(1.,9.25185853854296E-17,0.));
#3273=DIRECTION('ref_axis',(4.74075063233781E-32,-5.12410626750072E-16,
-1.));
#3274=DIRECTION('center_axis',(1.,-2.22044604925031E-16,0.));
#3275=DIRECTION('ref_axis',(4.74075063233781E-32,-5.12410626750072E-16,
-1.));
#3276=DIRECTION('center_axis',(-1.,4.44089209850063E-16,0.));
#3277=DIRECTION('ref_axis',(4.74075063233781E-32,-5.12410626750072E-16,
-1.));
#3278=DIRECTION('center_axis',(-1.,4.44089209850063E-16,0.));
#3279=DIRECTION('ref_axis',(4.74075063233781E-32,-5.12410626750072E-16,
-1.));
#3280=DIRECTION('',(-1.,-9.25185853854296E-17,0.));
#3281=DIRECTION('center_axis',(1.,-2.22044604925031E-16,0.));
#3282=DIRECTION('ref_axis',(4.74075063233781E-32,-5.12410626750072E-16,
-1.));
#3283=DIRECTION('center_axis',(1.,9.25185853854297E-17,0.));
#3284=DIRECTION('ref_axis',(0.,0.,-1.));
#3285=DIRECTION('center_axis',(-1.,1.85037170770859E-16,0.));
#3286=DIRECTION('ref_axis',(0.,0.,1.));
#3287=DIRECTION('',(-1.85037170770859E-16,-1.,7.40987971969881E-32));
#3288=DIRECTION('',(0.,0.,-1.));
#3289=DIRECTION('',(-1.85037170770859E-16,-1.,6.81368250087248E-33));
#3290=DIRECTION('center_axis',(1.,-4.44089209850063E-16,0.));
#3291=DIRECTION('ref_axis',(0.,0.,-1.));
#3292=DIRECTION('',(0.,0.,-1.));
#3293=DIRECTION('',(4.44089209850063E-16,1.,-6.81368250087249E-33));
#3294=DIRECTION('center_axis',(-1.,2.22044604925031E-16,0.));
#3295=DIRECTION('ref_axis',(0.,0.,1.));
#3296=DIRECTION('',(-2.22044604925031E-16,-1.,6.81368250087248E-33));
#3297=DIRECTION('',(0.,0.,-1.));
#3298=DIRECTION('center_axis',(1.00777288901927E-31,-2.86026434090287E-31,
1.));
#3299=DIRECTION('ref_axis',(1.,0.,-1.00777288901927E-31));
#3300=DIRECTION('',(1.,1.11022302462516E-15,-4.31178345758336E-32));
#3301=DIRECTION('',(-1.,2.08166817117217E-16,4.31178345758336E-32));
#3302=DIRECTION('',(1.85037170770859E-16,1.,-6.81368250087248E-33));
#3303=DIRECTION('',(1.85037170770859E-16,1.,-6.81368250087248E-33));
#3304=DIRECTION('',(1.,-3.16103610663796E-64,-4.31178345758336E-32));
#3305=DIRECTION('',(-2.22044604925031E-16,-1.,6.81368250087248E-33));
#3306=DIRECTION('',(1.,-9.25185853854297E-17,-4.31178345758336E-32));
#3307=DIRECTION('',(4.44089209850063E-16,1.,-6.81368250087249E-33));
#3308=DIRECTION('center_axis',(1.,-1.85037170770859E-16,0.));
#3309=DIRECTION('ref_axis',(0.,0.,-1.));
#3310=DIRECTION('',(0.,0.,-1.));
#3311=DIRECTION('',(1.85037170770859E-16,1.,-7.40987971969881E-32));
#3312=DIRECTION('center_axis',(1.,-1.85037170770859E-16,0.));
#3313=DIRECTION('ref_axis',(0.,0.,-1.));
#3314=DIRECTION('',(0.,0.,-1.));
#3315=DIRECTION('',(1.85037170770859E-16,1.,-7.40987971969881E-32));
#3316=DIRECTION('center_axis',(-1.,1.38777878078145E-16,0.));
#3317=DIRECTION('ref_axis',(0.,0.,1.));
#3318=DIRECTION('',(-1.38777878078145E-16,-1.,7.40987971969881E-32));
#3319=DIRECTION('',(0.,0.,-1.));
#3320=DIRECTION('',(2.92849931573391E-64,-1.,-1.53307856269607E-32));
#3321=DIRECTION('center_axis',(1.,-1.38777878078145E-16,0.));
#3322=DIRECTION('ref_axis',(0.,-0.707106781186547,-0.707106781186548));
#3323=DIRECTION('center_axis',(-1.,1.38777878078145E-16,0.));
#3324=DIRECTION('ref_axis',(0.,0.707106781186547,-0.707106781186548));
#3325=DIRECTION('',(0.,0.,-1.));
#3326=DIRECTION('',(-1.38777878078145E-16,-1.,7.40987971969881E-32));
#3327=DIRECTION('center_axis',(1.,-9.25185853854297E-17,0.));
#3328=DIRECTION('ref_axis',(0.,0.,-1.));
#3329=DIRECTION('',(9.25185853854297E-17,1.,-1.02205237513087E-32));
#3330=DIRECTION('',(0.,0.,-1.));
#3331=DIRECTION('center_axis',(1.,-9.25185853854297E-17,0.));
#3332=DIRECTION('ref_axis',(0.,0.707106781186547,-0.707106781186548));
#3333=DIRECTION('center_axis',(-1.,9.25185853854297E-17,0.));
#3334=DIRECTION('ref_axis',(0.,-0.707106781186547,-0.707106781186548));
#3335=DIRECTION('',(9.25185853854297E-17,1.,1.53307856269622E-32));
#3336=DIRECTION('',(0.,0.,-1.));
#3337=DIRECTION('',(9.25185853854297E-17,1.,-1.02205237513087E-32));
#3338=DIRECTION('center_axis',(1.,-1.85037170770859E-16,0.));
#3339=DIRECTION('ref_axis',(0.,0.,-1.));
#3340=DIRECTION('',(1.85037170770859E-16,1.,-7.40987971969881E-32));
#3341=DIRECTION('',(0.,0.,-1.));
#3342=DIRECTION('center_axis',(1.,-1.85037170770859E-16,0.));
#3343=DIRECTION('ref_axis',(0.,0.707106781186548,-0.707106781186548));
#3344=DIRECTION('center_axis',(-1.,1.85037170770859E-16,0.));
#3345=DIRECTION('ref_axis',(5.23364152894591E-16,-0.707106781186547,-0.707106781186548));
#3346=DIRECTION('',(1.85037170770859E-16,1.,1.53307856269638E-32));
#3347=DIRECTION('',(0.,0.,-1.));
#3348=DIRECTION('',(1.85037170770859E-16,1.,-7.40987971969881E-32));
#3349=DIRECTION('center_axis',(1.11022302462516E-15,-1.,0.));
#3350=DIRECTION('ref_axis',(0.,0.,-1.));
#3351=DIRECTION('center_axis',(1.,-4.44089209850063E-16,0.));
#3352=DIRECTION('ref_axis',(0.,0.,-1.));
#3353=DIRECTION('',(0.,0.,-1.));
#3354=DIRECTION('',(4.44089209850063E-16,1.,-6.81368250087249E-33));
#3355=DIRECTION('center_axis',(-9.25185853854297E-17,-1.,0.));
#3356=DIRECTION('ref_axis',(0.,0.,-1.));
#3357=DIRECTION('',(0.,0.,-1.));
#3358=DIRECTION('',(1.,-9.25185853854297E-17,-4.31178345758336E-32));
#3359=DIRECTION('center_axis',(-1.,2.22044604925031E-16,0.));
#3360=DIRECTION('ref_axis',(0.,0.,1.));
#3361=DIRECTION('',(-2.22044604925031E-16,-1.,6.81368250087248E-33));
#3362=DIRECTION('center_axis',(-3.16103610663796E-64,-1.,0.));
#3363=DIRECTION('ref_axis',(0.,0.,-1.));
#3364=DIRECTION('center_axis',(-3.16197453556113E-32,-1.81698200023266E-32,
1.));
#3365=DIRECTION('ref_axis',(1.,0.,3.16197453556113E-32));
#3366=DIRECTION('',(-1.,2.08166817117217E-16,-3.27464271134848E-33));
#3367=DIRECTION('center_axis',(-3.27464271134846E-33,7.40987971969881E-32,
1.));
#3368=DIRECTION('ref_axis',(1.,2.42647086160805E-64,3.27464271134846E-33));
#3369=DIRECTION('center_axis',(-3.27464271134846E-33,7.40987971969881E-32,
1.));
#3370=DIRECTION('ref_axis',(1.,2.42647086160805E-64,3.27464271134846E-33));
#3371=DIRECTION('center_axis',(2.08166817117217E-16,1.,0.));
#3372=DIRECTION('ref_axis',(0.,0.,1.));
#3373=DIRECTION('center_axis',(4.31178345758336E-32,6.81368250087247E-33,
1.));
#3374=DIRECTION('ref_axis',(1.,0.,-4.31178345758336E-32));
#3375=DIRECTION('center_axis',(0.,-6.16297582203916E-32,-1.));
#3376=DIRECTION('ref_axis',(1.,4.08316476022318E-65,0.));
#3377=DIRECTION('',(0.,6.16297582203916E-32,1.));
#3378=DIRECTION('center_axis',(-3.27464271134846E-33,7.40987971969881E-32,
1.));
#3379=DIRECTION('ref_axis',(1.,4.08316476022318E-65,0.));
#3380=DIRECTION('center_axis',(-1.38777878078145E-16,-1.,7.40987971969881E-32));
#3381=DIRECTION('ref_axis',(0.707106781186548,0.,0.707106781186548));
#3382=DIRECTION('center_axis',(0.,1.,0.));
#3383=DIRECTION('ref_axis',(0.707106781186548,0.,0.707106781186548));
#3384=DIRECTION('center_axis',(0.,-1.,0.));
#3385=DIRECTION('ref_axis',(0.707106781186548,0.,0.707106781186548));
#3386=DIRECTION('',(1.38777878078145E-16,1.,-7.40987971969881E-32));
#3387=DIRECTION('center_axis',(9.25185853854297E-17,1.,-1.02205237513087E-32));
#3388=DIRECTION('ref_axis',(0.707106781186547,0.,0.707106781186548));
#3389=DIRECTION('',(-9.25185853854297E-17,-1.,1.02205237513087E-32));
#3390=DIRECTION('center_axis',(0.,1.,0.));
#3391=DIRECTION('ref_axis',(0.707106781186547,0.,0.707106781186548));
#3392=DIRECTION('center_axis',(0.,-1.,0.));
#3393=DIRECTION('ref_axis',(0.707106781186547,0.,0.707106781186548));
#3394=DIRECTION('',(-9.25185853854297E-17,-1.,1.02205237513087E-32));
#3395=DIRECTION('center_axis',(0.,1.,0.));
#3396=DIRECTION('ref_axis',(0.,0.,1.));
#3397=DIRECTION('',(-1.,2.56363172898755E-61,-1.67412179046437E-29));
#3398=DIRECTION('',(-1.,0.,0.));
#3399=DIRECTION('center_axis',(0.,1.,0.));
#3400=DIRECTION('ref_axis',(-0.707106781186548,0.,0.707106781186548));
#3401=DIRECTION('',(-1.,2.56363172898755E-61,-1.67412179046437E-29));
#3402=DIRECTION('center_axis',(0.,-1.,0.));
#3403=DIRECTION('ref_axis',(-0.707106781186548,0.,0.707106781186548));
#3404=DIRECTION('',(-1.,0.,0.));
#3405=DIRECTION('center_axis',(-7.53645052976784E-50,1.02205237513087E-32,
1.));
#3406=DIRECTION('ref_axis',(1.,0.,7.53645052976784E-50));
#3407=DIRECTION('center_axis',(0.,0.,1.));
#3408=DIRECTION('ref_axis',(1.,0.,0.));
#3409=DIRECTION('',(-9.25185853854297E-17,1.,-1.02205237513087E-32));
#3410=DIRECTION('',(1.,0.,0.));
#3411=DIRECTION('center_axis',(0.,-1.,0.));
#3412=DIRECTION('ref_axis',(0.,0.,-1.));
#3413=DIRECTION('center_axis',(0.,1.,0.));
#3414=DIRECTION('ref_axis',(-0.707106781186548,0.,0.707106781186548));
#3415=DIRECTION('',(-1.,0.,-1.47911419728941E-28));
#3416=DIRECTION('center_axis',(0.,-1.,0.));
#3417=DIRECTION('ref_axis',(-0.707106781186548,0.,0.707106781186548));
#3418=DIRECTION('',(1.,0.,0.));
#3419=DIRECTION('',(-1.,0.,6.10778499378213E-29));
#3420=DIRECTION('center_axis',(9.25185853854297E-17,-1.,1.02205237513087E-32));
#3421=DIRECTION('ref_axis',(-0.707106781186548,0.,0.707106781186548));
#3422=DIRECTION('',(-9.25185853854297E-17,1.,-1.02205237513087E-32));
#3423=DIRECTION('center_axis',(1.85037170770859E-16,1.,-7.40987971969881E-32));
#3424=DIRECTION('ref_axis',(-0.707106781186548,0.,0.707106781186548));
#3425=DIRECTION('',(-1.85037170770859E-16,-1.,7.40987971969881E-32));
#3426=DIRECTION('center_axis',(1.,0.,1.47911419728941E-28));
#3427=DIRECTION('ref_axis',(0.,0.707106781186548,-0.707106781186548));
#3428=DIRECTION('',(-1.,-1.11022302462516E-15,-1.47911419728941E-28));
#3429=DIRECTION('center_axis',(1.,0.,-6.10778499378213E-29));
#3430=DIRECTION('ref_axis',(0.,0.707106781186547,-0.707106781186548));
#3431=DIRECTION('',(-1.,2.56363172898755E-61,6.10778499378213E-29));
#3432=DIRECTION('center_axis',(1.,-2.56363172898755E-61,-1.47911419728941E-28));
#3433=DIRECTION('ref_axis',(0.,-0.707106781186547,-0.707106781186548));
#3434=DIRECTION('',(1.,-2.56363172898755E-61,-1.47911419728941E-28));
#3435=DIRECTION('center_axis',(1.47911419728941E-28,-7.54274652846587E-30,
1.));
#3436=DIRECTION('ref_axis',(1.,0.,-1.47911419728941E-28));
#3437=DIRECTION('center_axis',(-8.90412029214021E-29,-8.27862423856006E-30,
1.));
#3438=DIRECTION('ref_axis',(1.,0.,8.90412029214021E-29));
#3439=DIRECTION('',(1.,1.11022302462516E-15,8.90412029214021E-29));
#3440=DIRECTION('center_axis',(-1.,-1.11022302462516E-15,-1.47911419728941E-28));
#3441=DIRECTION('ref_axis',(5.23364152894592E-16,-0.707106781186548,0.707106781186547));
#3442=DIRECTION('center_axis',(-7.53645052976784E-50,1.02205237513087E-32,
1.));
#3443=DIRECTION('ref_axis',(1.,0.,7.53645052976784E-50));
#3444=DIRECTION('center_axis',(0.,0.,1.));
#3445=DIRECTION('ref_axis',(1.,0.,0.));
#3446=DIRECTION('center_axis',(-3.27464271134846E-33,7.40987971969881E-32,
1.));
#3447=DIRECTION('ref_axis',(1.,0.,3.27464271134846E-33));
#3448=DIRECTION('center_axis',(0.,0.,-1.));
#3449=DIRECTION('ref_axis',(1.,0.,0.));
#3450=DIRECTION('',(0.,0.,1.));
#3451=DIRECTION('center_axis',(0.,0.,1.));
#3452=DIRECTION('ref_axis',(1.,0.,0.));
#3453=DIRECTION('center_axis',(0.,0.,1.));
#3454=DIRECTION('ref_axis',(1.,0.,0.));
#3455=DIRECTION('',(-0.866025403784439,-0.5,0.));
#3456=DIRECTION('',(-1.60246890531964E-16,-1.,0.));
#3457=DIRECTION('',(0.866025403784438,-0.5,0.));
#3458=DIRECTION('',(0.866025403784439,0.5,0.));
#3459=DIRECTION('',(6.40987562127855E-16,1.,0.));
#3460=DIRECTION('',(-0.866025403784438,0.500000000000001,0.));
#3461=DIRECTION('center_axis',(0.,0.,-1.));
#3462=DIRECTION('ref_axis',(-1.,0.,0.));
#3463=DIRECTION('center_axis',(-1.,1.60246890531964E-16,0.));
#3464=DIRECTION('ref_axis',(0.,0.,1.));
#3465=DIRECTION('',(-1.60246890531964E-16,-1.,0.));
#3466=DIRECTION('',(0.,0.,-1.));
#3467=DIRECTION('',(0.,0.,-1.));
#3468=DIRECTION('center_axis',(-0.5,-0.866025403784438,0.));
#3469=DIRECTION('ref_axis',(0.,0.,1.));
#3470=DIRECTION('',(0.866025403784438,-0.5,0.));
#3471=DIRECTION('',(0.,0.,-1.));
#3472=DIRECTION('center_axis',(0.5,-0.866025403784439,0.));
#3473=DIRECTION('ref_axis',(0.,0.,-1.));
#3474=DIRECTION('',(0.866025403784439,0.5,0.));
#3475=DIRECTION('',(0.,0.,-1.));
#3476=DIRECTION('center_axis',(1.,-6.40987562127855E-16,0.));
#3477=DIRECTION('ref_axis',(0.,0.,-1.));
#3478=DIRECTION('',(6.40987562127855E-16,1.,0.));
#3479=DIRECTION('',(0.,0.,-1.));
#3480=DIRECTION('center_axis',(0.500000000000001,0.866025403784438,0.));
#3481=DIRECTION('ref_axis',(0.,0.,-1.));
#3482=DIRECTION('',(-0.866025403784438,0.500000000000001,0.));
#3483=DIRECTION('',(0.,0.,-1.));
#3484=DIRECTION('center_axis',(-0.5,0.866025403784439,0.));
#3485=DIRECTION('ref_axis',(0.,0.,1.));
#3486=DIRECTION('',(-0.866025403784439,-0.5,0.));
#3487=DIRECTION('center_axis',(0.,0.,1.));
#3488=DIRECTION('ref_axis',(1.,0.,0.));
#3489=DIRECTION('center_axis',(0.,0.,-1.));
#3490=DIRECTION('ref_axis',(-1.,0.,0.));
#3491=DIRECTION('center_axis',(0.,0.,1.));
#3492=DIRECTION('ref_axis',(-1.,0.,0.));
#3493=DIRECTION('',(-0.707106781186547,8.65956056235493E-17,0.707106781186548));
#3494=DIRECTION('center_axis',(0.,0.,-1.));
#3495=DIRECTION('ref_axis',(-1.,0.,0.));
#3496=DIRECTION('center_axis',(0.,0.,1.));
#3497=DIRECTION('ref_axis',(-1.,0.,0.));
#3498=DIRECTION('',(0.,0.,-1.));
#3499=DIRECTION('center_axis',(0.,0.,-1.));
#3500=DIRECTION('ref_axis',(-1.,0.,0.));
#3501=DIRECTION('center_axis',(1.,-4.76957775061064E-30,-1.86984930463187E-14));
#3502=DIRECTION('ref_axis',(-1.3345785898812E-14,-0.707106781186549,-0.707106781186546));
#3503=DIRECTION('center_axis',(-1.,0.,2.4980018054066E-15));
#3504=DIRECTION('ref_axis',(-1.3345785898812E-14,-0.707106781186549,-0.707106781186546));
#3505=DIRECTION('',(-1.,4.76957775061064E-30,1.86984930463187E-14));
#3506=DIRECTION('center_axis',(1.,0.,-2.40548322002117E-15));
#3507=DIRECTION('ref_axis',(-1.3345785898812E-14,-0.707106781186549,-0.707106781186546));
#3508=DIRECTION('',(1.,-4.76957775061064E-30,-1.86984930463187E-14));
#3509=DIRECTION('center_axis',(4.76957775061065E-30,1.,1.94189951274854E-31));
#3510=DIRECTION('ref_axis',(0.,-1.94189951274854E-31,1.));
#3511=DIRECTION('',(2.4980018054066E-15,-3.93097903844883E-30,1.));
#3512=DIRECTION('',(1.,-4.76957775061064E-30,-1.40238697847386E-14));
#3513=DIRECTION('',(-2.40548322002117E-15,3.93097903844883E-30,-1.));
#3514=DIRECTION('center_axis',(1.,0.,-2.4980018054066E-15));
#3515=DIRECTION('ref_axis',(-2.4980018054066E-15,0.,-1.));
#3516=DIRECTION('',(0.,1.,0.));
#3517=DIRECTION('center_axis',(-1.,0.,2.4980018054066E-15));
#3518=DIRECTION('ref_axis',(-1.33457858988121E-14,0.707106781186548,-0.707106781186548));
#3519=DIRECTION('',(2.4980018054066E-15,-3.31381808050297E-30,1.));
#3520=DIRECTION('center_axis',(-1.,0.,2.4980018054066E-15));
#3521=DIRECTION('ref_axis',(1.02056009814445E-14,0.707106781186548,0.707106781186548));
#3522=DIRECTION('',(0.,1.,0.));
#3523=DIRECTION('center_axis',(-1.,0.,2.4980018054066E-15));
#3524=DIRECTION('ref_axis',(9.42055475210262E-15,-0.707106781186549,0.707106781186546));
#3525=DIRECTION('center_axis',(1.,1.74953029037562E-31,-1.86984930463187E-14));
#3526=DIRECTION('ref_axis',(-1.33457858988121E-14,0.707106781186548,-0.707106781186548));
#3527=DIRECTION('',(-1.,-1.74953029037561E-31,1.86984930463187E-14));
#3528=DIRECTION('center_axis',(1.,0.,-2.40548322002117E-15));
#3529=DIRECTION('ref_axis',(-1.33457858988121E-14,0.707106781186548,-0.707106781186548));
#3530=DIRECTION('',(1.,1.74953029037561E-31,-1.86984930463187E-14));
#3531=DIRECTION('center_axis',(-1.749530290375E-31,1.,3.31381808050297E-30));
#3532=DIRECTION('ref_axis',(0.,-3.31381808050297E-30,1.));
#3533=DIRECTION('',(-2.40548322002117E-15,3.31381808050297E-30,-1.));
#3534=DIRECTION('',(-1.,-1.74953029037546E-31,1.40238697847386E-14));
#3535=DIRECTION('center_axis',(-1.,0.,2.40548322002117E-15));
#3536=DIRECTION('ref_axis',(2.40548322002117E-15,0.,1.));
#3537=DIRECTION('center_axis',(1.,0.,-2.40548322002117E-15));
#3538=DIRECTION('ref_axis',(9.42055475210262E-15,-0.707106781186549,0.707106781186546));
#3539=DIRECTION('',(0.,1.,0.));
#3540=DIRECTION('center_axis',(1.,0.,-2.40548322002117E-15));
#3541=DIRECTION('ref_axis',(1.02056009814445E-14,0.707106781186548,0.707106781186548));
#3542=DIRECTION('',(0.,1.,0.));
#3543=DIRECTION('center_axis',(-1.,-1.74953029037546E-31,1.40238697847386E-14));
#3544=DIRECTION('ref_axis',(1.02056009814445E-14,0.707106781186548,0.707106781186548));
#3545=DIRECTION('',(1.,1.74953029037546E-31,-1.40238697847386E-14));
#3546=DIRECTION('center_axis',(1.40238697847386E-14,0.,1.));
#3547=DIRECTION('ref_axis',(1.,0.,-1.40238697847386E-14));
#3548=DIRECTION('',(-1.,4.76957775061064E-30,1.40238697847386E-14));
#3549=DIRECTION('center_axis',(-1.,4.76957775061064E-30,1.40238697847386E-14));
#3550=DIRECTION('ref_axis',(9.42055475210262E-15,-0.707106781186549,0.707106781186546));
#3551=DIRECTION('center_axis',(-1.86984930463187E-14,0.,-1.));
#3552=DIRECTION('ref_axis',(-1.,0.,1.86984930463187E-14));
#3553=DIRECTION('',(-2.22044604925031E-16,8.75811540203011E-47,1.));
#3554=DIRECTION('',(1.,-2.22044604925031E-16,2.22044604925031E-16));
#3555=DIRECTION('',(0.,0.,1.));
#3556=DIRECTION('',(1.,0.,0.));
#3557=CARTESIAN_POINT('',(0.,0.,0.));
#3558=CARTESIAN_POINT('',(0.,0.,0.));
#3559=CARTESIAN_POINT('Origin',(-1.31838984174237E-15,-1.38777878078145E-16,
1.));
#3560=CARTESIAN_POINT('',(4.5,-4.02045269626931E-18,1.));
#3561=CARTESIAN_POINT('Origin',(-1.80411241501588E-15,-5.55111512312578E-16,
1.));
#3562=CARTESIAN_POINT('',(4.,-6.5252792653637E-17,1.));
#3563=CARTESIAN_POINT('Origin',(-1.80411241501588E-15,-5.55111512312578E-16,
1.));
#3564=CARTESIAN_POINT('Origin',(-1.80411241501588E-15,-5.55111512312578E-16,
1.));
#3565=CARTESIAN_POINT('',(4.,-6.5252792653637E-17,3.));
#3566=CARTESIAN_POINT('',(4.,-6.5252792653637E-17,1.));
#3567=CARTESIAN_POINT('Origin',(-1.80411241501588E-15,-5.55111512312578E-16,
3.));
#3568=CARTESIAN_POINT('Origin',(6.,3.46410161513775,1.));
#3569=CARTESIAN_POINT('',(6.,3.46410161513775,3.));
#3570=CARTESIAN_POINT('',(6.,-3.46410161513775,3.));
#3571=CARTESIAN_POINT('',(6.,3.46410161513775,3.));
#3572=CARTESIAN_POINT('',(6.,-3.46410161513775,1.));
#3573=CARTESIAN_POINT('',(6.,-3.46410161513775,1.));
#3574=CARTESIAN_POINT('',(6.,3.46410161513775,1.));
#3575=CARTESIAN_POINT('',(6.,1.73205080756888,1.));
#3576=CARTESIAN_POINT('',(6.,3.46410161513775,1.));
#3577=CARTESIAN_POINT('Origin',(6.,-3.46410161513775,1.));
#3578=CARTESIAN_POINT('',(1.37582234132288E-15,-6.92820323027551,3.));
#3579=CARTESIAN_POINT('',(6.,-3.46410161513775,3.));
#3580=CARTESIAN_POINT('',(1.37582234132288E-15,-6.92820323027551,1.));
#3581=CARTESIAN_POINT('',(1.37582234132288E-15,-6.92820323027551,1.));
#3582=CARTESIAN_POINT('',(4.5,-4.33012701892219,1.));
#3583=CARTESIAN_POINT('Origin',(1.37582234132288E-15,-6.92820323027551,
1.));
#3584=CARTESIAN_POINT('',(-6.,-3.46410161513776,3.));
#3585=CARTESIAN_POINT('',(1.37582234132288E-15,-6.92820323027551,3.));
#3586=CARTESIAN_POINT('',(-6.,-3.46410161513776,1.));
#3587=CARTESIAN_POINT('',(-6.,-3.46410161513776,1.));
#3588=CARTESIAN_POINT('',(-1.5,-6.06217782649107,1.));
#3589=CARTESIAN_POINT('Origin',(-6.,-3.46410161513776,1.));
#3590=CARTESIAN_POINT('',(-6.,3.46410161513775,3.));
#3591=CARTESIAN_POINT('',(-6.,-3.46410161513776,3.));
#3592=CARTESIAN_POINT('',(-6.,3.46410161513775,1.));
#3593=CARTESIAN_POINT('',(-6.,3.46410161513775,1.));
#3594=CARTESIAN_POINT('',(-6.,-1.73205080756888,1.));
#3595=CARTESIAN_POINT('Origin',(-6.,3.46410161513775,1.));
#3596=CARTESIAN_POINT('',(-6.73710502027053E-15,6.92820323027551,3.));
#3597=CARTESIAN_POINT('',(-6.,3.46410161513775,3.));
#3598=CARTESIAN_POINT('',(-6.73710502027053E-15,6.92820323027551,1.));
#3599=CARTESIAN_POINT('',(-6.73710502027053E-15,6.92820323027551,1.));
#3600=CARTESIAN_POINT('',(-4.5,4.33012701892219,1.));
#3601=CARTESIAN_POINT('Origin',(-6.73710502027053E-15,6.92820323027551,
1.));
#3602=CARTESIAN_POINT('',(-6.73710502027053E-15,6.92820323027551,3.));
#3603=CARTESIAN_POINT('',(1.49999999999999,6.06217782649107,1.));
#3604=CARTESIAN_POINT('Origin',(-1.2490009027033E-15,-1.05134756119806E-16,
3.));
#3605=CARTESIAN_POINT('Origin',(-1.80411241501588E-15,-5.55111512312578E-16,
0.));
#3606=CARTESIAN_POINT('',(4.5,-4.02045269626931E-18,0.));
#3607=CARTESIAN_POINT('Origin',(-1.80411241501588E-15,-5.55111512312578E-16,
0.));
#3608=CARTESIAN_POINT('',(4.5,-4.02045269626931E-18,0.));
#3609=CARTESIAN_POINT('Origin',(-1.80411241501588E-15,-5.55111512312578E-16,
0.));
#3610=CARTESIAN_POINT('',(7.7,3.87866523030883E-16,1.));
#3611=CARTESIAN_POINT('Origin',(-1.80411241501588E-15,-5.55111512312578E-16,
1.));
#3612=CARTESIAN_POINT('',(7.7,3.87866523030883E-16,0.));
#3613=CARTESIAN_POINT('',(7.7,3.87866523030883E-16,0.));
#3614=CARTESIAN_POINT('Origin',(-1.80411241501588E-15,-5.55111512312578E-16,
0.));
#3615=CARTESIAN_POINT('Origin',(-1.80411241501588E-15,-5.55111512312578E-16,
1.));
#3616=CARTESIAN_POINT('Origin',(-1.80411241501588E-15,-5.55111512312578E-16,
0.));
#3617=CARTESIAN_POINT('',(0.,0.,0.));
#3618=CARTESIAN_POINT('Origin',(5.55111512312578E-15,4.8,-21.3));
#3619=CARTESIAN_POINT('',(0.625000000000006,4.8,-21.3));
#3620=CARTESIAN_POINT('Origin',(5.55111512312578E-15,4.8,-21.3));
#3621=CARTESIAN_POINT('',(0.625000000000005,4.,-21.3));
#3622=CARTESIAN_POINT('',(0.625000000000006,4.8,-21.3));
#3623=CARTESIAN_POINT('Origin',(5.33992086538731E-15,4.,-21.3));
#3624=CARTESIAN_POINT('Origin',(5.55111512312578E-15,4.8,-21.3));
#3625=CARTESIAN_POINT('',(0.625000000000004,-1.2,-21.3));
#3626=CARTESIAN_POINT('Origin',(3.96715819008727E-15,-1.2,-21.3));
#3627=CARTESIAN_POINT('',(0.625000000000004,-2.,-21.3));
#3628=CARTESIAN_POINT('',(0.625000000000006,4.8,-21.3));
#3629=CARTESIAN_POINT('Origin',(3.75596393234881E-15,-2.,-21.3));
#3630=CARTESIAN_POINT('Origin',(5.55111512312578E-15,4.8,-21.3));
#3631=CARTESIAN_POINT('',(0.625000000000001,-12.2,-21.3));
#3632=CARTESIAN_POINT('Origin',(1.06323714618334E-15,-12.2,-21.3));
#3633=CARTESIAN_POINT('',(0.625000000000001,-13.,-21.3));
#3634=CARTESIAN_POINT('',(0.625000000000006,4.8,-21.3));
#3635=CARTESIAN_POINT('Origin',(8.52042888444875E-16,-13.,-21.3));
#3636=CARTESIAN_POINT('Origin',(0.624999999999995,-6.,-6.3));
#3637=CARTESIAN_POINT('',(-1.25000000000001,-6.,-5.8));
#3638=CARTESIAN_POINT('',(-1.25000000000001,-6.5,-6.3));
#3639=CARTESIAN_POINT('Origin',(-1.25000000000001,-6.,-6.3));
#3640=CARTESIAN_POINT('',(1.25,-6.5,-6.3));
#3641=CARTESIAN_POINT('',(0.624999999999995,-6.5,-6.3));
#3642=CARTESIAN_POINT('',(1.25,-6.,-5.8));
#3643=CARTESIAN_POINT('Origin',(1.25,-6.,-6.3));
#3644=CARTESIAN_POINT('',(-4.,-6.,-5.8));
#3645=CARTESIAN_POINT('Origin',(1.25,-6.5,-7.8));
#3646=CARTESIAN_POINT('',(-1.25000000000001,-6.5,-6.8));
#3647=CARTESIAN_POINT('',(-1.25000000000001,-6.5,-7.8));
#3648=CARTESIAN_POINT('',(1.25,-6.5,-6.8));
#3649=CARTESIAN_POINT('',(-5.27355936696949E-15,-6.5,-6.8));
#3650=CARTESIAN_POINT('',(1.25,-6.5,-7.8));
#3651=CARTESIAN_POINT('Origin',(-1.25000000000001,-6.5,-7.8));
#3652=CARTESIAN_POINT('',(-1.25000000000001,-3.5,-5.8));
#3653=CARTESIAN_POINT('',(-1.25000000000001,-4.,-5.8));
#3654=CARTESIAN_POINT('',(-1.25000000000001,-3.5,-7.8));
#3655=CARTESIAN_POINT('',(-1.25000000000001,-3.5,-7.8));
#3656=CARTESIAN_POINT('',(-1.25000000000001,-5.5,-7.8));
#3657=CARTESIAN_POINT('',(-1.25000000000001,-0.249999999999999,-7.8));
#3658=CARTESIAN_POINT('',(-1.25000000000001,-5.5,-6.8));
#3659=CARTESIAN_POINT('',(-1.25000000000001,-5.5,-7.3));
#3660=CARTESIAN_POINT('',(-1.25000000000001,-6.5,-6.8));
#3661=CARTESIAN_POINT('Origin',(-1.25000000000001,-6.5,-6.8));
#3662=CARTESIAN_POINT('',(1.25,-5.5,-6.8));
#3663=CARTESIAN_POINT('',(1.25,-5.,-6.8));
#3664=CARTESIAN_POINT('',(-1.25000000000001,-5.5,-6.8));
#3665=CARTESIAN_POINT('Origin',(-1.25000000000001,-5.5,-6.8));
#3666=CARTESIAN_POINT('',(1.25,-5.5,-7.8));
#3667=CARTESIAN_POINT('',(1.24999999999999,-5.5,-7.3));
#3668=CARTESIAN_POINT('',(-1.25000000000001,-5.5,-7.8));
#3669=CARTESIAN_POINT('Origin',(1.25,-3.5,-7.8));
#3670=CARTESIAN_POINT('',(1.25,-3.5,-7.8));
#3671=CARTESIAN_POINT('',(1.25,1.25,-7.8));
#3672=CARTESIAN_POINT('',(1.25,-3.5,-5.8));
#3673=CARTESIAN_POINT('',(1.25,-3.5,-7.8));
#3674=CARTESIAN_POINT('',(1.25,-2.5,-5.8));
#3675=CARTESIAN_POINT('Origin',(-1.25000000000001,-3.5,-7.8));
#3676=CARTESIAN_POINT('',(-0.625000000000003,-3.5,-5.8));
#3677=CARTESIAN_POINT('',(-0.575000000000003,-3.5,-7.8));
#3678=CARTESIAN_POINT('Origin',(0.,-1.5,-5.8));
#3679=CARTESIAN_POINT('',(-4.,-6.,-5.8));
#3680=CARTESIAN_POINT('',(-4.,-6.,-5.8));
#3681=CARTESIAN_POINT('',(-4.,-3.,-5.8));
#3682=CARTESIAN_POINT('',(-4.,3.,-5.8));
#3683=CARTESIAN_POINT('',(-3.,-3.,-5.8));
#3684=CARTESIAN_POINT('',(-2.,-3.,-5.8));
#3685=CARTESIAN_POINT('',(-3.,-0.99999999999999,-5.8));
#3686=CARTESIAN_POINT('',(-3.,-2.25,-5.8));
#3687=CARTESIAN_POINT('',(3.,-0.999999999999989,-5.8));
#3688=CARTESIAN_POINT('',(-5.3,-0.99999999999999,-5.8));
#3689=CARTESIAN_POINT('',(3.,-3.,-5.8));
#3690=CARTESIAN_POINT('',(3.,0.250000000000001,-5.8));
#3691=CARTESIAN_POINT('',(4.,-3.,-5.8));
#3692=CARTESIAN_POINT('',(1.5,-3.,-5.8));
#3693=CARTESIAN_POINT('',(4.,-6.,-5.8));
#3694=CARTESIAN_POINT('',(4.,-6.,-5.8));
#3695=CARTESIAN_POINT('',(-4.,-6.,-5.8));
#3696=CARTESIAN_POINT('Origin',(0.,-2.67252266794634,13.3426956831632));
#3697=CARTESIAN_POINT('',(-3.77414128666166E-16,-1.20365209317091,13.8124755271719));
#3698=CARTESIAN_POINT('',(-1.88713296799964E-16,-4.09971147242334,12.7583961164566));
#3699=CARTESIAN_POINT('Origin',(-1.88707064333083E-16,-2.65168178279712,
13.2854358218143));
#3700=CARTESIAN_POINT('',(1.5409610095854,-2.65168178279712,13.2854358218143));
#3701=CARTESIAN_POINT('Origin',(-1.88707064333083E-16,-2.65168178279712,
13.2854358218143));
#3702=CARTESIAN_POINT('',(1.21569800542758,-2.83321957036797,13.7842067939429));
#3703=CARTESIAN_POINT('Origin',(1.04468793376474,-2.67252266794634,13.3426956831632));
#3704=CARTESIAN_POINT('',(-1.48880067107671E-16,-3.97560201517243,13.3684135878859));
#3705=CARTESIAN_POINT('Origin',(-1.4887515017758E-16,-2.83321957036797,
13.7842067939429));
#3706=CARTESIAN_POINT('',(-9.24446373305873E-32,-1.69083712556353,14.2));
#3707=CARTESIAN_POINT('Origin',(-1.4887515017758E-16,-2.83321957036797,
13.7842067939429));
#3708=CARTESIAN_POINT('Origin',(-1.4887515017758E-16,-2.83321957036797,
13.7842067939429));
#3709=CARTESIAN_POINT('Origin',(-1.88707064333083E-16,-2.65168178279712,
13.2854358218143));
#3710=CARTESIAN_POINT('Origin',(0.,-1.35825437004594,9.73177321157677));
#3711=CARTESIAN_POINT('',(0.366626972445851,0.262319097938603,7.));
#3712=CARTESIAN_POINT('',(-1.28043474598047E-16,-1.10001283338201,6.87115605412461));
#3713=CARTESIAN_POINT('Ctrl Pts',(0.366626972445852,0.262319097938604,7.));
#3714=CARTESIAN_POINT('Ctrl Pts',(0.441229652896036,0.215335395685262,7.));
#3715=CARTESIAN_POINT('Ctrl Pts',(0.506698085914164,0.154981274403942,6.99894591947916));
#3716=CARTESIAN_POINT('Ctrl Pts',(0.617222380464604,0.0100073403476057,
6.99296984581486));
#3717=CARTESIAN_POINT('Ctrl Pts',(0.659825198207861,-0.0749222353336829,
6.98785345049821));
#3718=CARTESIAN_POINT('Ctrl Pts',(0.711340038875406,-0.253742723583906,
6.97392276357617));
#3719=CARTESIAN_POINT('Ctrl Pts',(0.720507632880815,-0.346171015830142,
6.96530493514379));
#3720=CARTESIAN_POINT('Ctrl Pts',(0.705158971126048,-0.525601035951827,
6.94648122055954));
#3721=CARTESIAN_POINT('Ctrl Pts',(0.682104246914703,-0.61137054427672,6.93650551208126));
#3722=CARTESIAN_POINT('Ctrl Pts',(0.608024352900336,-0.767230857281723,
6.91723458735832));
#3723=CARTESIAN_POINT('Ctrl Pts',(0.558734122795845,-0.836644635678856,
6.90808247992812));
#3724=CARTESIAN_POINT('Ctrl Pts',(0.439235995530728,-0.953995819224967,
6.89212076134193));
#3725=CARTESIAN_POINT('Ctrl Pts',(0.370417582929863,-1.00140561022387,6.88540070325805));
#3726=CARTESIAN_POINT('Ctrl Pts',(0.220997496014677,-1.0695930933064,6.8756209832299));
#3727=CARTESIAN_POINT('Ctrl Pts',(0.14190890986104,-1.09041571301187,6.87256178719044));
#3728=CARTESIAN_POINT('Ctrl Pts',(0.0406413860658123,-1.09914086586894,
6.8712839258096));
#3729=CARTESIAN_POINT('Ctrl Pts',(0.0203129191549139,-1.10001283338201,
6.87115605412461));
#3730=CARTESIAN_POINT('Ctrl Pts',(-1.65987109508887E-16,-1.10001283338201,
6.87115605412461));
#3731=CARTESIAN_POINT('',(-0.366626972445851,0.262319097938603,7.));
#3732=CARTESIAN_POINT('Origin',(0.,-0.398265146972183,7.));
#3733=CARTESIAN_POINT('',(-0.616246756409267,-2.24001802691519E-13,6.99193072405523));
#3734=CARTESIAN_POINT('Ctrl Pts',(-0.61624675640927,-4.47225801621233E-13,
6.99193072405523));
#3735=CARTESIAN_POINT('Ctrl Pts',(-0.60408665808625,0.0213932255078597,
6.99311976081179));
#3736=CARTESIAN_POINT('Ctrl Pts',(-0.590871878371889,0.0422208249495783,
6.99417033219128));
#3737=CARTESIAN_POINT('Ctrl Pts',(-0.520401067101258,0.142095210498062,
6.99869141027056));
#3738=CARTESIAN_POINT('Ctrl Pts',(-0.449130941171992,0.21035927721961,7.));
#3739=CARTESIAN_POINT('Ctrl Pts',(-0.366626972445852,0.262319097938604,
7.));
#3740=CARTESIAN_POINT('Ctrl Pts',(-1.65987109508887E-16,-1.10001283338201,
6.87115605412461));
#3741=CARTESIAN_POINT('Ctrl Pts',(-0.0510036499433066,-1.10001283338201,
6.87115605412461));
#3742=CARTESIAN_POINT('Ctrl Pts',(-0.101909277474494,-1.09451549098026,
6.87196405244991));
#3743=CARTESIAN_POINT('Ctrl Pts',(-0.243946287387321,-1.06341444998563,
6.87649817263198));
#3744=CARTESIAN_POINT('Ctrl Pts',(-0.330943973525097,-1.02514685070228,
6.88206855144115));
#3745=CARTESIAN_POINT('Ctrl Pts',(-0.484673817595996,-0.917361132735404,
6.8971681627755));
#3746=CARTESIAN_POINT('Ctrl Pts',(-0.549877507332824,-0.849099398670467,
6.90651306059551));
#3747=CARTESIAN_POINT('Ctrl Pts',(-0.652173681540627,-0.689173757897774,
6.9270924355697));
#3748=CARTESIAN_POINT('Ctrl Pts',(-0.687308679589583,-0.598485941693003,
6.93815200980298));
#3749=CARTESIAN_POINT('Ctrl Pts',(-0.721272128518334,-0.406132048233648,
6.95935619673408));
#3750=CARTESIAN_POINT('Ctrl Pts',(-0.718803771357072,-0.306056842553509,
6.96924709808135));
#3751=CARTESIAN_POINT('Ctrl Pts',(-0.680655168755018,-0.13586985608874,
6.98336311569379));
#3752=CARTESIAN_POINT('Ctrl Pts',(-0.653364142423111,-0.0653005089420421,
6.98830131785261));
#3753=CARTESIAN_POINT('Ctrl Pts',(-0.61624675640927,-4.47225801621233E-13,
6.99193072405523));
#3754=CARTESIAN_POINT('',(-1.31848303850757E-16,-2.36994915647706,9.36354642315355));
#3755=CARTESIAN_POINT('Origin',(0.,-2.88562566406952,13.9281913530298));
#3756=CARTESIAN_POINT('',(0.,-2.98455592098286,14.2));
#3757=CARTESIAN_POINT('',(-9.73245570439213E-17,-3.6324137840328,13.6563827060595));
#3758=CARTESIAN_POINT('Origin',(0.,0.,7.));
#3759=CARTESIAN_POINT('Origin',(0.,0.,7.));
#3760=CARTESIAN_POINT('Ctrl Pts',(-2.,0.,6.));
#3761=CARTESIAN_POINT('Ctrl Pts',(-2.,2.,6.));
#3762=CARTESIAN_POINT('Ctrl Pts',(0.,2.,6.));
#3763=CARTESIAN_POINT('Ctrl Pts',(2.,2.,6.));
#3764=CARTESIAN_POINT('Ctrl Pts',(2.,0.,6.));
#3765=CARTESIAN_POINT('Ctrl Pts',(2.,-2.,6.));
#3766=CARTESIAN_POINT('Ctrl Pts',(0.,-2.,6.));
#3767=CARTESIAN_POINT('Ctrl Pts',(-2.,-2.,6.));
#3768=CARTESIAN_POINT('Ctrl Pts',(-2.,0.,6.));
#3769=CARTESIAN_POINT('Ctrl Pts',(-1.54815194294247,0.,7.));
#3770=CARTESIAN_POINT('Ctrl Pts',(-1.54815194294247,1.54815194294247,7.));
#3771=CARTESIAN_POINT('Ctrl Pts',(0.,1.54815194294247,7.));
#3772=CARTESIAN_POINT('Ctrl Pts',(1.54815194294247,1.54815194294247,7.));
#3773=CARTESIAN_POINT('Ctrl Pts',(1.54815194294247,0.,7.));
#3774=CARTESIAN_POINT('Ctrl Pts',(1.54815194294247,-1.54815194294247,7.));
#3775=CARTESIAN_POINT('Ctrl Pts',(0.,-1.54815194294247,7.));
#3776=CARTESIAN_POINT('Ctrl Pts',(-1.54815194294247,-1.54815194294247,7.));
#3777=CARTESIAN_POINT('Ctrl Pts',(-1.54815194294247,0.,7.));
#3778=CARTESIAN_POINT('Ctrl Pts',(-0.450806661517034,0.,7.));
#3779=CARTESIAN_POINT('Ctrl Pts',(-0.450806661517033,0.450806661517033,
7.));
#3780=CARTESIAN_POINT('Ctrl Pts',(0.,0.450806661517034,7.));
#3781=CARTESIAN_POINT('Ctrl Pts',(0.450806661517033,0.450806661517033,7.));
#3782=CARTESIAN_POINT('Ctrl Pts',(0.450806661517034,0.,7.));
#3783=CARTESIAN_POINT('Ctrl Pts',(0.450806661517033,-0.450806661517033,
7.));
#3784=CARTESIAN_POINT('Ctrl Pts',(0.,-0.450806661517034,7.));
#3785=CARTESIAN_POINT('Ctrl Pts',(-0.450806661517033,-0.450806661517033,
7.));
#3786=CARTESIAN_POINT('Ctrl Pts',(-0.450806661517034,0.,7.));
#3787=CARTESIAN_POINT('',(-2.,2.44929359829471E-16,6.));
#3788=CARTESIAN_POINT('Ctrl Pts',(-0.61624675640927,0.,6.99193072405523));
#3789=CARTESIAN_POINT('Ctrl Pts',(-1.59504376076941,0.,6.89622215456164));
#3790=CARTESIAN_POINT('Ctrl Pts',(-2.,0.,6.));
#3791=CARTESIAN_POINT('',(2.,2.44929359829471E-16,6.));
#3792=CARTESIAN_POINT('Origin',(0.,0.,6.));
#3793=CARTESIAN_POINT('Origin',(0.,0.,6.));
#3794=CARTESIAN_POINT('Origin',(0.,0.,7.));
#3795=CARTESIAN_POINT('',(2.5,3.06161699786838E-16,7.));
#3796=CARTESIAN_POINT('Origin',(0.,0.,7.));
#3797=CARTESIAN_POINT('',(2.5,3.06161699786838E-16,6.));
#3798=CARTESIAN_POINT('',(2.5,-3.06161699786838E-16,7.));
#3799=CARTESIAN_POINT('Origin',(0.,0.,6.));
#3800=CARTESIAN_POINT('Origin',(0.,0.,6.));
#3801=CARTESIAN_POINT('Origin',(1.25000000000001,-12.2,-19.8));
#3802=CARTESIAN_POINT('',(-1.24999999999999,-12.2,-21.55));
#3803=CARTESIAN_POINT('',(1.25000000000001,-12.2,-21.55));
#3804=CARTESIAN_POINT('Origin',(5.55111512312578E-15,-12.2,-21.55));
#3805=CARTESIAN_POINT('',(-1.24999999999999,-12.2,-19.8));
#3806=CARTESIAN_POINT('',(-1.24999999999999,-12.2,-19.8));
#3807=CARTESIAN_POINT('',(1.25000000000001,-12.2,-19.8));
#3808=CARTESIAN_POINT('',(0.125000000000004,-12.2,-19.8));
#3809=CARTESIAN_POINT('',(1.25000000000001,-12.2,-19.8));
#3810=CARTESIAN_POINT('Origin',(5.55111512312578E-15,-12.8,-21.55));
#3811=CARTESIAN_POINT('',(1.25000000000001,-13.,-21.55));
#3812=CARTESIAN_POINT('',(1.25000000000001,-12.8,-21.55));
#3813=CARTESIAN_POINT('',(-1.24999999999999,-13.,-21.55));
#3814=CARTESIAN_POINT('Origin',(5.55111512312578E-15,-13.,-21.55));
#3815=CARTESIAN_POINT('',(-1.24999999999999,-12.4,-21.55));
#3816=CARTESIAN_POINT('Origin',(-1.24999999999999,-13.,-19.8));
#3817=CARTESIAN_POINT('',(1.25000000000001,-13.,-19.8));
#3818=CARTESIAN_POINT('',(1.25000000000001,-13.,-19.8));
#3819=CARTESIAN_POINT('',(-1.24999999999999,-13.,-19.8));
#3820=CARTESIAN_POINT('',(-1.125,-13.,-19.8));
#3821=CARTESIAN_POINT('',(-1.24999999999999,-13.,-19.8));
#3822=CARTESIAN_POINT('Origin',(1.25000000000001,-13.,-19.8));
#3823=CARTESIAN_POINT('',(1.25000000000001,-3.5,-19.8));
#3824=CARTESIAN_POINT('Origin',(1.25000000000001,-1.2,-19.8));
#3825=CARTESIAN_POINT('',(-1.24999999999999,-1.2,-21.55));
#3826=CARTESIAN_POINT('',(1.25000000000001,-1.2,-21.55));
#3827=CARTESIAN_POINT('Origin',(5.55111512312578E-15,-1.2,-21.55));
#3828=CARTESIAN_POINT('',(-1.24999999999999,-1.2,-19.8));
#3829=CARTESIAN_POINT('',(-1.24999999999999,-1.2,-19.8));
#3830=CARTESIAN_POINT('',(1.25000000000001,-1.2,-19.8));
#3831=CARTESIAN_POINT('',(0.125000000000002,-1.2,-19.8));
#3832=CARTESIAN_POINT('',(1.25000000000001,-1.2,-19.8));
#3833=CARTESIAN_POINT('Origin',(5.55111512312578E-15,-1.8,-21.55));
#3834=CARTESIAN_POINT('',(1.25000000000001,-2.,-21.55));
#3835=CARTESIAN_POINT('',(1.25000000000001,-1.8,-21.55));
#3836=CARTESIAN_POINT('',(-1.24999999999999,-2.,-21.55));
#3837=CARTESIAN_POINT('Origin',(5.55111512312578E-15,-2.,-21.55));
#3838=CARTESIAN_POINT('',(-1.24999999999999,-1.4,-21.55));
#3839=CARTESIAN_POINT('Origin',(-1.24999999999999,-2.,-19.8));
#3840=CARTESIAN_POINT('',(1.25000000000001,-2.,-19.8));
#3841=CARTESIAN_POINT('',(1.25000000000001,-2.,-19.8));
#3842=CARTESIAN_POINT('',(-1.24999999999999,-2.,-19.8));
#3843=CARTESIAN_POINT('',(-1.125,-2.,-19.8));
#3844=CARTESIAN_POINT('',(-1.24999999999999,-2.,-19.8));
#3845=CARTESIAN_POINT('Origin',(1.25000000000001,-2.,-19.8));
#3846=CARTESIAN_POINT('',(1.25000000000001,2.,-19.8));
#3847=CARTESIAN_POINT('Origin',(1.25000000000001,4.8,-19.8));
#3848=CARTESIAN_POINT('',(-1.24999999999999,4.8,-21.55));
#3849=CARTESIAN_POINT('',(1.25000000000001,4.8,-21.55));
#3850=CARTESIAN_POINT('Origin',(5.55111512312578E-15,4.8,-21.55));
#3851=CARTESIAN_POINT('',(-1.24999999999999,4.8,-19.8));
#3852=CARTESIAN_POINT('',(-1.24999999999999,4.8,-19.8));
#3853=CARTESIAN_POINT('',(1.25000000000001,4.8,-19.8));
#3854=CARTESIAN_POINT('',(0.125000000000003,4.8,-19.8));
#3855=CARTESIAN_POINT('',(1.25000000000001,4.8,-19.8));
#3856=CARTESIAN_POINT('Origin',(5.55111512312578E-15,4.2,-21.55));
#3857=CARTESIAN_POINT('',(1.25000000000001,4.,-21.55));
#3858=CARTESIAN_POINT('',(1.25000000000001,4.2,-21.55));
#3859=CARTESIAN_POINT('',(-1.24999999999999,4.,-21.55));
#3860=CARTESIAN_POINT('Origin',(5.55111512312578E-15,4.,-21.55));
#3861=CARTESIAN_POINT('',(-1.24999999999999,4.6,-21.55));
#3862=CARTESIAN_POINT('Origin',(-1.24999999999999,4.,-19.8));
#3863=CARTESIAN_POINT('',(1.25000000000001,4.,-19.8));
#3864=CARTESIAN_POINT('',(1.25000000000001,4.,-19.8));
#3865=CARTESIAN_POINT('',(-1.24999999999999,4.,-19.8));
#3866=CARTESIAN_POINT('',(-1.125,4.,-19.8));
#3867=CARTESIAN_POINT('',(-1.24999999999999,4.,-19.8));
#3868=CARTESIAN_POINT('Origin',(1.25000000000001,4.,-19.8));
#3869=CARTESIAN_POINT('',(1.25000000000001,5.,-19.8));
#3870=CARTESIAN_POINT('Origin',(-1.24999999999999,4.8,-19.8));
#3871=CARTESIAN_POINT('',(-1.24999999999999,5.4,-19.8));
#3872=CARTESIAN_POINT('Origin',(-1.24999999999999,-1.2,-19.8));
#3873=CARTESIAN_POINT('',(-1.24999999999999,2.4,-19.8));
#3874=CARTESIAN_POINT('Origin',(-1.24999999999999,-12.2,-19.8));
#3875=CARTESIAN_POINT('',(-1.24999999999999,-3.1,-19.8));
#3876=CARTESIAN_POINT('Origin',(5.3,3.,-17.8));
#3877=CARTESIAN_POINT('',(5.7,3.,-18.8));
#3878=CARTESIAN_POINT('Origin',(5.7,3.,-17.8));
#3879=CARTESIAN_POINT('',(5.3,3.,-18.8));
#3880=CARTESIAN_POINT('',(5.3,3.,-18.8));
#3881=CARTESIAN_POINT('Origin',(5.3,3.,-17.8));
#3882=CARTESIAN_POINT('Origin',(5.7,-1.00000000000001,-17.8));
#3883=CARTESIAN_POINT('Origin',(5.7,-1.00000000000001,-17.8));
#3884=CARTESIAN_POINT('',(5.7,-5.00000000000001,-18.8));
#3885=CARTESIAN_POINT('Origin',(5.7,-5.00000000000001,-17.8));
#3886=CARTESIAN_POINT('Origin',(5.3,-5.00000000000001,-17.8));
#3887=CARTESIAN_POINT('',(5.3,-5.00000000000001,-18.8));
#3888=CARTESIAN_POINT('',(5.3,-5.00000000000001,-18.8));
#3889=CARTESIAN_POINT('Origin',(5.3,-5.00000000000001,-17.8));
#3890=CARTESIAN_POINT('Origin',(5.3,-5.00000000000001,-17.8));
#3891=CARTESIAN_POINT('',(3.30000000000001,-5.00000000000001,-18.8));
#3892=CARTESIAN_POINT('Origin',(3.30000000000001,-5.00000000000001,-17.8));
#3893=CARTESIAN_POINT('',(3.35000000000002,-5.00000000000001,-18.8));
#3894=CARTESIAN_POINT('',(5.3,-5.00000000000001,-18.8));
#3895=CARTESIAN_POINT('Origin',(3.35000000000002,-5.00000000000001,-17.8));
#3896=CARTESIAN_POINT('Origin',(5.3,-5.00000000000001,-17.8));
#3897=CARTESIAN_POINT('',(-4.30000000000001,-5.00000000000001,-18.8));
#3898=CARTESIAN_POINT('Origin',(-4.30000000000001,-5.00000000000001,-17.8));
#3899=CARTESIAN_POINT('',(-4.25,-5.00000000000001,-18.8));
#3900=CARTESIAN_POINT('',(5.3,-5.00000000000001,-18.8));
#3901=CARTESIAN_POINT('Origin',(-4.25,-5.00000000000001,-17.8));
#3902=CARTESIAN_POINT('Origin',(5.3,-5.00000000000001,-17.8));
#3903=CARTESIAN_POINT('',(4.24999999999999,-5.00000000000001,-18.8));
#3904=CARTESIAN_POINT('Origin',(4.24999999999999,-5.00000000000001,-17.8));
#3905=CARTESIAN_POINT('',(4.30000000000001,-5.00000000000001,-18.8));
#3906=CARTESIAN_POINT('',(5.3,-5.00000000000001,-18.8));
#3907=CARTESIAN_POINT('Origin',(4.30000000000001,-5.00000000000001,-17.8));
#3908=CARTESIAN_POINT('Origin',(5.3,-5.00000000000001,-17.8));
#3909=CARTESIAN_POINT('',(-5.6,-5.00000000000001,-18.8));
#3910=CARTESIAN_POINT('Origin',(-5.6,-5.00000000000001,-17.8));
#3911=CARTESIAN_POINT('',(-5.3,-5.00000000000001,-18.8));
#3912=CARTESIAN_POINT('',(5.3,-5.00000000000001,-18.8));
#3913=CARTESIAN_POINT('Origin',(-5.3,-5.00000000000001,-17.8));
#3914=CARTESIAN_POINT('Origin',(-5.6,-1.,-17.8));
#3915=CARTESIAN_POINT('Origin',(5.3,2.99999999999999,-17.8));
#3916=CARTESIAN_POINT('',(3.30000000000001,2.99999999999999,-18.8));
#3917=CARTESIAN_POINT('Origin',(3.30000000000001,2.99999999999999,-17.8));
#3918=CARTESIAN_POINT('',(3.35000000000002,2.99999999999999,-18.8));
#3919=CARTESIAN_POINT('',(5.3,2.99999999999999,-18.8));
#3920=CARTESIAN_POINT('Origin',(3.35000000000002,2.99999999999999,-17.8));
#3921=CARTESIAN_POINT('Origin',(5.3,2.99999999999999,-17.8));
#3922=CARTESIAN_POINT('',(-4.3,3.,-18.8));
#3923=CARTESIAN_POINT('Origin',(-4.3,3.,-17.8));
#3924=CARTESIAN_POINT('',(-4.25,3.,-18.8));
#3925=CARTESIAN_POINT('',(5.3,2.99999999999999,-18.8));
#3926=CARTESIAN_POINT('Origin',(-4.25,3.,-17.8));
#3927=CARTESIAN_POINT('Origin',(5.3,2.99999999999999,-17.8));
#3928=CARTESIAN_POINT('',(4.24999999999999,2.99999999999999,-18.8));
#3929=CARTESIAN_POINT('Origin',(4.24999999999999,2.99999999999999,-17.8));
#3930=CARTESIAN_POINT('',(4.30000000000001,2.99999999999999,-18.8));
#3931=CARTESIAN_POINT('',(5.3,2.99999999999999,-18.8));
#3932=CARTESIAN_POINT('Origin',(4.30000000000001,2.99999999999999,-17.8));
#3933=CARTESIAN_POINT('Origin',(5.3,2.99999999999999,-17.8));
#3934=CARTESIAN_POINT('',(-5.6,3.,-18.8));
#3935=CARTESIAN_POINT('Origin',(-5.6,3.,-17.8));
#3936=CARTESIAN_POINT('',(-5.30000000000001,3.,-18.8));
#3937=CARTESIAN_POINT('',(5.3,2.99999999999999,-18.8));
#3938=CARTESIAN_POINT('Origin',(-5.30000000000001,3.,-17.8));
#3939=CARTESIAN_POINT('Origin',(-5.6,-1.,-17.8));
#3940=CARTESIAN_POINT('Origin',(-0.187499999999999,5.,-8.8));
#3941=CARTESIAN_POINT('',(-4.25,6.,-8.8));
#3942=CARTESIAN_POINT('',(-4.25,5.,-7.8));
#3943=CARTESIAN_POINT('Origin',(-4.25,5.,-8.8));
#3944=CARTESIAN_POINT('',(3.30000000000001,5.,-7.8));
#3945=CARTESIAN_POINT('',(-0.187499999999999,5.,-7.8));
#3946=CARTESIAN_POINT('',(3.30000000000001,6.,-8.8));
#3947=CARTESIAN_POINT('Origin',(3.30000000000001,5.,-8.8));
#3948=CARTESIAN_POINT('',(-0.187499999999999,6.,-8.8));
#3949=CARTESIAN_POINT('Origin',(0.100000000000001,6.,-7.8));
#3950=CARTESIAN_POINT('',(-4.25,-13.3,-7.8));
#3951=CARTESIAN_POINT('',(-4.25,6.,-7.8));
#3952=CARTESIAN_POINT('',(3.30000000000001,-13.3,-7.8));
#3953=CARTESIAN_POINT('',(-0.187499999999999,-13.3,-7.8));
#3954=CARTESIAN_POINT('',(3.30000000000001,6.,-7.8));
#3955=CARTESIAN_POINT('Origin',(-4.25,6.,-19.8));
#3956=CARTESIAN_POINT('',(-4.25,6.,-18.8));
#3957=CARTESIAN_POINT('',(-4.25,6.,-7.8));
#3958=CARTESIAN_POINT('',(-4.25,5.,-19.8));
#3959=CARTESIAN_POINT('Origin',(-4.25,5.,-18.8));
#3960=CARTESIAN_POINT('',(-4.25,-13.3,-19.8));
#3961=CARTESIAN_POINT('',(-4.25,6.,-19.8));
#3962=CARTESIAN_POINT('',(-4.25,-14.3,-18.8));
#3963=CARTESIAN_POINT('Origin',(-4.25,-13.3,-18.8));
#3964=CARTESIAN_POINT('',(-4.25,-14.3,-8.8));
#3965=CARTESIAN_POINT('',(-4.25,-14.3,-7.8));
#3966=CARTESIAN_POINT('Origin',(-4.25,-13.3,-8.8));
#3967=CARTESIAN_POINT('Origin',(-0.737499999999999,5.,-18.8));
#3968=CARTESIAN_POINT('',(3.30000000000001,6.,-18.8));
#3969=CARTESIAN_POINT('',(3.30000000000001,5.,-19.8));
#3970=CARTESIAN_POINT('Origin',(3.30000000000001,5.,-18.8));
#3971=CARTESIAN_POINT('',(-0.737499999999999,5.,-19.8));
#3972=CARTESIAN_POINT('',(-0.737499999999999,6.,-18.8));
#3973=CARTESIAN_POINT('Origin',(-0.999999999999998,6.,-19.8));
#3974=CARTESIAN_POINT('',(3.30000000000001,-13.3,-19.8));
#3975=CARTESIAN_POINT('',(3.30000000000001,6.,-19.8));
#3976=CARTESIAN_POINT('',(-0.737499999999999,-13.3,-19.8));
#3977=CARTESIAN_POINT('Origin',(3.30000000000001,6.,-7.8));
#3978=CARTESIAN_POINT('',(3.30000000000001,-14.3,-8.8));
#3979=CARTESIAN_POINT('Origin',(3.30000000000001,-13.3,-8.8));
#3980=CARTESIAN_POINT('',(3.30000000000001,-14.3,-18.8));
#3981=CARTESIAN_POINT('',(3.30000000000001,-14.3,-19.8));
#3982=CARTESIAN_POINT('Origin',(3.30000000000001,-13.3,-18.8));
#3983=CARTESIAN_POINT('',(3.30000000000001,6.,-19.8));
#3984=CARTESIAN_POINT('Origin',(-0.737499999999999,-13.3,-18.8));
#3985=CARTESIAN_POINT('',(-0.737499999999999,-14.3,-18.8));
#3986=CARTESIAN_POINT('Origin',(-0.475,-14.3,-13.8));
#3987=CARTESIAN_POINT('',(-0.187499999999999,-14.3,-8.8));
#3988=CARTESIAN_POINT('Origin',(-0.187499999999999,-13.3,-8.8));
#3989=CARTESIAN_POINT('Origin',(-0.474999999999999,6.,-13.8));
#3990=CARTESIAN_POINT('Origin',(-4.,-6.,-4.8));
#3991=CARTESIAN_POINT('',(-1.73205080756888,-0.999999999999999,-4.8));
#3992=CARTESIAN_POINT('',(1.73205080756888,-1.,-4.8));
#3993=CARTESIAN_POINT('Origin',(1.60370032748973E-32,-1.20397769790417E-31,
-4.8));
#3994=CARTESIAN_POINT('',(-4.,-0.999999999999999,-4.8));
#3995=CARTESIAN_POINT('Origin',(-4.,-0.999999999999999,-4.8));
#3996=CARTESIAN_POINT('',(4.,-1.,-4.8));
#3997=CARTESIAN_POINT('',(4.,-6.,-5.3));
#3998=CARTESIAN_POINT('',(4.,-3.47524752475247,-5.04752475247525));
#3999=CARTESIAN_POINT('',(-2.,-0.999999999999998,-4.8));
#4000=CARTESIAN_POINT('',(-4.,-0.999999999999999,-4.8));
#4001=CARTESIAN_POINT('',(-2.,-0.999999999999998,-4.8));
#4002=CARTESIAN_POINT('',(-4.,-6.,-5.3));
#4003=CARTESIAN_POINT('',(-4.,0.980198019801982,-4.6019801980198));
#4004=CARTESIAN_POINT('',(-4.,-6.,-5.3));
#4005=CARTESIAN_POINT('Origin',(-4.,-6.,-4.8));
#4006=CARTESIAN_POINT('',(-4.,-6.,-4.8));
#4007=CARTESIAN_POINT('',(4.,-6.,-4.8));
#4008=CARTESIAN_POINT('Origin',(-4.,3.,-4.8));
#4009=CARTESIAN_POINT('',(-4.,1.01122813826275E-14,-4.8));
#4010=CARTESIAN_POINT('',(-4.,3.,-4.8));
#4011=CARTESIAN_POINT('',(-4.,1.01122813826275E-14,-6.8));
#4012=CARTESIAN_POINT('Origin',(-4.,1.01122813826275E-14,-5.80000000000001));
#4013=CARTESIAN_POINT('',(-4.,-3.,-6.8));
#4014=CARTESIAN_POINT('',(-4.,-6.,-6.8));
#4015=CARTESIAN_POINT('',(-4.,-3.,-5.8));
#4016=CARTESIAN_POINT('Origin',(-5.3,9.99200722162641E-15,-5.80000000000001));
#4017=CARTESIAN_POINT('',(-5.6,1.05991269526756E-14,-4.80000000000001));
#4018=CARTESIAN_POINT('Origin',(-5.6,9.96425164601078E-15,-5.80000000000001));
#4019=CARTESIAN_POINT('',(-5.3,1.06268825282912E-14,-4.80000000000001));
#4020=CARTESIAN_POINT('',(-5.3,1.06268825282912E-14,-4.80000000000001));
#4021=CARTESIAN_POINT('Origin',(-5.3,9.99200722162641E-15,-5.80000000000001));
#4022=CARTESIAN_POINT('Origin',(-5.6,9.96425164601078E-15,-5.80000000000001));
#4023=CARTESIAN_POINT('Origin',(-5.3,6.,-2.8));
#4024=CARTESIAN_POINT('',(-5.3,6.,-4.8));
#4025=CARTESIAN_POINT('',(-5.3,3.,-4.8));
#4026=CARTESIAN_POINT('',(-5.3,6.,-19.8));
#4027=CARTESIAN_POINT('',(-5.3,6.,-2.8));
#4028=CARTESIAN_POINT('',(-5.3,-7.,-19.8));
#4029=CARTESIAN_POINT('',(-5.3,-10.,-19.8));
#4030=CARTESIAN_POINT('',(-5.3,-7.,-13.8));
#4031=CARTESIAN_POINT('Origin',(-5.29999999999999,-7.,-16.8));
#4032=CARTESIAN_POINT('',(-5.3,-6.,-12.8));
#4033=CARTESIAN_POINT('Origin',(-5.3,-7.,-12.8));
#4034=CARTESIAN_POINT('',(-5.3,-6.,-4.8));
#4035=CARTESIAN_POINT('',(-5.3,-6.,-2.8));
#4036=CARTESIAN_POINT('',(-5.3,3.,-4.8));
#4037=CARTESIAN_POINT('Origin',(-5.3,9.99200722162641E-15,-5.80000000000001));
#4038=CARTESIAN_POINT('',(-4.3,1.00845258070118E-14,-4.8));
#4039=CARTESIAN_POINT('',(-5.3,1.03819531684617E-14,-4.80000000000001));
#4040=CARTESIAN_POINT('Origin',(-4.30000000000001,1.00845258070118E-14,
-5.80000000000001));
#4041=CARTESIAN_POINT('Origin',(-4.,1.01122813826275E-14,-5.80000000000001));
#4042=CARTESIAN_POINT('Origin',(-5.3,9.99200722162641E-15,-5.80000000000001));
#4043=CARTESIAN_POINT('',(5.7,1.16445869675309E-14,-4.80000000000001));
#4044=CARTESIAN_POINT('Origin',(5.7,1.10097116608661E-14,-5.80000000000001));
#4045=CARTESIAN_POINT('',(5.3,1.0972704226712E-14,-4.8));
#4046=CARTESIAN_POINT('',(-5.3,1.03819531684617E-14,-4.80000000000001));
#4047=CARTESIAN_POINT('Origin',(5.3,1.0972704226712E-14,-5.80000000000001));
#4048=CARTESIAN_POINT('Origin',(-5.3,9.99200722162641E-15,-5.80000000000001));
#4049=CARTESIAN_POINT('',(4.30000000000001,1.08801856413265E-14,-4.8));
#4050=CARTESIAN_POINT('Origin',(4.30000000000001,1.08801856413265E-14,-5.80000000000001));
#4051=CARTESIAN_POINT('',(4.,1.08524300657109E-14,-4.8));
#4052=CARTESIAN_POINT('',(-5.3,1.03819531684617E-14,-4.80000000000001));
#4053=CARTESIAN_POINT('',(4.,1.08524300657109E-14,-6.8));
#4054=CARTESIAN_POINT('Origin',(4.,1.08524300657109E-14,-5.80000000000001));
#4055=CARTESIAN_POINT('Origin',(4.,1.08524300657109E-14,-5.80000000000001));
#4056=CARTESIAN_POINT('Origin',(-5.3,9.99200722162641E-15,-5.80000000000001));
#4057=CARTESIAN_POINT('',(3.,1.07599114803255E-14,-6.8));
#4058=CARTESIAN_POINT('Origin',(3.,1.07599114803255E-14,-5.80000000000001));
#4059=CARTESIAN_POINT('',(-3.,1.02047999680129E-14,-6.8));
#4060=CARTESIAN_POINT('Origin',(-3.,1.02047999680129E-14,-5.80000000000001));
#4061=CARTESIAN_POINT('',(-3.,1.00000000000001,-5.8));
#4062=CARTESIAN_POINT('Origin',(-3.,1.02047999680129E-14,-5.80000000000001));
#4063=CARTESIAN_POINT('',(3.,1.00000000000001,-5.8));
#4064=CARTESIAN_POINT('',(-5.3,1.00000000000001,-5.8));
#4065=CARTESIAN_POINT('Origin',(3.,1.07599114803255E-14,-5.80000000000001));
#4066=CARTESIAN_POINT('Origin',(5.7,1.10097116608661E-14,-5.80000000000001));
#4067=CARTESIAN_POINT('Origin',(-4.,3.,-4.8));
#4068=CARTESIAN_POINT('',(-4.,3.,-4.8));
#4069=CARTESIAN_POINT('',(-4.,3.,-4.8));
#4070=CARTESIAN_POINT('',(-4.,3.,-6.8));
#4071=CARTESIAN_POINT('',(-4.,3.,-4.8));
#4072=CARTESIAN_POINT('',(-4.,-6.,-6.8));
#4073=CARTESIAN_POINT('Origin',(-3.,-3.,-5.8));
#4074=CARTESIAN_POINT('',(-3.,-3.,-6.8));
#4075=CARTESIAN_POINT('',(-3.,-3.,-5.8));
#4076=CARTESIAN_POINT('',(-3.,2.,-6.8));
#4077=CARTESIAN_POINT('Origin',(3.,2.,-5.8));
#4078=CARTESIAN_POINT('',(3.,-3.,-6.8));
#4079=CARTESIAN_POINT('',(3.,-3.,-6.8));
#4080=CARTESIAN_POINT('',(3.,-3.,-5.8));
#4081=CARTESIAN_POINT('Origin',(2.77555756156289E-16,0.657894736842107,
-6.8));
#4082=CARTESIAN_POINT('',(-3.,-3.,-6.8));
#4083=CARTESIAN_POINT('',(4.,3.,-6.8));
#4084=CARTESIAN_POINT('',(-4.,3.,-6.8));
#4085=CARTESIAN_POINT('',(4.,3.,-6.8));
#4086=CARTESIAN_POINT('',(4.,-3.,-6.8));
#4087=CARTESIAN_POINT('',(4.,3.,-6.8));
#4088=CARTESIAN_POINT('',(4.,-3.,-6.8));
#4089=CARTESIAN_POINT('',(3.,2.,-6.8));
#4090=CARTESIAN_POINT('',(3.,-3.,-6.8));
#4091=CARTESIAN_POINT('',(-3.,2.,-6.8));
#4092=CARTESIAN_POINT('',(3.,2.,-6.8));
#4093=CARTESIAN_POINT('',(-3.,2.,-6.8));
#4094=CARTESIAN_POINT('Origin',(4.,-6.,-4.8));
#4095=CARTESIAN_POINT('',(4.,3.,-4.8));
#4096=CARTESIAN_POINT('',(4.,3.,-4.8));
#4097=CARTESIAN_POINT('',(4.,-6.,-4.8));
#4098=CARTESIAN_POINT('Origin',(4.,-6.,-4.8));
#4099=CARTESIAN_POINT('',(4.,-3.,-5.8));
#4100=CARTESIAN_POINT('',(4.,-6.,-4.8));
#4101=CARTESIAN_POINT('Origin',(4.30000000000001,6.,-3.8));
#4102=CARTESIAN_POINT('',(4.30000000000001,6.,-4.8));
#4103=CARTESIAN_POINT('',(4.30000000000001,3.,-4.8));
#4104=CARTESIAN_POINT('',(4.30000000000001,6.,-19.8));
#4105=CARTESIAN_POINT('',(4.30000000000001,6.,-3.8));
#4106=CARTESIAN_POINT('',(4.30000000000001,-7.,-19.8));
#4107=CARTESIAN_POINT('',(4.30000000000001,-10.,-19.8));
#4108=CARTESIAN_POINT('',(4.30000000000001,-7.,-13.8));
#4109=CARTESIAN_POINT('Origin',(4.30000000000001,-7.,-16.8));
#4110=CARTESIAN_POINT('',(4.3,-6.,-12.8));
#4111=CARTESIAN_POINT('Origin',(4.30000000000001,-7.,-12.8));
#4112=CARTESIAN_POINT('',(4.3,-6.,-4.8));
#4113=CARTESIAN_POINT('',(4.3,-6.,-3.8));
#4114=CARTESIAN_POINT('',(4.30000000000001,3.,-4.8));
#4115=CARTESIAN_POINT('Origin',(5.3,-6.,-2.8));
#4116=CARTESIAN_POINT('',(5.3,-6.,-4.8));
#4117=CARTESIAN_POINT('',(5.3,-3.,-4.8));
#4118=CARTESIAN_POINT('',(5.3,-6.,-12.8));
#4119=CARTESIAN_POINT('',(5.3,-6.,-2.8));
#4120=CARTESIAN_POINT('',(5.3,-7.,-13.8));
#4121=CARTESIAN_POINT('Origin',(5.3,-7.,-12.8));
#4122=CARTESIAN_POINT('',(5.3,-7.,-19.8));
#4123=CARTESIAN_POINT('Origin',(5.3,-7.,-16.8));
#4124=CARTESIAN_POINT('',(5.3,6.,-19.8));
#4125=CARTESIAN_POINT('',(5.3,6.,-19.8));
#4126=CARTESIAN_POINT('',(5.3,6.,-4.8));
#4127=CARTESIAN_POINT('',(5.3,6.,-2.8));
#4128=CARTESIAN_POINT('',(5.3,-3.,-4.8));
#4129=CARTESIAN_POINT('Origin',(-4.30000000000001,-6.,-3.8));
#4130=CARTESIAN_POINT('',(-4.30000000000001,-6.,-4.8));
#4131=CARTESIAN_POINT('',(-4.30000000000001,-3.,-4.8));
#4132=CARTESIAN_POINT('',(-4.30000000000001,-6.,-12.8));
#4133=CARTESIAN_POINT('',(-4.30000000000001,-6.,-3.8));
#4134=CARTESIAN_POINT('',(-4.30000000000001,-7.,-13.8));
#4135=CARTESIAN_POINT('Origin',(-4.30000000000001,-7.,-12.8));
#4136=CARTESIAN_POINT('',(-4.30000000000001,-7.,-19.8));
#4137=CARTESIAN_POINT('Origin',(-4.3,-7.,-16.8));
#4138=CARTESIAN_POINT('',(-4.3,6.,-19.8));
#4139=CARTESIAN_POINT('',(-4.3,6.,-19.8));
#4140=CARTESIAN_POINT('',(-4.3,6.,-4.8));
#4141=CARTESIAN_POINT('',(-4.3,6.,-3.8));
#4142=CARTESIAN_POINT('',(-4.30000000000001,-3.,-4.8));
#4143=CARTESIAN_POINT('Origin',(-4.,-3.,-5.8));
#4144=CARTESIAN_POINT('Origin',(-3.,-3.,-5.8));
#4145=CARTESIAN_POINT('',(-3.,2.,-5.8));
#4146=CARTESIAN_POINT('',(-3.,2.,-5.8));
#4147=CARTESIAN_POINT('',(-3.,-2.25,-5.8));
#4148=CARTESIAN_POINT('Origin',(-3.,2.,-5.8));
#4149=CARTESIAN_POINT('',(3.,2.,-5.8));
#4150=CARTESIAN_POINT('',(3.,2.,-5.8));
#4151=CARTESIAN_POINT('',(-1.5,2.,-5.8));
#4152=CARTESIAN_POINT('Origin',(3.,2.,-5.8));
#4153=CARTESIAN_POINT('',(3.,0.250000000000001,-5.8));
#4154=CARTESIAN_POINT('Origin',(3.,-3.,-5.8));
#4155=CARTESIAN_POINT('Origin',(-1.38777878078145E-16,-1.5,-4.8));
#4156=CARTESIAN_POINT('',(4.,3.,-4.8));
#4157=CARTESIAN_POINT('',(-2.,2.44929359829471E-16,-4.8));
#4158=CARTESIAN_POINT('Origin',(1.60370032748973E-32,-1.20397769790417E-31,
-4.8));
#4159=CARTESIAN_POINT('Origin',(1.60370032748973E-32,-1.20397769790417E-31,
-4.8));
#4160=CARTESIAN_POINT('Origin',(4.,3.,-4.8));
#4161=CARTESIAN_POINT('Origin',(0.,-1.5,-5.8));
#4162=CARTESIAN_POINT('Origin',(1.60370032748973E-32,-5.87680115700251E-32,
-3.8));
#4163=CARTESIAN_POINT('',(-2.,2.44929359829471E-16,-3.8));
#4164=CARTESIAN_POINT('',(-2.,2.44929359829471E-16,-3.8));
#4165=CARTESIAN_POINT('Origin',(1.60370032748973E-32,-5.87680115700251E-32,
-3.8));
#4166=CARTESIAN_POINT('Origin',(3.3,3.,-4.8));
#4167=CARTESIAN_POINT('',(3.30000000000001,6.,-3.8));
#4168=CARTESIAN_POINT('Origin',(3.30000000000001,6.,-4.8));
#4169=CARTESIAN_POINT('',(3.3,-6.,-3.8));
#4170=CARTESIAN_POINT('Origin',(3.3,-6.00000000000001,-4.8));
#4171=CARTESIAN_POINT('',(3.3,3.,-3.8));
#4172=CARTESIAN_POINT('Origin',(3.3,-3.,-4.8));
#4173=CARTESIAN_POINT('',(3.3,-2.26053091109146,-2.8));
#4174=CARTESIAN_POINT('',(3.3,2.26053091109146,-2.8));
#4175=CARTESIAN_POINT('Ctrl Pts',(3.3,-2.26053091109146,-2.8));
#4176=CARTESIAN_POINT('Ctrl Pts',(3.47469196184689,-2.00550963654654,-2.8));
#4177=CARTESIAN_POINT('Ctrl Pts',(3.62341214272127,-1.72368039621224,-2.82292897854002));
#4178=CARTESIAN_POINT('Ctrl Pts',(3.91294909118178,-0.966102395035783,-2.88766634019789));
#4179=CARTESIAN_POINT('Ctrl Pts',(4.,-0.468307983305792,-2.92650060048048));
#4180=CARTESIAN_POINT('Ctrl Pts',(4.,0.468307983305791,-2.92650060048048));
#4181=CARTESIAN_POINT('Ctrl Pts',(3.91294909118178,0.966102395035783,-2.88766634019789));
#4182=CARTESIAN_POINT('Ctrl Pts',(3.62341214272127,1.72368039621224,-2.82292897854002));
#4183=CARTESIAN_POINT('Ctrl Pts',(3.47469196184689,2.00550963654654,-2.8));
#4184=CARTESIAN_POINT('Ctrl Pts',(3.3,2.26053091109146,-2.8));
#4185=CARTESIAN_POINT('',(3.3,-6.,-2.8));
#4186=CARTESIAN_POINT('',(3.3,-3.,-2.8));
#4187=CARTESIAN_POINT('Origin',(3.3,-6.,-4.8));
#4188=CARTESIAN_POINT('',(3.30000000000001,6.,-2.8));
#4189=CARTESIAN_POINT('Origin',(3.30000000000001,6.,-4.8));
#4190=CARTESIAN_POINT('',(3.3,-3.,-2.8));
#4191=CARTESIAN_POINT('Origin',(5.3,6.,-2.8));
#4192=CARTESIAN_POINT('',(4.30000000000001,6.,-19.8));
#4193=CARTESIAN_POINT('',(-3.3,6.,-3.8));
#4194=CARTESIAN_POINT('',(5.3,6.,-3.8));
#4195=CARTESIAN_POINT('Origin',(-3.3,6.,-4.8));
#4196=CARTESIAN_POINT('',(-5.3,6.,-19.8));
#4197=CARTESIAN_POINT('',(-3.3,6.,-2.8));
#4198=CARTESIAN_POINT('Origin',(-3.3,6.,-4.8));
#4199=CARTESIAN_POINT('',(5.3,6.,-2.8));
#4200=CARTESIAN_POINT('Origin',(0.,-1.43176790705883E-15,-2.8));
#4201=CARTESIAN_POINT('',(-3.3,-2.26053091109146,-2.8));
#4202=CARTESIAN_POINT('Origin',(0.,0.,-2.8));
#4203=CARTESIAN_POINT('',(-3.3,-6.,-2.8));
#4204=CARTESIAN_POINT('',(-3.3,3.,-2.8));
#4205=CARTESIAN_POINT('',(-5.3,-6.,-2.8));
#4206=CARTESIAN_POINT('Origin',(-5.3,-6.,-2.8));
#4207=CARTESIAN_POINT('Origin',(-3.3,-6.,-4.8));
#4208=CARTESIAN_POINT('',(-5.05,-6.,-12.8));
#4209=CARTESIAN_POINT('',(-3.30000000000001,-6.,-3.8));
#4210=CARTESIAN_POINT('Origin',(-3.30000000000001,-6.,-4.8));
#4211=CARTESIAN_POINT('',(-5.3,-6.,-3.8));
#4212=CARTESIAN_POINT('',(-0.249999999999999,-6.,-12.8));
#4213=CARTESIAN_POINT('Origin',(-3.3,3.,-4.8));
#4214=CARTESIAN_POINT('',(-3.3,2.26053091109146,-2.8));
#4215=CARTESIAN_POINT('',(-4.,4.89858719658941E-16,-2.92650060048048));
#4216=CARTESIAN_POINT('Ctrl Pts',(-3.3,2.26053091109146,-2.8));
#4217=CARTESIAN_POINT('Ctrl Pts',(-3.47469196184689,2.00550963654654,-2.8));
#4218=CARTESIAN_POINT('Ctrl Pts',(-3.62341214272127,1.72368039621225,-2.82292897854002));
#4219=CARTESIAN_POINT('Ctrl Pts',(-3.91294909118178,0.966102395035784,-2.88766634019789));
#4220=CARTESIAN_POINT('Ctrl Pts',(-4.,0.468307983305792,-2.92650060048048));
#4221=CARTESIAN_POINT('Ctrl Pts',(-4.,-3.46944695195361E-16,-2.92650060048048));
#4222=CARTESIAN_POINT('',(-3.3,3.,-2.8));
#4223=CARTESIAN_POINT('Ctrl Pts',(-4.,6.93889390390723E-17,-2.92650060048048));
#4224=CARTESIAN_POINT('Ctrl Pts',(-4.,-0.468307983305791,-2.92650060048048));
#4225=CARTESIAN_POINT('Ctrl Pts',(-3.91294909118178,-0.966102395035783,
-2.88766634019789));
#4226=CARTESIAN_POINT('Ctrl Pts',(-3.62341214272127,-1.72368039621225,-2.82292897854002));
#4227=CARTESIAN_POINT('Ctrl Pts',(-3.47469196184689,-2.00550963654654,-2.8));
#4228=CARTESIAN_POINT('Ctrl Pts',(-3.3,-2.26053091109146,-2.8));
#4229=CARTESIAN_POINT('Origin',(-3.3,-3.,-4.8));
#4230=CARTESIAN_POINT('',(-3.3,-3.,-3.8));
#4231=CARTESIAN_POINT('Origin',(-5.05,-7.,-12.8));
#4232=CARTESIAN_POINT('',(-5.05000000000001,-7.,-13.8));
#4233=CARTESIAN_POINT('Origin',(-0.249999999999999,-7.,-12.8));
#4234=CARTESIAN_POINT('',(4.55000000000001,-7.,-13.8));
#4235=CARTESIAN_POINT('Origin',(4.55000000000001,-7.,-16.8));
#4236=CARTESIAN_POINT('',(4.55000000000001,-7.,-19.8));
#4237=CARTESIAN_POINT('Origin',(4.80000000000001,-8.,-19.8));
#4238=CARTESIAN_POINT('Origin',(-4.80000000000001,-8.,-19.8));
#4239=CARTESIAN_POINT('',(-5.05000000000001,-7.,-19.8));
#4240=CARTESIAN_POINT('Origin',(-5.05000000000001,-7.,-16.8));
#4241=CARTESIAN_POINT('Origin',(0.,-1.43176790705883E-15,-2.8));
#4242=CARTESIAN_POINT('Origin',(0.,0.,-2.8));
#4243=CARTESIAN_POINT('Origin',(0.,-1.43176790705883E-15,-3.8));
#4244=CARTESIAN_POINT('Origin',(0.,0.,-2.));
#4245=CARTESIAN_POINT('',(-4.,4.89858719658941E-16,-2.));
#4246=CARTESIAN_POINT('',(-4.,4.89858719658941E-16,-2.));
#4247=CARTESIAN_POINT('Origin',(0.,0.,-2.));
#4248=CARTESIAN_POINT('Origin',(1.80411241501588E-15,5.55111512312578E-16,
0.));
#4249=CARTESIAN_POINT('',(7.19286722586276E-15,6.92820323027551,0.));
#4250=CARTESIAN_POINT('',(-6.,3.46410161513776,0.));
#4251=CARTESIAN_POINT('',(7.19286722586276E-15,6.92820323027551,0.));
#4252=CARTESIAN_POINT('',(-6.,-3.46410161513775,0.));
#4253=CARTESIAN_POINT('',(-6.,3.46410161513776,0.));
#4254=CARTESIAN_POINT('',(-1.48562698989907E-15,-6.92820323027551,0.));
#4255=CARTESIAN_POINT('',(-6.,-3.46410161513775,0.));
#4256=CARTESIAN_POINT('',(6.,-3.46410161513776,0.));
#4257=CARTESIAN_POINT('',(-1.48562698989907E-15,-6.92820323027551,0.));
#4258=CARTESIAN_POINT('',(6.,3.46410161513775,0.));
#4259=CARTESIAN_POINT('',(6.,-3.46410161513776,0.));
#4260=CARTESIAN_POINT('',(6.,3.46410161513775,0.));
#4261=CARTESIAN_POINT('',(4.,4.89858719658941E-16,0.));
#4262=CARTESIAN_POINT('Origin',(0.,0.,0.));
#4263=CARTESIAN_POINT('Origin',(-6.,3.46410161513776,0.));
#4264=CARTESIAN_POINT('',(-6.,3.46410161513776,-2.));
#4265=CARTESIAN_POINT('',(-6.,-3.46410161513775,-2.));
#4266=CARTESIAN_POINT('',(-6.,3.46410161513776,-2.));
#4267=CARTESIAN_POINT('',(-6.,-3.46410161513775,0.));
#4268=CARTESIAN_POINT('',(-6.,3.46410161513776,0.));
#4269=CARTESIAN_POINT('Origin',(-6.,-3.46410161513775,0.));
#4270=CARTESIAN_POINT('',(-1.48562698989907E-15,-6.92820323027551,-2.));
#4271=CARTESIAN_POINT('',(-6.,-3.46410161513775,-2.));
#4272=CARTESIAN_POINT('',(-1.48562698989907E-15,-6.92820323027551,0.));
#4273=CARTESIAN_POINT('Origin',(-1.48562698989907E-15,-6.92820323027551,
0.));
#4274=CARTESIAN_POINT('',(6.,-3.46410161513776,-2.));
#4275=CARTESIAN_POINT('',(-1.48562698989907E-15,-6.92820323027551,-2.));
#4276=CARTESIAN_POINT('',(6.,-3.46410161513776,0.));
#4277=CARTESIAN_POINT('Origin',(6.,-3.46410161513776,0.));
#4278=CARTESIAN_POINT('',(6.,3.46410161513775,-2.));
#4279=CARTESIAN_POINT('',(6.,-3.46410161513776,-2.));
#4280=CARTESIAN_POINT('',(6.,3.46410161513775,0.));
#4281=CARTESIAN_POINT('Origin',(6.,3.46410161513775,0.));
#4282=CARTESIAN_POINT('',(7.19286722586276E-15,6.92820323027551,-2.));
#4283=CARTESIAN_POINT('',(6.,3.46410161513775,-2.));
#4284=CARTESIAN_POINT('',(7.19286722586276E-15,6.92820323027551,0.));
#4285=CARTESIAN_POINT('Origin',(7.19286722586276E-15,6.92820323027551,0.));
#4286=CARTESIAN_POINT('',(7.19286722586276E-15,6.92820323027551,-2.));
#4287=CARTESIAN_POINT('Origin',(1.94289029309402E-15,4.92030658640694E-16,
-2.));
#4288=CARTESIAN_POINT('Origin',(0.,0.,6.75));
#4289=CARTESIAN_POINT('',(4.,4.89842541528951E-16,6.5));
#4290=CARTESIAN_POINT('Origin',(0.,0.,6.5));
#4291=CARTESIAN_POINT('',(3.5,-4.28612223837832E-16,7.));
#4292=CARTESIAN_POINT('',(3.75,-4.59242549680257E-16,6.75));
#4293=CARTESIAN_POINT('Origin',(0.,0.,7.));
#4294=CARTESIAN_POINT('Origin',(0.,0.,0.));
#4295=CARTESIAN_POINT('',(4.,4.89858719658941E-16,0.));
#4296=CARTESIAN_POINT('Origin',(0.,0.,7.));
#4297=CARTESIAN_POINT('Origin',(3.57499999999996,-13.3,-18.8));
#4298=CARTESIAN_POINT('',(4.24999999999999,-13.3,-19.8));
#4299=CARTESIAN_POINT('',(4.24999999999999,-14.3,-18.8));
#4300=CARTESIAN_POINT('Origin',(4.25000000000001,-13.3,-18.8));
#4301=CARTESIAN_POINT('',(3.34999999999999,-14.3,-18.8));
#4302=CARTESIAN_POINT('',(3.57499999999996,-14.3,-18.8));
#4303=CARTESIAN_POINT('',(3.34999999999999,-13.3,-19.8));
#4304=CARTESIAN_POINT('Origin',(3.34999999999981,-13.3,-18.8));
#4305=CARTESIAN_POINT('',(3.57499999999994,-13.3,-19.8));
#4306=CARTESIAN_POINT('Origin',(3.80000000000001,-14.3,-13.8));
#4307=CARTESIAN_POINT('',(4.25000000000002,-14.3,-8.80000000000001));
#4308=CARTESIAN_POINT('',(4.24999999999999,-14.3,-19.8));
#4309=CARTESIAN_POINT('',(3.35000000000002,-14.3,-8.8));
#4310=CARTESIAN_POINT('',(4.02500000000004,-14.3,-8.80000000000001));
#4311=CARTESIAN_POINT('',(3.35000000000002,-14.3,-7.80000000000001));
#4312=CARTESIAN_POINT('Origin',(4.24999999999999,-14.3,-19.8));
#4313=CARTESIAN_POINT('',(4.24999999999999,5.,-19.8));
#4314=CARTESIAN_POINT('',(4.24999999999999,-14.3,-19.8));
#4315=CARTESIAN_POINT('',(4.24999999999999,6.,-18.8));
#4316=CARTESIAN_POINT('Origin',(4.25000000000001,5.,-18.8));
#4317=CARTESIAN_POINT('',(4.25000000000002,6.,-8.80000000000001));
#4318=CARTESIAN_POINT('',(4.25,6.,-16.8));
#4319=CARTESIAN_POINT('',(4.25000000000002,5.,-7.80000000000001));
#4320=CARTESIAN_POINT('Origin',(4.25000000000014,5.,-8.80000000000001));
#4321=CARTESIAN_POINT('',(4.25000000000002,-13.3,-7.80000000000001));
#4322=CARTESIAN_POINT('',(4.25000000000002,-14.3,-7.80000000000001));
#4323=CARTESIAN_POINT('Origin',(4.25000000000014,-13.3,-8.80000000000001));
#4324=CARTESIAN_POINT('Origin',(3.57499999999996,5.,-18.8));
#4325=CARTESIAN_POINT('',(3.34999999999999,5.,-19.8));
#4326=CARTESIAN_POINT('',(3.57499999999994,5.,-19.8));
#4327=CARTESIAN_POINT('',(3.34999999999999,6.,-18.8));
#4328=CARTESIAN_POINT('Origin',(3.34999999999981,5.,-18.8));
#4329=CARTESIAN_POINT('',(3.57499999999996,6.,-18.8));
#4330=CARTESIAN_POINT('Origin',(3.80000000000001,6.,-13.8));
#4331=CARTESIAN_POINT('',(3.35000000000002,6.,-8.8));
#4332=CARTESIAN_POINT('',(3.35000000000001,6.,-10.8));
#4333=CARTESIAN_POINT('',(4.02500000000004,6.,-8.80000000000001));
#4334=CARTESIAN_POINT('Origin',(3.35000000000002,-14.3,-7.80000000000001));
#4335=CARTESIAN_POINT('',(3.35000000000002,-13.3,-7.80000000000001));
#4336=CARTESIAN_POINT('Origin',(3.35000000000001,-13.3,-8.8));
#4337=CARTESIAN_POINT('',(3.35000000000002,5.,-7.80000000000001));
#4338=CARTESIAN_POINT('',(3.35000000000002,-14.3,-7.80000000000001));
#4339=CARTESIAN_POINT('Origin',(3.35000000000001,5.,-8.8));
#4340=CARTESIAN_POINT('',(3.34999999999999,-14.3,-19.8));
#4341=CARTESIAN_POINT('Origin',(4.02500000000004,5.,-8.80000000000001));
#4342=CARTESIAN_POINT('',(4.02500000000006,5.,-7.80000000000001));
#4343=CARTESIAN_POINT('Origin',(4.25000000000002,-14.3,-7.80000000000001));
#4344=CARTESIAN_POINT('',(4.02500000000005,-13.3,-7.80000000000001));
#4345=CARTESIAN_POINT('Origin',(4.02500000000004,-13.3,-8.80000000000001));
#4346=CARTESIAN_POINT('Origin',(3.34999999999999,-14.3,-19.8));
#4347=CARTESIAN_POINT('',(1.36002320516582E-15,5.55111512312578E-16,3.));
#4348=CARTESIAN_POINT('',(8.88178419700125E-17,0.,0.));
#4349=UNCERTAINTY_MEASURE_WITH_UNIT(LENGTH_MEASURE(0.01),#4357,
'DISTANCE_ACCURACY_VALUE',
'Maximum model space distance between geometric entities at asserted c
onnectivities');
#4350=UNCERTAINTY_MEASURE_WITH_UNIT(LENGTH_MEASURE(0.01),#4357,
'DISTANCE_ACCURACY_VALUE',
'Maximum model space distance between geometric entities at asserted c
onnectivities');
#4351=UNCERTAINTY_MEASURE_WITH_UNIT(LENGTH_MEASURE(0.01),#4357,
'DISTANCE_ACCURACY_VALUE',
'Maximum model space distance between geometric entities at asserted c
onnectivities');
#4352=UNCERTAINTY_MEASURE_WITH_UNIT(LENGTH_MEASURE(0.01),#4357,
'DISTANCE_ACCURACY_VALUE',
'Maximum model space distance between geometric entities at asserted c
onnectivities');
#4353=(
GEOMETRIC_REPRESENTATION_CONTEXT(3)
GLOBAL_UNCERTAINTY_ASSIGNED_CONTEXT((#4349))
GLOBAL_UNIT_ASSIGNED_CONTEXT((#4357,#4359,#4360))
REPRESENTATION_CONTEXT('','3D')
);
#4354=(
GEOMETRIC_REPRESENTATION_CONTEXT(3)
GLOBAL_UNCERTAINTY_ASSIGNED_CONTEXT((#4350))
GLOBAL_UNIT_ASSIGNED_CONTEXT((#4357,#4359,#4360))
REPRESENTATION_CONTEXT('','3D')
);
#4355=(
GEOMETRIC_REPRESENTATION_CONTEXT(3)
GLOBAL_UNCERTAINTY_ASSIGNED_CONTEXT((#4351))
GLOBAL_UNIT_ASSIGNED_CONTEXT((#4357,#4359,#4360))
REPRESENTATION_CONTEXT('','3D')
);
#4356=(
GEOMETRIC_REPRESENTATION_CONTEXT(3)
GLOBAL_UNCERTAINTY_ASSIGNED_CONTEXT((#4352))
GLOBAL_UNIT_ASSIGNED_CONTEXT((#4357,#4359,#4360))
REPRESENTATION_CONTEXT('','3D')
);
#4357=(
LENGTH_UNIT()
NAMED_UNIT(*)
SI_UNIT(.MILLI.,.METRE.)
);
#4358=(
LENGTH_UNIT()
NAMED_UNIT(*)
SI_UNIT(.CENTI.,.METRE.)
);
#4359=(
NAMED_UNIT(*)
PLANE_ANGLE_UNIT()
SI_UNIT($,.RADIAN.)
);
#4360=(
NAMED_UNIT(*)
SI_UNIT($,.STERADIAN.)
SOLID_ANGLE_UNIT()
);
#4361=SHAPE_DEFINITION_REPRESENTATION(#4364,#4369);
#4362=SHAPE_DEFINITION_REPRESENTATION(#4365,#4370);
#4363=SHAPE_DEFINITION_REPRESENTATION(#4366,#4371);
#4364=PRODUCT_DEFINITION_SHAPE('',$,#4373);
#4365=PRODUCT_DEFINITION_SHAPE('',$,#4374);
#4366=PRODUCT_DEFINITION_SHAPE('',$,#4375);
#4367=PRODUCT_DEFINITION_SHAPE($,$,#17);
#4368=PRODUCT_DEFINITION_SHAPE($,$,#18);
#4369=SHAPE_REPRESENTATION('',(#2579,#2827,#2828),#4353);
#4370=SHAPE_REPRESENTATION('',(#2580),#4354);
#4371=SHAPE_REPRESENTATION('',(#2600),#4355);
#4372=PRODUCT_DEFINITION_CONTEXT('part definition',#4383,'design');
#4373=PRODUCT_DEFINITION('Tumbler MT1 OYUO.360.016 TU',
'Tumbler MT1 OYUO.360.016 TU',#4376,#4372);
#4374=PRODUCT_DEFINITION('shayba&gayka','shayba&gayka',#4377,#4372);
#4375=PRODUCT_DEFINITION('Tumbler MT1 OYUO.360.016 TU_1',
'Tumbler MT1 OYUO.360.016 TU',#4378,#4372);
#4376=PRODUCT_DEFINITION_FORMATION('',$,#4385);
#4377=PRODUCT_DEFINITION_FORMATION('',$,#4386);
#4378=PRODUCT_DEFINITION_FORMATION('',$,#4387);
#4379=PRODUCT_RELATED_PRODUCT_CATEGORY('Tumbler MT1 OYUO.360.016 TU',
'Tumbler MT1 OYUO.360.016 TU',(#4385));
#4380=PRODUCT_RELATED_PRODUCT_CATEGORY('shayba&gayka','shayba&gayka',(#4386));
#4381=PRODUCT_RELATED_PRODUCT_CATEGORY('Tumbler MT1 OYUO.360.016 TU',
'Tumbler MT1 OYUO.360.016 TU',(#4387));
#4382=APPLICATION_PROTOCOL_DEFINITION('international standard',
'automotive_design',2009,#4383);
#4383=APPLICATION_CONTEXT(
'Core Data for Automotive Mechanical Design Process');
#4384=PRODUCT_CONTEXT('part definition',#4383,'mechanical');
#4385=PRODUCT('Tumbler MT1 OYUO.360.016 TU',
'Tumbler MT1 OYUO.360.016 TU','\X2\04220443043C0431043B04350440\X0\ \X2\041C0422\X0\1',
(#4384));
#4386=PRODUCT('shayba&gayka','shayba&gayka',$,(#4384));
#4387=PRODUCT('Tumbler MT1 OYUO.360.016 TU_1',
'Tumbler MT1 OYUO.360.016 TU','\X2\04220443043C0431043B04350440\X0\ \X2\041C0422\X0\1',
(#4384));
ENDSEC;
END-ISO-10303-21;
